,tas_anom,error,period,period_idx
4,14.0,4.0,eocene,0
3,3.25,0.75,midPliocene-eoi400,1
0,1.021866349731268,1.2557239765369212,lig127k,2
2,-6.0,1.0,lgm,3
0,0.43914525171041313,0.024575965798273258,midHolocene,4
