model,variable,metric,year,global,northern_hemisphere,southern_hemisphere,tropics
ACCESS-CM2,clt,MAE,2005,14.004870255788168,14.051665703455608,13.958078304926554,14.450331370035808
ACCESS-CM2,clt,MAE,2006,13.70001514752706,13.685184876124064,13.714848518371582,14.300687154134115
ACCESS-CM2,clt,MAE,2007,13.885812362035116,13.8904078801473,13.881219863891602,14.41234310468038
ACCESS-CM2,clt,MAE,2008,14.018228928248089,14.191586256027222,13.844874064127604,14.589839776357016
ACCESS-CM2,clt,MAE,2009,13.838771184285482,13.701466719309488,13.976078828175863,14.201297044754028
ACCESS-CM2,clt,MAE,2010,14.049112319946287,13.97762926419576,14.120598395665487,14.751876274744667
ACCESS-CM2,clt,MAE,2011,14.450389305750528,14.575600306193031,14.325181245803831,15.071314175923666
ACCESS-CM2,clt,MAE,2012,13.692376057306925,13.843879302342732,13.540875593821209,14.116971731185911
ACCESS-CM2,clt,MAE,2013,13.804534276326498,13.918578465779625,13.69049334526062,14.139120499293009
ACCESS-CM2,clt,MAE,2014,13.635610183080038,13.590245167414349,13.680978775024414,13.933219273885092
ACCESS-CM2,clt,MAE,2015,13.551392237345375,13.635542233784994,13.467246135075888,14.050806204477944
ACCESS-CM2,clt,MAE,2016,13.623344262441,13.666953245798746,13.5797385374705,13.914692401885986
ACCESS-CM2,clt,MAE,2017,13.429293394088743,13.360058784484863,13.498531023661297,14.114510774612429
ACCESS-CM2,clt,MAE,2018,13.550662914911904,13.584655284881592,13.516674121220907,14.101515372594198
ACCESS-CM2,clt,MAE,2019,13.412662665049234,13.221379041671751,13.603948911031088,13.69151226679484
ACCESS-CM2,clt,MAE,2020,13.941903591156006,13.909300406773886,13.974509477615356,14.711488882700602
ACCESS-CM2,clt,MAE,2021,14.05061093966166,13.973291873931885,14.127932866414389,14.5857781569163
ACCESS-CM2,clt,MAE,2022,13.946178356806437,13.892091592152914,14.00026806195577,14.83972748120626
ACCESS-CM2,clt,MAE,2023,13.486722389856974,13.44426727294922,13.529180685679115,13.888202428817747
ACCESS-CM2,clt,MAE,2024,13.805032968521118,13.354527314503988,14.255542039871216,14.523658514022827
ACCESS-CM2,clt,RMSE,2005,19.28529246648153,18.16779923439026,20.196224689483643,17.973703861236572
ACCESS-CM2,clt,RMSE,2006,19.044373989105225,17.697589953740437,20.206026713053387,17.902085940043133
ACCESS-CM2,clt,RMSE,2007,19.2604923248291,17.919482866923016,20.408993244171143,17.939270973205566
ACCESS-CM2,clt,RMSE,2008,19.44292640686035,18.35218699773153,20.372092088063557,18.27645079294841
ACCESS-CM2,clt,RMSE,2009,19.26681327819824,18.004346529642742,20.282957235972088,17.7794926961263
ACCESS-CM2,clt,RMSE,2010,19.402757326761883,18.125691572825115,20.534754276275635,18.38577365875244
ACCESS-CM2,clt,RMSE,2011,19.82789945602417,18.708707491556805,20.80510489145915,18.76240650812785
ACCESS-CM2,clt,RMSE,2012,19.21651935577393,18.120648701985676,20.12007013956706,17.758680025736492
ACCESS-CM2,clt,RMSE,2013,19.306191285451252,18.293002446492512,20.12635612487793,17.677114725112915
ACCESS-CM2,clt,RMSE,2014,19.01633087793986,17.63578748703003,20.178599675496415,17.43552525838216
ACCESS-CM2,clt,RMSE,2015,18.740126768747967,17.580234050750732,19.73667510350545,17.525842030843098
ACCESS-CM2,clt,RMSE,2016,19.01726007461548,17.774669885635376,20.088112990061443,17.369528929392498
ACCESS-CM2,clt,RMSE,2017,18.667204062143963,17.27524995803833,19.90137767791748,17.53590766588847
ACCESS-CM2,clt,RMSE,2018,18.693966229756672,17.541606585184734,19.723333994547527,17.57715360323588
ACCESS-CM2,clt,RMSE,2019,18.802393436431885,17.28118109703064,20.114566802978516,17.135243892669678
ACCESS-CM2,clt,RMSE,2020,19.17465337117513,17.906483729680378,20.261645476023357,18.417434374491375
ACCESS-CM2,clt,RMSE,2021,19.301931381225582,17.93261392911275,20.48148838678996,18.207417329152424
ACCESS-CM2,clt,RMSE,2022,19.181355635325115,17.987515290578205,20.22549517949422,18.57995867729187
ACCESS-CM2,clt,RMSE,2023,18.6514147122701,17.45380663871765,19.6505225499471,17.32906134923299
ACCESS-CM2,clt,RMSE,2024,19.01537847518921,17.309349298477173,20.519410610198975,18.024747848510746
ACCESS-CM2,pr,MAE,2005,1.8356953660259023e-05,1.8281104075867916e-05,1.843280657946404e-05,2.5465808751808556e-05
ACCESS-CM2,pr,MAE,2006,1.8334343470390497e-05,1.8138384499858756e-05,1.8530305851527373e-05,2.542210389340956e-05
ACCESS-CM2,pr,MAE,2007,1.836216930920879e-05,1.805088891160267e-05,1.8673454481662095e-05,2.5397554964001756e-05
ACCESS-CM2,pr,MAE,2008,1.86347510862106e-05,1.8153512428398244e-05,1.9115993912540336e-05,2.589993831255318e-05
ACCESS-CM2,pr,MAE,2009,1.797508199767132e-05,1.7535719810742496e-05,1.84144479741614e-05,2.4994134037115145e-05
ACCESS-CM2,pr,MAE,2010,1.9434392773594784e-05,1.8960910059225473e-05,1.990787965648148e-05,2.7728055404926028e-05
ACCESS-CM2,pr,MAE,2011,1.883335213885099e-05,1.8707421001333085e-05,1.8959286838556484e-05,2.6427212257355375e-05
ACCESS-CM2,pr,MAE,2012,1.8414927884199035e-05,1.7747150119854876e-05,1.9082710196016706e-05,2.5523310190086097e-05
ACCESS-CM2,pr,MAE,2013,1.8487114327096304e-05,1.867661065565092e-05,1.829762110598191e-05,2.6065380552608985e-05
ACCESS-CM2,pr,MAE,2014,1.839946723218115e-05,1.824984769882576e-05,1.8549091616174945e-05,2.5634482578122213e-05
ACCESS-CM2,pr,MAE,2015,1.8409126520661328e-05,1.8417953773071833e-05,1.840030298202085e-05,2.574145567753779e-05
ACCESS-CM2,pr,MAE,2016,1.8221446831982273e-05,1.808378200015189e-05,1.835911515020901e-05,2.5174030724883775e-05
ACCESS-CM2,pr,MAE,2017,1.818332551313991e-05,1.787418500498461e-05,1.849247011402137e-05,2.533690970570509e-05
ACCESS-CM2,pr,MAE,2018,1.8188114305909647e-05,1.790079833578299e-05,1.847543452034491e-05,2.518358981736431e-05
ACCESS-CM2,pr,MAE,2019,1.806541376936366e-05,1.7737920188665157e-05,1.8392912124909344e-05,2.5260021478364553e-05
ACCESS-CM2,pr,MAE,2020,1.8665369225345785e-05,1.8424559736255713e-05,1.890618197345854e-05,2.6117849150371818e-05
ACCESS-CM2,pr,MAE,2021,1.9082736495571833e-05,1.8241248653794173e-05,1.9924228657449323e-05,2.6908089997353574e-05
ACCESS-CM2,pr,MAE,2022,1.9285237916240775e-05,1.8440648849112524e-05,2.0129831682424992e-05,2.7248888727626763e-05
ACCESS-CM2,pr,MAE,2023,1.8000109018127357e-05,1.793979580118806e-05,1.8060426100419136e-05,2.443837259609912e-05
ACCESS-CM2,pr,MAE,2024,1.8430528446818546e-05,1.7858473938758834e-05,1.9002585834944817e-05,2.5524067192842875e-05
ACCESS-CM2,pr,RMSE,2005,3.128894619900772e-05,3.055778779526008e-05,3.09140683990942e-05,4.1107122645674586e-05
ACCESS-CM2,pr,RMSE,2006,3.103864249472584e-05,2.9933771960107453e-05,3.0733486558650234e-05,4.068197025238381e-05
ACCESS-CM2,pr,RMSE,2007,3.096312912020949e-05,3.0212901947379575e-05,3.0548883842129726e-05,4.0541149549729503e-05
ACCESS-CM2,pr,RMSE,2008,3.1594391960728295e-05,2.997106154604505e-05,3.208352093982588e-05,4.139236110252872e-05
ACCESS-CM2,pr,RMSE,2009,3.0534478961878143e-05,2.929366549627351e-05,3.073699069015371e-05,4.0101646239539455e-05
ACCESS-CM2,pr,RMSE,2010,3.3509871021427294e-05,3.241917208166948e-05,3.364452459209133e-05,4.448600945276363e-05
ACCESS-CM2,pr,RMSE,2011,3.188592260509419e-05,3.1324530027632136e-05,3.145644222968258e-05,4.194734568348698e-05
ACCESS-CM2,pr,RMSE,2012,3.1490978926740354e-05,2.9737953809672035e-05,3.19943213374548e-05,4.132728008698905e-05
ACCESS-CM2,pr,RMSE,2013,3.154450284152214e-05,3.159836751365219e-05,3.0241882692886673e-05,4.164607313820549e-05
ACCESS-CM2,pr,RMSE,2014,3.105147804186951e-05,3.073892761070359e-05,3.021515779740487e-05,4.0776699582541674e-05
ACCESS-CM2,pr,RMSE,2015,3.1054923662547175e-05,3.0756711566937156e-05,3.0039590455999132e-05,4.082702162122587e-05
ACCESS-CM2,pr,RMSE,2016,3.132874371658545e-05,3.04704841861773e-05,3.07282369552316e-05,4.101738795725396e-05
ACCESS-CM2,pr,RMSE,2017,3.089465720525671e-05,3.0013444150730113e-05,3.0639026590506546e-05,4.063277962510862e-05
ACCESS-CM2,pr,RMSE,2018,3.0582976099443236e-05,2.947139015911186e-05,3.0512584847504815e-05,4.005934200298119e-05
ACCESS-CM2,pr,RMSE,2019,3.090596525604875e-05,3.011345082389501e-05,3.045223820663523e-05,4.07789226907577e-05
ACCESS-CM2,pr,RMSE,2020,3.195707586201024e-05,3.0913445243641036e-05,3.181220593736119e-05,4.210132950296005e-05
ACCESS-CM2,pr,RMSE,2021,3.266784854834744e-05,3.0210012785876945e-05,3.3685093967505964e-05,4.311001824438184e-05
ACCESS-CM2,pr,RMSE,2022,3.300168706725041e-05,3.098531472763474e-05,3.3823722030016747e-05,4.364616082360347e-05
ACCESS-CM2,pr,RMSE,2023,3.0233825479323663e-05,2.9391131495989004e-05,2.965093775249746e-05,3.9318377275776584e-05
ACCESS-CM2,pr,RMSE,2024,3.124641428560911e-05,2.9667440079113774e-05,3.1264464269042946e-05,4.097227702004602e-05
ACCESS-CM2,tas,MAE,2005,1.725914553123839,1.9942678098016433,1.453293175066028,1.1894667492502489
ACCESS-CM2,tas,MAE,2006,1.6786129200058035,1.882507874179106,1.4723205407844435,1.122143594898084
ACCESS-CM2,tas,MAE,2007,1.7119158438396918,1.9132145426952485,1.508713937329004,1.1620952342899218
ACCESS-CM2,tas,MAE,2008,1.72376160654413,1.93706595962565,1.5068046508273585,1.1990774574674872
ACCESS-CM2,tas,MAE,2009,1.6198924912776729,1.8173226175537955,1.4206526965684256,1.1148761209614393
ACCESS-CM2,tas,MAE,2010,1.740191724163198,1.9631292011309032,1.5149309845341437,1.2128086095140571
ACCESS-CM2,tas,MAE,2011,1.762748858894463,2.0177522033143873,1.5049030884295629,1.2807242074352236
ACCESS-CM2,tas,MAE,2012,1.7864910265606522,2.001365573622053,1.568348197957512,1.235028561418896
ACCESS-CM2,tas,MAE,2013,1.7091428570103748,1.9253501280248475,1.49014892357949,1.1868114694197944
ACCESS-CM2,tas,MAE,2014,1.724698378796176,1.8858330484946928,1.5621856603446862,1.1462539517731682
ACCESS-CM2,tas,MAE,2015,1.6701347427723512,1.851972745794462,1.486630690165654,1.0963524157568934
ACCESS-CM2,tas,MAE,2016,1.7187437917780122,1.9862844151597376,1.4482231966775905,1.116365951297755
ACCESS-CM2,tas,MAE,2017,1.6992727092283928,1.8988262672437288,1.4980614686302267,1.1563771105379914
ACCESS-CM2,tas,MAE,2018,1.7318996717529151,1.9866863081420176,1.4743998674820658,1.1848735675236135
ACCESS-CM2,tas,MAE,2019,1.7024477311916464,1.9096881906457437,1.4929123483963425,1.158806732357318
ACCESS-CM2,tas,MAE,2020,1.688118167814436,1.9093537597124888,1.4639189840637978,1.1755221425204392
ACCESS-CM2,tas,MAE,2021,1.759387753875394,1.917292386822787,1.5990603530315843,1.2823185905412031
ACCESS-CM2,tas,MAE,2022,1.7729611267859295,1.9185302295692928,1.625109687450099,1.3281989063429565
ACCESS-CM2,tas,MAE,2023,1.6822650400372747,1.911191626671536,1.4487655649462248,1.1621119176226211
ACCESS-CM2,tas,MAE,2024,1.6944592934812068,1.9161279235380084,1.4696331582201918,1.1652368791755547
ACCESS-CM2,tas,RMSE,2005,2.61853810452787,2.8486674749919465,2.311209963416819,1.7239593720504054
ACCESS-CM2,tas,RMSE,2006,2.590403746920268,2.7555431724108814,2.369025022361578,1.6350551717405273
ACCESS-CM2,tas,RMSE,2007,2.63910359692906,2.81100090183553,2.4109735390520632,1.6859202505606072
ACCESS-CM2,tas,RMSE,2008,2.6237725360182154,2.786959760010374,2.40480753861841,1.68460379535961
ACCESS-CM2,tas,RMSE,2009,2.529872459943037,2.670073022683178,2.3357897098169382,1.6534581335072993
ACCESS-CM2,tas,RMSE,2010,2.6763416960173125,2.8607736744815817,2.4348996049349956,1.7477124457472513
ACCESS-CM2,tas,RMSE,2011,2.667024796160325,2.8857257504524596,2.3856719201521988,1.7992384166632986
ACCESS-CM2,tas,RMSE,2012,2.69149451944457,2.885529224509536,2.435988249766455,1.742662035906581
ACCESS-CM2,tas,RMSE,2013,2.602753720713177,2.77704163591231,2.380083615357224,1.7135376082122666
ACCESS-CM2,tas,RMSE,2014,2.646302416070133,2.7709863879423344,2.482537076909554,1.6544573399285365
ACCESS-CM2,tas,RMSE,2015,2.567962204465045,2.695825836618999,2.399132739024816,1.6004436021216846
ACCESS-CM2,tas,RMSE,2016,2.682780856965321,2.932967777738218,2.350001053087744,1.6380613093884524
ACCESS-CM2,tas,RMSE,2017,2.6279763462160077,2.800203098285923,2.400046266635036,1.6803761619081188
ACCESS-CM2,tas,RMSE,2018,2.6424447176635417,2.873388132955648,2.339692347164982,1.674352178455952
ACCESS-CM2,tas,RMSE,2019,2.5960831013425247,2.7802248837586387,2.355696863606344,1.674973481783823
ACCESS-CM2,tas,RMSE,2020,2.547166791828308,2.760605195525469,2.2845392556654684,1.6862879505233903
ACCESS-CM2,tas,RMSE,2021,2.6213063506695633,2.725237493176647,2.48985364318791,1.7858224689801607
ACCESS-CM2,tas,RMSE,2022,2.633127278436804,2.708079040679442,2.542914030441722,1.8240847283079369
ACCESS-CM2,tas,RMSE,2023,2.5831030569805296,2.748288032483423,2.381230172554763,1.6649803910021743
ACCESS-CM2,tas,RMSE,2024,2.582901529659813,2.730267865678464,2.40280044693497,1.7004167110163724
ACCESS-CM2,tos,MAE,2005,1.0605522642532983,1.0741997063159945,1.0505350828170776,0.9059951106707256
ACCESS-CM2,tos,MAE,2006,1.0458154380321505,1.0259885291258497,1.0603678226470947,0.8870684305826823
ACCESS-CM2,tos,MAE,2007,1.0645872006813686,1.0470867604017258,1.077431897322337,0.899248073498408
ACCESS-CM2,tos,MAE,2008,1.1008779803911846,1.1409548620382943,1.0714620401461918,0.920981377363205
ACCESS-CM2,tos,MAE,2009,1.0149240642786026,1.0288532674312592,1.004699985186259,0.8527694940567017
ACCESS-CM2,tos,MAE,2010,1.0806466341018677,1.057108347614606,1.097922995686531,0.9488920122385024
ACCESS-CM2,tos,MAE,2011,1.1055533240238826,1.1242978870868685,1.0917948981126149,0.9920086512962976
ACCESS-CM2,tos,MAE,2012,1.129297787944476,1.1041880548000336,1.147727722922961,0.9497563441594442
ACCESS-CM2,tos,MAE,2013,1.08781964580218,1.0572044154008229,1.1102905124425888,0.9328977862993876
ACCESS-CM2,tos,MAE,2014,1.0998457471529643,1.0313590218623478,1.1501135975122452,0.9162722378969193
ACCESS-CM2,tos,MAE,2015,1.0646368364493053,1.0669929534196854,1.062907303373019,0.8653864562511444
ACCESS-CM2,tos,MAE,2016,1.06494203209877,1.0819165507952373,1.0524828185637791,0.8690991699695587
ACCESS-CM2,tos,MAE,2017,1.0482896566390991,1.0283229996760683,1.062944655617078,0.883638913432757
ACCESS-CM2,tos,MAE,2018,1.0913802335659664,1.1009236425161362,1.084375331799189,0.9395505984624228
ACCESS-CM2,tos,MAE,2019,1.0918074647585552,1.0758872379859288,1.1034925033648808,0.9337269564469656
ACCESS-CM2,tos,MAE,2020,1.1021859844525654,1.0863935301701229,1.1137771308422089,0.9438414722681046
ACCESS-CM2,tos,MAE,2021,1.136803885300954,1.090074747800827,1.171102101604144,0.9869277526934942
ACCESS-CM2,tos,MAE,2022,1.171332101027171,1.1241762240727742,1.2059433857599895,1.0401018212238948
ACCESS-CM2,tos,MAE,2023,1.058594574530919,1.0830203344424565,1.0406662821769714,0.8546389093001684
ACCESS-CM2,tos,MAE,2024,1.0762441406647365,1.1035054822762806,1.0562345037857692,0.8828530857960383
ACCESS-CM2,tos,RMSE,2005,1.4955576558907826,1.4876080652077992,1.4984722832838695,1.3320232927799225
ACCESS-CM2,tos,RMSE,2006,1.4494843184947968,1.4154258966445925,1.468186875184377,1.2478018204371135
ACCESS-CM2,tos,RMSE,2007,1.5139213701089222,1.473581959803899,1.53594767053922,1.318385273218155
ACCESS-CM2,tos,RMSE,2008,1.5238886574904125,1.5785902539889018,1.471116840839386,1.2855545282363892
ACCESS-CM2,tos,RMSE,2009,1.4232260982195537,1.4379311501979828,1.406907816727956,1.2319660782814026
ACCESS-CM2,tos,RMSE,2010,1.5193032324314115,1.4827084342638652,1.5387000441551208,1.3645810385545094
ACCESS-CM2,tos,RMSE,2011,1.548436184724172,1.5733112593491871,1.5245599150657654,1.4188354512055714
ACCESS-CM2,tos,RMSE,2012,1.567736307779948,1.5528295536835988,1.5668755571047466,1.357619007428487
ACCESS-CM2,tos,RMSE,2013,1.5475064913431804,1.4946962495644889,1.5773965617020924,1.3716037174065907
ACCESS-CM2,tos,RMSE,2014,1.5379347403844197,1.421839753786723,1.6102028091748557,1.3220933576424916
ACCESS-CM2,tos,RMSE,2015,1.484943429629008,1.467428336540858,1.4920584559440613,1.2411644160747528
ACCESS-CM2,tos,RMSE,2016,1.507333944241206,1.5277438163757324,1.4884422421455383,1.2416566809018452
ACCESS-CM2,tos,RMSE,2017,1.4975994129975636,1.4559978544712069,1.5199901064236958,1.3027585347493489
ACCESS-CM2,tos,RMSE,2018,1.520134190718333,1.520458271106084,1.5141901870568593,1.3374101122220357
ACCESS-CM2,tos,RMSE,2019,1.541015346844991,1.51094854871432,1.5582590301831565,1.3701191544532776
ACCESS-CM2,tos,RMSE,2020,1.5510004957516987,1.5516387820243835,1.5453575154145558,1.3699633578459425
ACCESS-CM2,tos,RMSE,2021,1.599170039097468,1.552439550558726,1.6238296329975128,1.413726876179377
ACCESS-CM2,tos,RMSE,2022,1.641715755065282,1.585492084423701,1.6735936999320984,1.492742230494817
ACCESS-CM2,tos,RMSE,2023,1.4847832222779591,1.52137158314387,1.4445367654164631,1.20650777220726
ACCESS-CM2,tos,RMSE,2024,1.5305974980195365,1.5554607510566711,1.50263978044192,1.2862321734428406
CESM2-WACCM,clt,MAE,2005,12.93859314918518,13.532039721806845,12.345147053400677,13.848698933919271
CESM2-WACCM,clt,MAE,2006,12.703868786493937,13.47456924120585,11.93316880861918,13.469973961512247
CESM2-WACCM,clt,MAE,2007,13.142921209335327,13.676788965861002,12.609052975972494,14.24837644894918
CESM2-WACCM,clt,MAE,2008,13.03133742014567,13.511213858922323,12.551460901896158,14.11998192469279
CESM2-WACCM,clt,MAE,2009,12.812757968902588,13.68684720993042,11.938669204711914,13.361623207728067
CESM2-WACCM,clt,MAE,2010,13.057953437169392,13.885537226994831,12.230369567871094,13.976858615875244
CESM2-WACCM,clt,MAE,2011,13.412890911102297,14.06696399052938,12.758818546930948,14.576921383539837
CESM2-WACCM,clt,MAE,2012,13.219662189483644,13.926465590794882,12.512858311335243,14.351629892985024
CESM2-WACCM,clt,MAE,2013,12.66113265355428,13.060047705968222,12.26221752166748,13.310551246007284
CESM2-WACCM,clt,MAE,2014,12.767393271128336,13.4636332988739,12.071152687072754,13.517299254735311
CESM2-WACCM,clt,MAE,2015,12.908987204233805,13.489871978759766,12.328102509180704,14.025070667266846
CESM2-WACCM,clt,MAE,2016,13.23106280962626,13.761358737945557,12.700766801834106,14.367595911026
CESM2-WACCM,clt,MAE,2017,12.898329099019367,13.604029734929403,12.192628939946491,14.363447825113932
CESM2-WACCM,clt,MAE,2018,12.955157121022545,13.503447850545248,12.40686615308126,14.23890471458435
CESM2-WACCM,clt,MAE,2019,12.629173755645752,12.976732651392618,12.281614303588867,13.527286291122437
CESM2-WACCM,clt,MAE,2020,12.638314326604208,13.074498732884726,12.202129364013672,13.713074684143066
CESM2-WACCM,clt,MAE,2021,12.816116094589232,13.291805744171144,12.340426762898764,13.774864117304483
CESM2-WACCM,clt,MAE,2022,13.288364171981812,13.710473457972208,12.866255124409994,14.730815887451172
CESM2-WACCM,clt,MAE,2023,12.467069387435911,12.906773010889689,12.027365684509276,13.534127235412598
CESM2-WACCM,clt,MAE,2024,12.56218727429708,13.110105752944946,12.014269431432089,13.64085372289022
CESM2-WACCM,clt,RMSE,2005,17.9313170115153,17.775143543879192,18.005445162455242,17.551281293233234
CESM2-WACCM,clt,RMSE,2006,17.576723098754883,17.419795115788776,17.59934139251709,16.890271584192913
CESM2-WACCM,clt,RMSE,2007,18.129335403442383,17.75938073794047,18.348785559336346,17.92077088356018
CESM2-WACCM,clt,RMSE,2008,18.090888659159344,17.72225332260132,18.39073435465495,17.889331976572674
CESM2-WACCM,clt,RMSE,2009,17.880176146825153,17.975295861562092,17.677721738815308,17.046758492787678
CESM2-WACCM,clt,RMSE,2010,18.066113154093426,18.048056840896606,17.964287916819256,17.64118568102519
CESM2-WACCM,clt,RMSE,2011,18.505852381388348,18.252538283665977,18.65365982055664,18.393855730692547
CESM2-WACCM,clt,RMSE,2012,18.271097819010414,18.061757961908977,18.3515731493632,18.054723739624023
CESM2-WACCM,clt,RMSE,2013,17.731166283289593,17.281751076380413,18.0515292485555,16.927286465962727
CESM2-WACCM,clt,RMSE,2014,17.877235889434814,17.689173698425293,17.891984701156616,17.256823301315308
CESM2-WACCM,clt,RMSE,2015,17.940027793248493,17.70638108253479,18.074739853541057,17.865180253982544
CESM2-WACCM,clt,RMSE,2016,18.31593592961629,17.95996880531311,18.575786749521892,18.11879817644755
CESM2-WACCM,clt,RMSE,2017,17.792734543482464,17.56959851582845,17.911896864573162,17.949814716974895
CESM2-WACCM,clt,RMSE,2018,17.781245867411297,17.47989010810852,17.970091342926025,17.875122944513958
CESM2-WACCM,clt,RMSE,2019,17.614355325698853,17.03695623079936,18.068357944488525,17.145131905873615
CESM2-WACCM,clt,RMSE,2020,17.500080664952595,16.959635655085247,17.933748563130695,17.313714424769085
CESM2-WACCM,clt,RMSE,2021,17.743156274159748,17.322487274805706,18.050644238789875,17.36551610628764
CESM2-WACCM,clt,RMSE,2022,18.34437847137451,17.92765148480733,18.609996954600017,18.635579268137615
CESM2-WACCM,clt,RMSE,2023,17.335701783498127,16.82961098353068,17.710386991500854,17.18134371439616
CESM2-WACCM,clt,RMSE,2024,17.405563354492188,17.053006649017334,17.63732163111369,17.145885229110718
CESM2-WACCM,od550aer,MAE,2005,0.0729611807813246,0.0903418467690546,0.0569766468058029,0.0821127487967411
CESM2-WACCM,od550aer,MAE,2006,0.0732630273948112,0.0928284687300522,0.0554576693102716,0.0796609967947005
CESM2-WACCM,od550aer,MAE,2007,0.0731475800275802,0.0913015690942605,0.0564738679677247,0.0798120989153782
CESM2-WACCM,od550aer,MAE,2008,0.0752718752870956,0.095816450814406,0.0565877311552563,0.0818250303467114
CESM2-WACCM,od550aer,MAE,2009,0.0736753136540452,0.0950483394165833,0.053976803086698,0.0804437001546223
CESM2-WACCM,od550aer,MAE,2010,0.0736898519098758,0.0945308314015467,0.0548624883716304,0.0802317367245753
CESM2-WACCM,od550aer,MAE,2011,0.0753684478501478,0.0966932134081919,0.0558241323257485,0.0817280430346727
CESM2-WACCM,od550aer,MAE,2012,0.077712669968605,0.1005660655597845,0.0568111871058741,0.0832722584406534
CESM2-WACCM,od550aer,MAE,2013,0.0728873771925766,0.0917389653623103,0.0557042558987934,0.0795551550885041
CESM2-WACCM,od550aer,MAE,2014,0.0760996043682098,0.096782532831033,0.0570401276151338,0.0846718127528825
CESM2-WACCM,od550aer,MAE,2015,0.0769716544697681,0.0964862766365209,0.0588193433359264,0.0864033754914998
CESM2-WACCM,od550aer,MAE,2016,0.0707525604714949,0.0866132707645495,0.0563948781539995,0.0795640250047047
CESM2-WACCM,od550aer,MAE,2017,0.0692391588042179,0.0833301612486441,0.0563780379792054,0.0765515801807244
CESM2-WACCM,od550aer,MAE,2018,0.0720509778087337,0.0899583908418814,0.0556711166476209,0.0792149920016526
CESM2-WACCM,od550aer,MAE,2019,0.0731613018239537,0.0904728223880131,0.0568431938687959,0.0774476428826649
CESM2-WACCM,od550aer,MAE,2020,0.0733475262920061,0.0882775746285915,0.058848609526952,0.0775276503215233
CESM2-WACCM,od550aer,MAE,2021,0.0723773359010616,0.0914382493744293,0.0546241949001947,0.0761220014343658
CESM2-WACCM,od550aer,MAE,2022,0.0686236800005038,0.0827708753446737,0.0557320713996886,0.0766787466903527
CESM2-WACCM,od550aer,MAE,2023,0.0750250859806934,0.0942751591404278,0.0569379984711607,0.0779678939531246
CESM2-WACCM,od550aer,MAE,2024,0.0737819851686556,0.0901702071229616,0.0587356879065433,0.0816374669472376
CESM2-WACCM,od550aer,RMSE,2005,0.1138459711025158,0.1349766838053862,0.0886531254897514,0.1227896654357512
CESM2-WACCM,od550aer,RMSE,2006,0.1175308550397554,0.1420614843567212,0.0866416276743014,0.1215948915729919
CESM2-WACCM,od550aer,RMSE,2007,0.1158694382756947,0.1381558415790398,0.0881884796544909,0.1209136024117469
CESM2-WACCM,od550aer,RMSE,2008,0.1180229863772789,0.1458805544922748,0.0820655496791004,0.1211347219844658
CESM2-WACCM,od550aer,RMSE,2009,0.1116443543384472,0.136198133851091,0.080560124789675,0.115159465620915
CESM2-WACCM,od550aer,RMSE,2010,0.1172269657254218,0.1437426054229338,0.0840890919789671,0.1215561268230278
CESM2-WACCM,od550aer,RMSE,2011,0.1176535331954558,0.1420092104623714,0.0869883053625623,0.1209862368802229
CESM2-WACCM,od550aer,RMSE,2012,0.122163056085507,0.1505553238093852,0.0856271013617515,0.1232667372872431
CESM2-WACCM,od550aer,RMSE,2013,0.1142374581346908,0.1403495147824287,0.0822305856272577,0.1167967890699703
CESM2-WACCM,od550aer,RMSE,2014,0.1210157132397095,0.1477755612383285,0.0878058389450112,0.1293071415275335
CESM2-WACCM,od550aer,RMSE,2015,0.1282007750123739,0.1490354146808385,0.1024336817984779,0.1420951777448256
CESM2-WACCM,od550aer,RMSE,2016,0.1130214799195527,0.1349805891513824,0.0866713589057325,0.1196453993519147
CESM2-WACCM,od550aer,RMSE,2017,0.1075907591730355,0.1265636986742416,0.0849104151129722,0.1124535153309503
CESM2-WACCM,od550aer,RMSE,2018,0.1112595895926157,0.1353637259453534,0.0818657859538991,0.1172992940992116
CESM2-WACCM,od550aer,RMSE,2019,0.1154899870355923,0.1387025161335865,0.0870843951900799,0.1178822784374157
CESM2-WACCM,od550aer,RMSE,2020,0.1149259538700182,0.1348057780414819,0.0889824672291675,0.1186803424110014
CESM2-WACCM,od550aer,RMSE,2021,0.1145124162236849,0.1402229821930328,0.0814031750584641,0.1144132446497678
CESM2-WACCM,od550aer,RMSE,2022,0.1070192990203697,0.1263782922178506,0.0835168889413276,0.1158653472860653
CESM2-WACCM,od550aer,RMSE,2023,0.1230492033064364,0.1478962004184722,0.0898601993297536,0.1236701421439647
CESM2-WACCM,od550aer,RMSE,2024,0.1258173367629448,0.1449987087398767,0.1013011957208315,0.1364772425343592
CESM2-WACCM,pr,MAE,2005,1.5950619020562346e-05,1.6914298460809125e-05,1.4986939352941894e-05,2.109434823675353e-05
CESM2-WACCM,pr,MAE,2006,1.5111149650692823e-05,1.6010389572329586e-05,1.421190927430871e-05,1.9644980511657195e-05
CESM2-WACCM,pr,MAE,2007,1.6270266996798455e-05,1.6846642817351192e-05,1.5693890797289594e-05,2.134409351128852e-05
CESM2-WACCM,pr,MAE,2008,1.6675374278444604e-05,1.6942916090556537e-05,1.6407831556837966e-05,2.2305250846936055e-05
CESM2-WACCM,pr,MAE,2009,1.590163310538628e-05,1.6918265449324583e-05,1.488500045828308e-05,2.0777376145512488e-05
CESM2-WACCM,pr,MAE,2010,1.6145664327874936e-05,1.7234078086403315e-05,1.5057249811434303e-05,2.1186938586955268e-05
CESM2-WACCM,pr,MAE,2011,1.5895058368187165e-05,1.7014216079284477e-05,1.4775901793958232e-05,2.1380446469265735e-05
CESM2-WACCM,pr,MAE,2012,1.6417956658187904e-05,1.7616103908342968e-05,1.5219810393318768e-05,2.2241923337181408e-05
CESM2-WACCM,pr,MAE,2013,1.607924968993757e-05,1.6470465046343936e-05,1.5688033651410176e-05,2.1566534845381583e-05
CESM2-WACCM,pr,MAE,2014,1.633720815637692e-05,1.7515276719374622e-05,1.5159140199709023e-05,2.172637384016222e-05
CESM2-WACCM,pr,MAE,2015,1.6745303886030644e-05,1.7480710084782913e-05,1.600989670199245e-05,2.229476679834382e-05
CESM2-WACCM,pr,MAE,2016,1.6358432655276072e-05,1.713261197740697e-05,1.558425287839782e-05,2.1975654666069502e-05
CESM2-WACCM,pr,MAE,2017,1.5802391772012925e-05,1.6753599917744093e-05,1.4851184081029109e-05,2.111841801403595e-05
CESM2-WACCM,pr,MAE,2018,1.5696436927707207e-05,1.6439556323651534e-05,1.4953316622268176e-05,2.1028780641548412e-05
CESM2-WACCM,pr,MAE,2019,1.539088877204146e-05,1.588351634988309e-05,1.4898261724738404e-05,2.0064623034462176e-05
CESM2-WACCM,pr,MAE,2020,1.496539941096368e-05,1.5321483109194862e-05,1.460931503061147e-05,1.931629579606427e-05
CESM2-WACCM,pr,MAE,2021,1.530358804302523e-05,1.599309371158597e-05,1.461408313237674e-05,2.0202180773291428e-05
CESM2-WACCM,pr,MAE,2022,1.6661694568635237e-05,1.704924041708485e-05,1.6274147734899696e-05,2.270359467123247e-05
CESM2-WACCM,pr,MAE,2023,1.6244554444710957e-05,1.7386254815695185e-05,1.510285513480388e-05,2.164412596054414e-05
CESM2-WACCM,pr,MAE,2024,1.5796795802695367e-05,1.6697228526633506e-05,1.4896362245053751e-05,2.0741634519557312e-05
CESM2-WACCM,pr,RMSE,2005,2.5864232763221175e-05,2.701047969821957e-05,2.3713896553090308e-05,3.305370425247626e-05
CESM2-WACCM,pr,RMSE,2006,2.4066622093717644e-05,2.517510514129147e-05,2.2294193665099257e-05,3.0388173399842344e-05
CESM2-WACCM,pr,RMSE,2007,2.6177606287092203e-05,2.6605641020675343e-05,2.4879234085043816e-05,3.322381659624322e-05
CESM2-WACCM,pr,RMSE,2008,2.725890575068964e-05,2.749916181225369e-05,2.620164787003887e-05,3.504460952778269e-05
CESM2-WACCM,pr,RMSE,2009,2.5618991306449363e-05,2.716838798733079e-05,2.3246001092047663e-05,3.2443796953884885e-05
CESM2-WACCM,pr,RMSE,2010,2.6155006556412747e-05,2.752077716650092e-05,2.4071578385094956e-05,3.329697362156973e-05
CESM2-WACCM,pr,RMSE,2011,2.5879092845570995e-05,2.734354014440517e-05,2.3412871541950153e-05,3.3326832029464036e-05
CESM2-WACCM,pr,RMSE,2012,2.689591474336339e-05,2.8479184644917648e-05,2.4512132313248003e-05,3.479512573297446e-05
CESM2-WACCM,pr,RMSE,2013,2.6274868711576953e-05,2.6967795899205765e-05,2.4677373858139617e-05,3.381167486319706e-05
CESM2-WACCM,pr,RMSE,2014,2.6857402644964168e-05,2.8619840274283583e-05,2.424676601246271e-05,3.440736691118218e-05
CESM2-WACCM,pr,RMSE,2015,2.734698515875304e-05,2.8187024327053223e-05,2.5788858844559098e-05,3.505433990843206e-05
CESM2-WACCM,pr,RMSE,2016,2.704287968905798e-05,2.7648622108245036e-05,2.5728188878323028e-05,3.482121398216501e-05
CESM2-WACCM,pr,RMSE,2017,2.603997503077456e-05,2.7078566290583694e-05,2.4368361967693392e-05,3.354953711702061e-05
CESM2-WACCM,pr,RMSE,2018,2.585740048743901e-05,2.657282235910922e-05,2.436485071181475e-05,3.341668586169059e-05
CESM2-WACCM,pr,RMSE,2019,2.4808599391690223e-05,2.535656979792596e-05,2.34132022948567e-05,3.1453457571236264e-05
CESM2-WACCM,pr,RMSE,2020,2.4125452152172027e-05,2.4300996453045325e-05,2.3255777856926823e-05,3.0436504706206808e-05
CESM2-WACCM,pr,RMSE,2021,2.5082356842176523e-05,2.5686656802766567e-05,2.3629963682954745e-05,3.2046290774208806e-05
CESM2-WACCM,pr,RMSE,2022,2.7251476240053307e-05,2.7392726982119104e-05,2.660557629496907e-05,3.53420955434558e-05
CESM2-WACCM,pr,RMSE,2023,2.6987767190197097e-05,2.843035341963211e-05,2.433060990369995e-05,3.481349100790491e-05
CESM2-WACCM,pr,RMSE,2024,2.5632686326086212e-05,2.6934832627982058e-05,2.333247994101839e-05,3.2661670654003196e-05
CESM2-WACCM,tas,MAE,2005,1.498529223179407,1.70934319649356,1.28470829857018,1.06204440078639
CESM2-WACCM,tas,MAE,2006,1.5379425427396705,1.7507294899631312,1.3231353984681256,1.029387327407124
CESM2-WACCM,tas,MAE,2007,1.6047564806745458,1.83778214544603,1.3694352331055588,1.1530407830121865
CESM2-WACCM,tas,MAE,2008,1.5921400661496936,1.8128620335231016,1.3686949512097757,1.172034610096031
CESM2-WACCM,tas,MAE,2009,1.5677379907231803,1.743883512796227,1.3901341420987514,1.0742350707323811
CESM2-WACCM,tas,MAE,2010,1.628006243369822,1.8884967919173872,1.365148365389925,1.1003841983217033
CESM2-WACCM,tas,MAE,2011,1.6342696988012275,1.9046389757393551,1.3608807615217555,1.203354946948347
CESM2-WACCM,tas,MAE,2012,1.7003794228622262,1.985480077887952,1.4117008947156695,1.2778879478675536
CESM2-WACCM,tas,MAE,2013,1.6269048720974386,1.879469631370429,1.3715894975853902,1.1707324901982503
CESM2-WACCM,tas,MAE,2014,1.6280139804923202,1.8459492794578276,1.4084706694625595,1.0867470003995854
CESM2-WACCM,tas,MAE,2015,1.606145533518452,1.75909144955295,1.4520947082779838,1.0929770162251768
CESM2-WACCM,tas,MAE,2016,1.6233891454547935,1.8035114174377216,1.441137410949387,1.1493951905572477
CESM2-WACCM,tas,MAE,2017,1.551316807236485,1.7605835600091695,1.339820934145096,1.0865805790994263
CESM2-WACCM,tas,MAE,2018,1.5748825243157052,1.822440222876652,1.324635425511028,1.1383590787377973
CESM2-WACCM,tas,MAE,2019,1.5082483971890677,1.6956689128365914,1.3186056259564742,1.0407353990908763
CESM2-WACCM,tas,MAE,2020,1.493214743789846,1.6759531378403505,1.3079260054495427,1.0235456365933329
CESM2-WACCM,tas,MAE,2021,1.6222260329036322,1.8651652211797372,1.376474580486458,1.1336821263215595
CESM2-WACCM,tas,MAE,2022,1.6489843523364922,1.8832611797839944,1.4112763412145426,1.2437823283745713
CESM2-WACCM,tas,MAE,2023,1.5319990327151312,1.723010874622534,1.3376084921129088,1.1172049675270168
CESM2-WACCM,tas,MAE,2024,1.5113512574491024,1.631272899212691,1.39018308213552,1.0941180443603142
CESM2-WACCM,tas,RMSE,2005,2.273408335534762,2.486018689946433,1.9901922111835897,1.5600138874005174
CESM2-WACCM,tas,RMSE,2006,2.377023098884944,2.595362111429012,2.0718606330900258,1.5307365014625818
CESM2-WACCM,tas,RMSE,2007,2.4113506062912085,2.625783314915356,2.118431239819427,1.6203013943887952
CESM2-WACCM,tas,RMSE,2008,2.381767268339367,2.58914357640028,2.0887911993024972,1.635926651639701
CESM2-WACCM,tas,RMSE,2009,2.3876110714576866,2.5665496457239523,2.139518843205357,1.5461890005442611
CESM2-WACCM,tas,RMSE,2010,2.4883272304281387,2.7486457478271027,2.114385724295528,1.6315269799053842
CESM2-WACCM,tas,RMSE,2011,2.45883461471038,2.697419197557489,2.129173092688192,1.6878534930127456
CESM2-WACCM,tas,RMSE,2012,2.538793572421733,2.7865065908730955,2.1883735948041054,1.7432105541971474
CESM2-WACCM,tas,RMSE,2013,2.443781486494919,2.6797632449408533,2.1228522877203475,1.656821915712
CESM2-WACCM,tas,RMSE,2014,2.502473721407654,2.7234326912102684,2.1714266996794445,1.5709577131082912
CESM2-WACCM,tas,RMSE,2015,2.4120425449854266,2.5823514386672644,2.1787597496735556,1.5680114058395649
CESM2-WACCM,tas,RMSE,2016,2.4467686644066196,2.636830729904671,2.1705681788661964,1.6477536472414027
CESM2-WACCM,tas,RMSE,2017,2.355588243912622,2.5637497521587913,2.072322877746178,1.585169525461546
CESM2-WACCM,tas,RMSE,2018,2.3878835019728863,2.6420207829909153,2.048838163555343,1.6309122215071448
CESM2-WACCM,tas,RMSE,2019,2.3116885802912273,2.4882861081842327,2.073703970174976,1.528789317252139
CESM2-WACCM,tas,RMSE,2020,2.293151819513295,2.484634080209753,2.051055984677645,1.5262833461128136
CESM2-WACCM,tas,RMSE,2021,2.486303450232494,2.722886896409941,2.1491251296543012,1.6167717852720227
CESM2-WACCM,tas,RMSE,2022,2.4660845322394347,2.669979353997388,2.1814115405072765,1.7369266500923175
CESM2-WACCM,tas,RMSE,2023,2.310522998727359,2.530269447710247,2.0185088637846937,1.595881892850105
CESM2-WACCM,tas,RMSE,2024,2.259064165195525,2.3534643448315498,2.121523836036596,1.5695734729528763
CESM2-WACCM,tos,MAE,2005,1.0101060718297958,1.1104734688997269,0.9362404594818752,0.927292009194692
CESM2-WACCM,tos,MAE,2006,1.0062383115291595,1.1093751937150955,0.9303345729907354,0.9028266419967016
CESM2-WACCM,tos,MAE,2007,1.1092956364154816,1.2777044872442882,0.985354890426,1.1020161658525467
CESM2-WACCM,tos,MAE,2008,1.1076323886712391,1.2252043783664703,1.0211050659418106,1.1032903989156086
CESM2-WACCM,tos,MAE,2009,1.0179333289464314,1.0835382342338562,0.9696513066689172,0.9200706034898758
CESM2-WACCM,tos,MAE,2010,1.0101353426774342,1.112439493338267,0.9348444640636444,0.8819804439942042
CESM2-WACCM,tos,MAE,2011,1.1332700153191884,1.347310076157252,0.9757468750079472,1.162752330303192
CESM2-WACCM,tos,MAE,2012,1.235130359729131,1.4517227907975514,1.0757288485765455,1.2836373448371887
CESM2-WACCM,tos,MAE,2013,1.1278293033440907,1.2205927670001984,1.0595598270495732,1.1457588573296864
CESM2-WACCM,tos,MAE,2014,1.0445168962081273,1.0882413884003956,1.0123377541701,0.9625023951133092
CESM2-WACCM,tos,MAE,2015,1.0409798224767048,1.0487953027089436,1.0352279841899872,0.9073005467653276
CESM2-WACCM,tos,MAE,2016,1.0777256886164348,1.158275191982587,1.0184450695912044,0.977935627102852
CESM2-WACCM,tos,MAE,2017,1.0561854888995488,1.1382929980754852,0.9957582801580428,0.9938206473986309
CESM2-WACCM,tos,MAE,2018,1.0537313719590504,1.1629731357097628,0.9733346650997796,1.029271160562833
CESM2-WACCM,tos,MAE,2019,1.0001104225715,1.0521053324143093,0.9618447373310725,0.926978126168251
CESM2-WACCM,tos,MAE,2020,0.977999190489451,1.006666933496793,0.9569010684887568,0.8762047489484152
CESM2-WACCM,tos,MAE,2021,1.066142310698827,1.1611192723115284,0.9962438493967056,1.054048051436742
CESM2-WACCM,tos,MAE,2022,1.1423022250334425,1.2560967604319255,1.058554897705714,1.199353237946828
CESM2-WACCM,tos,MAE,2023,1.0328582276900609,1.0689079860846202,1.006327326099078,0.9738274415334066
CESM2-WACCM,tos,MAE,2024,1.00747250020504,1.0396251330773036,0.9838097741206489,0.8913340866565704
CESM2-WACCM,tos,RMSE,2005,1.374225119749705,1.4900847176710763,1.2815283636252086,1.2267536222934723
CESM2-WACCM,tos,RMSE,2006,1.3562294940153758,1.5016356905301411,1.2374436060587566,1.154800146818161
CESM2-WACCM,tos,RMSE,2007,1.4878293871879578,1.6720119714736938,1.3345177074273429,1.4104248583316803
CESM2-WACCM,tos,RMSE,2008,1.4577908913294475,1.5993888974189758,1.3428657452265422,1.3715663254261017
CESM2-WACCM,tos,RMSE,2009,1.3795952101548512,1.5145728091398876,1.2690804998079936,1.1830466091632843
CESM2-WACCM,tos,RMSE,2010,1.393440862496694,1.5502297778924303,1.263972540696462,1.1725788215796151
CESM2-WACCM,tos,RMSE,2011,1.5145378212134044,1.7598325312137604,1.3032945394515991,1.475811819235484
CESM2-WACCM,tos,RMSE,2012,1.605747530857722,1.815988113482793,1.427555501461029,1.61589248975118
CESM2-WACCM,tos,RMSE,2013,1.4994383454322815,1.6055297255516052,1.4152783552805583,1.4628352125485735
CESM2-WACCM,tos,RMSE,2014,1.4034864902496338,1.4833631416161854,1.3407699664433796,1.2494771679242451
CESM2-WACCM,tos,RMSE,2015,1.3970938821633656,1.4633252918720243,1.3450886011123655,1.163434167702993
CESM2-WACCM,tos,RMSE,2016,1.434222290913264,1.5618007481098175,1.330443819363912,1.2343304852644603
CESM2-WACCM,tos,RMSE,2017,1.42246080438296,1.525900016228358,1.339221676190694,1.2785808940728505
CESM2-WACCM,tos,RMSE,2018,1.4143475989500682,1.5443419516086578,1.308813214302063,1.3217295209566753
CESM2-WACCM,tos,RMSE,2019,1.3657770156860352,1.4449876248836515,1.3038962185382843,1.2078406711419425
CESM2-WACCM,tos,RMSE,2020,1.3381432890892029,1.3995048503081005,1.2884511053562164,1.1356155375639598
CESM2-WACCM,tos,RMSE,2021,1.4128470917542777,1.5152439574400585,1.3307034472624462,1.3218147953351338
CESM2-WACCM,tos,RMSE,2022,1.5269295275211334,1.6392378509044647,1.4361484746138256,1.525354544321696
CESM2-WACCM,tos,RMSE,2023,1.4020387828350067,1.477866232395172,1.3399929702281952,1.2605772117773693
CESM2-WACCM,tos,RMSE,2024,1.3795543511708577,1.467278887828191,1.3080077469348907,1.1617148915926616
CanESM5,clt,MAE,2005,13.194464445114136,13.47024424870809,12.91868503888448,14.747366666793823
CanESM5,clt,MAE,2006,12.877357006072998,13.16591533025106,12.588798840840658,14.1073690255483
CanESM5,clt,MAE,2007,12.821715116500854,13.090960423151651,12.552469571431478,14.12755306561788
CanESM5,clt,MAE,2008,13.00457509358724,13.213862816492716,12.795287291208902,14.432785669962565
CanESM5,clt,MAE,2009,12.913262605667114,13.213483095169067,12.613041957219442,14.051225821177164
CanESM5,clt,MAE,2010,13.560564200083414,13.84858512878418,13.272543827692669,15.176132837931316
CanESM5,clt,MAE,2011,13.14257836341858,13.302005449930826,12.98315167427063,14.54629898071289
CanESM5,clt,MAE,2012,13.126968304316202,13.442752440770468,12.811184406280518,14.429948409398396
CanESM5,clt,MAE,2013,12.999744017918903,13.238196929295858,12.761290232340494,14.26197346051534
CanESM5,clt,MAE,2014,12.76957368850708,13.04525589942932,12.493891716003418,13.84844207763672
CanESM5,clt,MAE,2015,13.055768648783364,13.726718028386436,12.384819269180298,14.431360324223837
CanESM5,clt,MAE,2016,13.293421506881714,13.55188783009847,13.034955024719238,14.786335786183676
CanESM5,clt,MAE,2017,12.694061517715454,12.88513708114624,12.502986272176107,14.2087881565094
CanESM5,clt,MAE,2018,12.87333631515503,13.285932620366417,12.460739930470783,14.146391948064169
CanESM5,clt,MAE,2019,12.960511207580566,13.288414478302002,12.63260817527771,14.079384247461954
CanESM5,clt,MAE,2020,12.863701502482096,13.168909629185997,12.55849321683248,14.300956646601358
CanESM5,clt,MAE,2021,13.156205574671429,13.362130403518677,12.95028074582418,14.450054089228312
CanESM5,clt,MAE,2022,13.086677471796673,12.982488314310707,13.190866152445476,14.51279354095459
CanESM5,clt,MAE,2023,12.608593543370564,12.762200752894085,12.454986413319906,13.69424613316854
CanESM5,clt,MAE,2024,12.844380935033165,13.074175914128622,12.614585638046265,13.905829032262169
CanESM5,clt,RMSE,2005,17.739254236221313,17.477473100026447,17.87004240353902,18.925425847371415
CanESM5,clt,RMSE,2006,17.381013075510662,17.019380807876587,17.641690015792847,18.211145957310993
CanESM5,clt,RMSE,2007,17.290004809697468,16.87103247642517,17.63010549545288,18.186161756515503
CanESM5,clt,RMSE,2008,17.658572832743328,17.27577010790507,17.936963717142742,18.75716519355774
CanESM5,clt,RMSE,2009,17.38885490099589,17.035967747370403,17.599255084991455,18.144296805063885
CanESM5,clt,RMSE,2010,18.230568250020344,17.893084685007732,18.42341725031535,19.483267943064373
CanESM5,clt,RMSE,2011,17.75676965713501,17.302881638209026,18.120750427246097,18.830602327982582
CanESM5,clt,RMSE,2012,17.769436836242676,17.549468835194904,17.8379807472229,18.634560585021973
CanESM5,clt,RMSE,2013,17.645349820454914,17.23495841026306,17.908414840698242,18.47385247548421
CanESM5,clt,RMSE,2014,17.298498312632244,16.869145393371582,17.569301684697468,17.909998734792072
CanESM5,clt,RMSE,2015,17.529560963312786,17.691774129867554,17.278860966364544,18.571574687957764
CanESM5,clt,RMSE,2016,17.984628359476726,17.545972506205242,18.304396629333496,19.09183470408122
CanESM5,clt,RMSE,2017,17.206177552541096,16.690603176752727,17.625372648239136,18.288121223449707
CanESM5,clt,RMSE,2018,17.381408373514812,17.24122444788615,17.434976816177368,18.38487903277079
CanESM5,clt,RMSE,2019,17.379394054412842,16.982467651367188,17.682979901631672,18.000150442123413
CanESM5,clt,RMSE,2020,17.261359850565594,16.909786701202393,17.504084904988606,18.366808732350663
CanESM5,clt,RMSE,2021,17.726832230885822,17.258938392003376,18.06295935312907,18.699615955352783
CanESM5,clt,RMSE,2022,17.630563418070476,16.910603046417236,18.204049348831177,18.773903052012127
CanESM5,clt,RMSE,2023,16.917946338653564,16.476143439610798,17.266709009806316,17.56601333618164
CanESM5,clt,RMSE,2024,17.21210217475891,16.806181748708088,17.514150698979694,17.899844964345295
CanESM5,od550aer,MAE,2005,0.0880323213835557,0.1206070703143874,0.0586126775791247,0.0891220125680167
CanESM5,od550aer,MAE,2006,0.0741186589002608,0.0947939818724989,0.0549009572714566,0.0774466060101985
CanESM5,od550aer,MAE,2007,0.0805811410148938,0.1034669472525516,0.0597301187614599,0.0838808293143907
CanESM5,od550aer,MAE,2008,0.0766162900254129,0.0990549009293317,0.056142668860654,0.0806556834528842
CanESM5,od550aer,MAE,2009,0.0759796941032012,0.0980520577480395,0.055175505268077,0.0772769379739959
CanESM5,od550aer,MAE,2010,0.0752177176376183,0.0916330746064583,0.0599150164052843,0.0800226318339506
CanESM5,od550aer,MAE,2011,0.0818227306008338,0.1034599933773278,0.0619601051633556,0.0871560915062824
CanESM5,od550aer,MAE,2012,0.0870010337481895,0.1174254982421795,0.0588073429341116,0.0891540193309386
CanESM5,od550aer,MAE,2013,0.0789207971344391,0.1023897801836331,0.0570085352907577,0.0832770528892675
CanESM5,od550aer,MAE,2014,0.0742972462127605,0.0915092658251523,0.0583462460587421,0.0793174554904301
CanESM5,od550aer,MAE,2015,0.0873993063966433,0.1068973870327075,0.069167730398476,0.0931558540711799
CanESM5,od550aer,MAE,2016,0.0765319547305504,0.0954759009182452,0.0590846821044881,0.0812591363986332
CanESM5,od550aer,MAE,2017,0.0764193159217635,0.0969588706890741,0.0574312169725695,0.0783100655923286
CanESM5,od550aer,MAE,2018,0.0808300022035836,0.1048526261001824,0.0583101920783519,0.0843544372667868
CanESM5,od550aer,MAE,2019,0.0898728544513384,0.1183176940927902,0.062982096026341,0.0851425311217704
CanESM5,od550aer,MAE,2020,0.0838162334014971,0.0991129744797944,0.0687931729480623,0.0814390977223713
CanESM5,od550aer,MAE,2021,0.0777793511127431,0.1030584561328092,0.0538962927336493,0.0774006415158509
CanESM5,od550aer,MAE,2022,0.0796826637039581,0.0875812138741214,0.0720460219308733,0.0860272621115048
CanESM5,od550aer,MAE,2023,0.0877551895876724,0.1100475434213876,0.0660823121046026,0.083319113900264
CanESM5,od550aer,MAE,2024,0.0876096735397974,0.1083565534402926,0.0685897165288527,0.0874623861163854
CanESM5,od550aer,RMSE,2005,0.1635152405748764,0.2098461383332808,0.0971418991684913,0.1466507501900195
CanESM5,od550aer,RMSE,2006,0.1332396746923525,0.1666674086203177,0.089746125973761,0.1260099230955044
CanESM5,od550aer,RMSE,2007,0.143986502662301,0.179039891809225,0.0984236945708592,0.135559856891632
CanESM5,od550aer,RMSE,2008,0.1307267323136329,0.1641936637461185,0.0876429236183563,0.1256297752261161
CanESM5,od550aer,RMSE,2009,0.1262012502799431,0.1576166761418183,0.0842974747841556,0.114975191031893
CanESM5,od550aer,RMSE,2010,0.1282204246769348,0.1547374688088893,0.0963066437592108,0.1240675492833057
CanESM5,od550aer,RMSE,2011,0.1373347509652376,0.1705398882428804,0.0949742076918482,0.1328464082131783
CanESM5,od550aer,RMSE,2012,0.1571830523510773,0.2016720871130625,0.093410183986028,0.1435973569750785
CanESM5,od550aer,RMSE,2013,0.138587658603986,0.1746614134560028,0.0901573461790879,0.130392654488484
CanESM5,od550aer,RMSE,2014,0.1222312326232591,0.1467359873155752,0.0923516002173224,0.1211962035546699
CanESM5,od550aer,RMSE,2015,0.1507209974030653,0.1793846258272727,0.1141585297882556,0.1545316024372974
CanESM5,od550aer,RMSE,2016,0.1341999005526304,0.1655710991472005,0.0938732844466964,0.1299866332362095
CanESM5,od550aer,RMSE,2017,0.1354492021103699,0.1672377909223238,0.094311138925453,0.1272384443630774
CanESM5,od550aer,RMSE,2018,0.1411207119623819,0.1797573150446017,0.0887463279068469,0.133762419844667
CanESM5,od550aer,RMSE,2019,0.1619019974023103,0.2066093919177849,0.0970017230138182,0.1369908849398295
CanESM5,od550aer,RMSE,2020,0.1390802549819151,0.1673447377979755,0.1027929950505494,0.1266601166377464
CanESM5,od550aer,RMSE,2021,0.1347285198668638,0.1726225024710098,0.0843934000780184,0.119612731039524
CanESM5,od550aer,RMSE,2022,0.1262014564126729,0.1462596940497557,0.1021172832697629,0.1259410964945951
CanESM5,od550aer,RMSE,2023,0.1563235279172658,0.1957660652697086,0.1017741207033395,0.1370127766082683
CanESM5,od550aer,RMSE,2024,0.1615914572030305,0.1925236992537975,0.1180298849940299,0.1512196796635786
CanESM5,pr,MAE,2005,1.7678628258484725e-05,1.830772544053616e-05,1.7049531531180644e-05,2.443916810079827e-05
CanESM5,pr,MAE,2006,1.719824588993409e-05,1.785446549244322e-05,1.6542026893754762e-05,2.3547197239774203e-05
CanESM5,pr,MAE,2007,1.7617678319462964e-05,1.806123358013186e-05,1.7174123210376518e-05,2.3988493921933696e-05
CanESM5,pr,MAE,2008,1.7646976327038526e-05,1.806744072988901e-05,1.7226512303144165e-05,2.445956579322228e-05
CanESM5,pr,MAE,2009,1.713048535142055e-05,1.71632278428054e-05,1.70977431632006e-05,2.351374799521485e-05
CanESM5,pr,MAE,2010,1.8798029789953336e-05,1.913850466432147e-05,1.8457554612420303e-05,2.6369804345449666e-05
CanESM5,pr,MAE,2011,1.775235220217534e-05,1.8653231184847147e-05,1.6851472992129857e-05,2.481375925829828e-05
CanESM5,pr,MAE,2012,1.7503507933724904e-05,1.825404198522544e-05,1.6752974033806822e-05,2.4338313172241517e-05
CanESM5,pr,MAE,2013,1.730932323577387e-05,1.788450299500255e-05,1.6734144007083767e-05,2.3945676124033827e-05
CanESM5,pr,MAE,2014,1.7086091702367412e-05,1.748259713470664e-05,1.6689585587907157e-05,2.3737401382580476e-05
CanESM5,pr,MAE,2015,1.8468733893920824e-05,1.9528679861953908e-05,1.7408788153261412e-05,2.592743476270698e-05
CanESM5,pr,MAE,2016,1.7706419081757e-05,1.8371826323952217e-05,1.7041011309023208e-05,2.458811498703047e-05
CanESM5,pr,MAE,2017,1.650427217706844e-05,1.7062012905929198e-05,1.5946530841877877e-05,2.2770568648411427e-05
CanESM5,pr,MAE,2018,1.7047244455170585e-05,1.749128599234003e-05,1.660320352433094e-05,2.3667214766949957e-05
CanESM5,pr,MAE,2019,1.7555690646986477e-05,1.8092093265901592e-05,1.7019288179653813e-05,2.436955552790702e-05
CanESM5,pr,MAE,2020,1.6892674617944674e-05,1.7138924628549528e-05,1.664642415259247e-05,2.3148189939092845e-05
CanESM5,pr,MAE,2021,1.764912303769961e-05,1.793256054346178e-05,1.7365685607728665e-05,2.453827270680146e-05
CanESM5,pr,MAE,2022,1.7496891814516857e-05,1.7321738520574097e-05,1.7672045487415744e-05,2.420399732727674e-05
CanESM5,pr,MAE,2023,1.7316173549867624e-05,1.8003208348697324e-05,1.6629138675246697e-05,2.380208570684772e-05
CanESM5,pr,MAE,2024,1.6746673585051514e-05,1.7287840970917994e-05,1.620550665393239e-05,2.268844461165524e-05
CanESM5,pr,RMSE,2005,3.0508413753220037e-05,3.0365355238852015e-05,2.916965543893942e-05,3.995625866082264e-05
CanESM5,pr,RMSE,2006,2.9731447739322903e-05,2.9528156422505465e-05,2.843367459111808e-05,3.874469712172868e-05
CanESM5,pr,RMSE,2007,3.0286593149260927e-05,2.9905300531633355e-05,2.930877781182062e-05,3.940815531677799e-05
CanESM5,pr,RMSE,2008,3.0550031927608266e-05,2.9795825109128295e-05,2.9955665922898337e-05,4.007834922958864e-05
CanESM5,pr,RMSE,2009,2.964806602297661e-05,2.849625843737158e-05,2.9456458529845506e-05,3.876334843274284e-05
CanESM5,pr,RMSE,2010,3.213779564248398e-05,3.143841543836364e-05,3.175409483446856e-05,4.229140389118887e-05
CanESM5,pr,RMSE,2011,3.07678930463832e-05,3.0755166335438844e-05,2.961077567912677e-05,4.042823517617459e-05
CanESM5,pr,RMSE,2012,3.0189303439935127e-05,2.9801365296104148e-05,2.8764910742514378e-05,3.961413464518652e-05
CanESM5,pr,RMSE,2013,3.004613987892905e-05,2.973746389519268e-05,2.9081937403437525e-05,3.943552170918944e-05
CanESM5,pr,RMSE,2014,2.9614024242619053e-05,2.8846036608835373e-05,2.8952361390111037e-05,3.891454919842848e-05
CanESM5,pr,RMSE,2015,3.2150221462264504e-05,3.275922502628722e-05,2.9987324372389896e-05,4.2404835464064185e-05
CanESM5,pr,RMSE,2016,3.077145114123899e-05,3.095604597547208e-05,2.9356275566290908e-05,4.041994816361694e-05
CanESM5,pr,RMSE,2017,2.8688531074294588e-05,2.8283215366779284e-05,2.779535573912047e-05,3.7641649214492645e-05
CanESM5,pr,RMSE,2018,2.976938640131266e-05,2.870949735248966e-05,2.9275995530042564e-05,3.9239910014051325e-05
CanESM5,pr,RMSE,2019,3.0404625855832517e-05,2.997377881304904e-05,2.9381593473469064e-05,4.000749686383642e-05
CanESM5,pr,RMSE,2020,2.917157977814592e-05,2.8205328514256205e-05,2.8566898587693384e-05,3.8149335523485206e-05
CanESM5,pr,RMSE,2021,3.054920656116641e-05,2.9257142159622163e-05,3.029008288043163e-05,4.006505635819243e-05
CanESM5,pr,RMSE,2022,3.037475532134219e-05,2.8796929806655196e-05,3.0746123381201564e-05,3.9894661313155666e-05
CanESM5,pr,RMSE,2023,3.00539648681782e-05,2.9391480438789586e-05,2.895080069720279e-05,3.93366975307193e-05
CanESM5,pr,RMSE,2024,2.8875879858484648e-05,2.832043007098643e-05,2.784430413764009e-05,3.758583958794285e-05
CanESM5,tas,MAE,2005,1.793807199558917,2.130254593246951,1.4529053662693885,1.462194369550014
CanESM5,tas,MAE,2006,1.8049702319733167,2.136049402939187,1.470979166997885,1.3888358291249017
CanESM5,tas,MAE,2007,1.7938221628760411,2.1424736841080207,1.4419192106234764,1.4195587286168896
CanESM5,tas,MAE,2008,1.8203635251991888,2.1621973823996745,1.474244886843758,1.5066025813382116
CanESM5,tas,MAE,2009,1.8120027323200265,2.1439299777318497,1.4774253164474642,1.4557553032481616
CanESM5,tas,MAE,2010,1.9210195980168487,2.3331237048750357,1.5050043978722487,1.6386694007178515
CanESM5,tas,MAE,2011,1.8927506322066805,2.2565705980497115,1.5254813621884968,1.6694611900758147
CanESM5,tas,MAE,2012,1.8528752254615188,2.235217503428167,1.4662717335795885,1.574888713715499
CanESM5,tas,MAE,2013,1.848118617288716,2.2138634532602244,1.4785215987873543,1.5863499594929615
CanESM5,tas,MAE,2014,1.832232126537832,2.176342710814975,1.4850253520363756,1.4826961602099036
CanESM5,tas,MAE,2015,1.775443646373069,2.06962588251501,1.478926975546358,1.4317165577719886
CanESM5,tas,MAE,2016,1.8267175682088244,2.1556508750712786,1.4954039639205956,1.4566591201370205
CanESM5,tas,MAE,2017,1.8310095776162465,2.143233466830976,1.5156507462722166,1.5644173821282694
CanESM5,tas,MAE,2018,1.8327020789094264,2.153365762047813,1.508869454816444,1.5916566724474517
CanESM5,tas,MAE,2019,1.7878618932282226,2.114898363784397,1.4575058423880376,1.4213336688438547
CanESM5,tas,MAE,2020,1.749200795832115,2.070965580294661,1.4234111854550713,1.4478700769488342
CanESM5,tas,MAE,2021,1.9391323397423867,2.3277217148045204,1.54697796904495,1.622516343724134
CanESM5,tas,MAE,2022,1.8676607285101512,2.1577616435062748,1.5738360194208882,1.6714421709592466
CanESM5,tas,MAE,2023,1.8503865986679404,2.169073606799676,1.5263604860815192,1.5459640494561235
CanESM5,tas,MAE,2024,1.7474899297920203,2.0565191933672335,1.4356408821361877,1.4368209509556216
CanESM5,tas,RMSE,2005,2.669022744268416,2.995600871840705,2.2218257286770795,1.995827175948777
CanESM5,tas,RMSE,2006,2.737922045555402,3.0600007862437413,2.278243356408341,1.9094336703252903
CanESM5,tas,RMSE,2007,2.693402846696044,3.011262046244448,2.2602948876379645,1.9382567317039057
CanESM5,tas,RMSE,2008,2.6827207163182223,3.016335193660046,2.2468036899630315,2.0150008455344186
CanESM5,tas,RMSE,2009,2.7310698381406717,3.0450991538362246,2.2954471966910703,1.9780645478468968
CanESM5,tas,RMSE,2010,2.840121034124172,3.206516680760339,2.334458434346931,2.2236222084396244
CanESM5,tas,RMSE,2011,2.759592312449763,3.08927169070855,2.3307244915547405,2.189367656771942
CanESM5,tas,RMSE,2012,2.7100185175693396,3.069120311585461,2.2351660203047437,2.093673453907677
CanESM5,tas,RMSE,2013,2.742175003628029,3.0938826981684073,2.267135594302005,2.130305784703005
CanESM5,tas,RMSE,2014,2.7314820953834684,3.0334200301720755,2.3111887718362167,1.9931139650302152
CanESM5,tas,RMSE,2015,2.6073998802402456,2.8880482600876474,2.22615267259675,1.8993197104901496
CanESM5,tas,RMSE,2016,2.7462648840265467,3.0605681138568896,2.299700580611321,1.9989143251679895
CanESM5,tas,RMSE,2017,2.6878934262890515,2.9836680297249885,2.302225997606276,2.0820047151423533
CanESM5,tas,RMSE,2018,2.695089700246728,2.9921979525894664,2.3005392385284025,2.088619556558578
CanESM5,tas,RMSE,2019,2.681460140413882,3.0004394407405157,2.247012263367878,1.9155658458807692
CanESM5,tas,RMSE,2020,2.609902867502189,2.9291984370665056,2.187840277523218,1.9533798003278695
CanESM5,tas,RMSE,2021,2.8915412367660203,3.2802260395515717,2.336983447342809,2.1388853381757738
CanESM5,tas,RMSE,2022,2.7255015927799193,2.9884720156875417,2.381089396742239,2.1827309348799475
CanESM5,tas,RMSE,2023,2.769028904825076,3.069846713300166,2.3462025648341736,2.0356238749229933
CanESM5,tas,RMSE,2024,2.630777376436749,2.9191129476140305,2.2427321235660105,1.938088502615191
CanESM5,tos,MAE,2005,1.0651863813400269,1.2060340841611226,0.9598819563786188,1.044803241888682
CanESM5,tos,MAE,2006,1.0610230217377346,1.1652855823437374,0.9832529624303182,1.0192915896574657
CanESM5,tos,MAE,2007,1.0821649332841237,1.252037227153778,0.9566806902488072,1.0512160956859589
CanESM5,tos,MAE,2008,1.0941103100776672,1.2469897667566936,0.9817780703306198,1.1040734499692917
CanESM5,tos,MAE,2009,1.0303321580092113,1.1153809030850728,0.9673266659180324,1.0254800866047542
CanESM5,tos,MAE,2010,1.1576125820477805,1.3164152403672535,1.0394350041945777,1.195571591456731
CanESM5,tos,MAE,2011,1.1600014964739482,1.321053385734558,1.041280671954155,1.2541036208470662
CanESM5,tos,MAE,2012,1.1149676243464153,1.3095011711120603,0.9717177500327429,1.1535926560560863
CanESM5,tos,MAE,2013,1.062689443429311,1.1688006321589153,0.9846096833546956,1.1041956841945648
CanESM5,tos,MAE,2014,1.0313584903875987,1.1015218247969945,0.9786330908536912,1.009801208972931
CanESM5,tos,MAE,2015,1.0467671404282253,1.0956493765115738,1.0080187767744064,1.0383464296658833
CanESM5,tos,MAE,2016,1.0609765897194543,1.1417566537857056,0.9997232009967169,1.0337069282929103
CanESM5,tos,MAE,2017,1.077313393354416,1.135681559642156,1.0340755730867386,1.1032347232103348
CanESM5,tos,MAE,2018,1.069865291317304,1.1154668976863225,1.0352186212937038,1.13188835978508
CanESM5,tos,MAE,2019,1.0333242565393448,1.0964214106400807,0.9860368172327676,1.0244291573762894
CanESM5,tos,MAE,2020,1.0100125918785732,1.0703146954377492,0.9651426921288172,1.018977661927541
CanESM5,tos,MAE,2021,1.0913152943054836,1.1773135562737782,1.028324579199155,1.1252291053533554
CanESM5,tos,MAE,2022,1.1224723160266876,1.2050225834051769,1.0610802272955575,1.1963952879110973
CanESM5,tos,MAE,2023,1.0982802907625837,1.1746517022450764,1.0415274252494175,1.0929372360308964
CanESM5,tos,MAE,2024,1.0283767233292262,1.1628425021966298,0.929106906056404,0.9824956903855006
CanESM5,tos,RMSE,2005,1.5207183758417766,1.7211043735345204,1.348266104857127,1.4166467587153118
CanESM5,tos,RMSE,2006,1.4817459881305697,1.6699158747990923,1.3221245010693867,1.3382488787174225
CanESM5,tos,RMSE,2007,1.5288354555765789,1.7687309384346008,1.3179757098356883,1.4091614584128065
CanESM5,tos,RMSE,2008,1.5128978490829468,1.7246488332748413,1.3319583038489025,1.4438622991244
CanESM5,tos,RMSE,2009,1.445182869831721,1.5760029256343842,1.335735648870468,1.3775726159413657
CanESM5,tos,RMSE,2010,1.6169527769088743,1.8252548972765603,1.4387953579425812,1.601981699466705
CanESM5,tos,RMSE,2011,1.604344626267751,1.8074735403060913,1.4288155039151509,1.6510663827260337
CanESM5,tos,RMSE,2012,1.5626558462778728,1.783954660097758,1.3680212398370106,1.537373036146164
CanESM5,tos,RMSE,2013,1.483741005261739,1.6149919231732686,1.37682447830836,1.4802775879700978
CanESM5,tos,RMSE,2014,1.4454438984394071,1.5467841525872548,1.3606614172458649,1.370103011528651
CanESM5,tos,RMSE,2015,1.4377092321713765,1.513869325319926,1.372113088766734,1.3749400873978932
CanESM5,tos,RMSE,2016,1.4767379065354664,1.6144015391667683,1.361725429693858,1.390400528907776
CanESM5,tos,RMSE,2017,1.4783345659573872,1.5623888274033864,1.40761732061704,1.4638468225797017
CanESM5,tos,RMSE,2018,1.4704711139202118,1.52820219596227,1.4200397928555806,1.4879553318023682
CanESM5,tos,RMSE,2019,1.4548423091570537,1.5557990074157717,1.371326565742493,1.38045401374499
CanESM5,tos,RMSE,2020,1.4272189040978749,1.500698337952296,1.365581105152766,1.3955643673737843
CanESM5,tos,RMSE,2021,1.510238846143087,1.6280828615029652,1.412568857272466,1.499900798002879
CanESM5,tos,RMSE,2022,1.5574813385804491,1.647685557603836,1.48287233710289,1.5985609491666155
CanESM5,tos,RMSE,2023,1.5079829196135204,1.63346466422081,1.4020611544450123,1.4339374502499898
CanESM5,tos,RMSE,2024,1.457576294740041,1.63992436726888,1.3047076761722565,1.3381027181943257
EC-Earth3-Veg,pr,MAE,2005,1.6840592707012547e-05,1.6860337685405586e-05,1.6820842423233746e-05,2.291608628487059e-05
EC-Earth3-Veg,pr,MAE,2006,1.587768535197635e-05,1.6394789099649643e-05,1.5360575389422593e-05,2.11541749498186e-05
EC-Earth3-Veg,pr,MAE,2007,1.6870817338106765e-05,1.685340885160258e-05,1.6888218321279663e-05,2.265063888747439e-05
EC-Earth3-Veg,pr,MAE,2008,1.680874280888626e-05,1.6971520532630773e-05,1.664595788497536e-05,2.274464365351984e-05
EC-Earth3-Veg,pr,MAE,2009,1.5984368170999613e-05,1.6330198756501584e-05,1.5638532280111878e-05,2.123032754752785e-05
EC-Earth3-Veg,pr,MAE,2010,1.797099381898685e-05,1.838374305407342e-05,1.7558237611107568e-05,2.4898471565393265e-05
EC-Earth3-Veg,pr,MAE,2011,1.697186121418781e-05,1.7172934121845174e-05,1.6770781940067536e-05,2.3152421211610392e-05
EC-Earth3-Veg,pr,MAE,2012,1.661240268428325e-05,1.6749977627720607e-05,1.6474820237514603e-05,2.2640140590131825e-05
EC-Earth3-Veg,pr,MAE,2013,1.654403217798972e-05,1.6932888835678266e-05,1.6155169305420713e-05,2.252807477513367e-05
EC-Earth3-Veg,pr,MAE,2014,1.6444529819636955e-05,1.630288087047423e-05,1.6586172250754316e-05,2.211613370188085e-05
EC-Earth3-Veg,pr,MAE,2015,1.7065072218732286e-05,1.7262069832213456e-05,1.6868070133568835e-05,2.359016904544357e-05
EC-Earth3-Veg,pr,MAE,2016,1.6906886457945802e-05,1.69043590479608e-05,1.6909408789918718e-05,2.3046040041663215e-05
EC-Earth3-Veg,pr,MAE,2017,1.5692381263458326e-05,1.5669927127722378e-05,1.5714830169599736e-05,2.104421961727591e-05
EC-Earth3-Veg,pr,MAE,2018,1.5849760681400465e-05,1.554888558530365e-05,1.615062933524314e-05,2.135449130946654e-05
EC-Earth3-Veg,pr,MAE,2019,1.59823609161928e-05,1.5845710625702242e-05,1.6119005370759016e-05,2.1424161180524e-05
EC-Earth3-Veg,pr,MAE,2020,1.679070176881699e-05,1.6758936681071646e-05,1.68224604143082e-05,2.2771716430725064e-05
EC-Earth3-Veg,pr,MAE,2021,1.6774075144591432e-05,1.6729908717631286e-05,1.6818235811418465e-05,2.2765607961143058e-05
EC-Earth3-Veg,pr,MAE,2022,1.711153602930911e-05,1.658773013938723e-05,1.7635336007515434e-05,2.33504394297294e-05
EC-Earth3-Veg,pr,MAE,2023,1.6603701775845064e-05,1.6977202903945e-05,1.6230195039194466e-05,2.2284217266133055e-05
EC-Earth3-Veg,pr,MAE,2024,1.6637686485410086e-05,1.6963197822406073e-05,1.631216984302834e-05,2.252859727983984e-05
EC-Earth3-Veg,pr,RMSE,2005,2.7114629422915943e-05,2.682831351800511e-05,2.6551084374659695e-05,3.5017755484053246e-05
EC-Earth3-Veg,pr,RMSE,2006,2.533793743471809e-05,2.588356437627226e-05,2.391056424736841e-05,3.227222623536363e-05
EC-Earth3-Veg,pr,RMSE,2007,2.723092711676145e-05,2.7208992833038792e-05,2.6592171555724537e-05,3.497125984116186e-05
EC-Earth3-Veg,pr,RMSE,2008,2.698973003134597e-05,2.727033628010152e-05,2.584574137169208e-05,3.473898671776018e-05
EC-Earth3-Veg,pr,RMSE,2009,2.552246617900285e-05,2.601647914464896e-05,2.41841236553834e-05,3.252824747808821e-05
EC-Earth3-Veg,pr,RMSE,2010,2.894668856849118e-05,2.9677241400349885e-05,2.771127553084322e-05,3.773096280686635e-05
EC-Earth3-Veg,pr,RMSE,2011,2.702404920758757e-05,2.7567980547852734e-05,2.59084639158876e-05,3.487620127392196e-05
EC-Earth3-Veg,pr,RMSE,2012,2.6796302487734163e-05,2.6934620109386746e-05,2.5940375508071156e-05,3.4667536965571344e-05
EC-Earth3-Veg,pr,RMSE,2013,2.6568290195427835e-05,2.701412859096308e-05,2.5117170480370987e-05,3.435697059709734e-05
EC-Earth3-Veg,pr,RMSE,2014,2.6222159552465506e-05,2.596728503097741e-05,2.5826070668699685e-05,3.367761534415573e-05
EC-Earth3-Veg,pr,RMSE,2015,2.8019089313602308e-05,2.810104191060721e-05,2.711507962279332e-05,3.657734244673823e-05
EC-Earth3-Veg,pr,RMSE,2016,2.7596614321131103e-05,2.7472143149983214e-05,2.7245515260195436e-05,3.5681169568609526e-05
EC-Earth3-Veg,pr,RMSE,2017,2.515652765093061e-05,2.5331477293851396e-05,2.422066639458838e-05,3.2338917359690335e-05
EC-Earth3-Veg,pr,RMSE,2018,2.555019561138276e-05,2.4885965103749182e-05,2.5442727292102063e-05,3.29820615358282e-05
EC-Earth3-Veg,pr,RMSE,2019,2.560933095689203e-05,2.531338547366128e-05,2.496345958509967e-05,3.291380365529525e-05
EC-Earth3-Veg,pr,RMSE,2020,2.700075401662616e-05,2.6530545255809557e-05,2.6487777176953387e-05,3.4854874987407435e-05
EC-Earth3-Veg,pr,RMSE,2021,2.6729434618270417e-05,2.6486802350215537e-05,2.6122193503397284e-05,3.432822662337761e-05
EC-Earth3-Veg,pr,RMSE,2022,2.721547040588727e-05,2.6663209609978367e-05,2.7207907502694677e-05,3.5156530429958366e-05
EC-Earth3-Veg,pr,RMSE,2023,2.645972957301031e-05,2.6724186985423632e-05,2.5087554755979607e-05,3.398299031687202e-05
EC-Earth3-Veg,pr,RMSE,2024,2.689288673233629e-05,2.7172541498051338e-05,2.550014081255843e-05,3.476192280989684e-05
EC-Earth3-Veg,tas,MAE,2005,2.013463569441289,1.951534210984177,2.0774105935275684,1.2975543952903297
EC-Earth3-Veg,tas,MAE,2006,2.050316968331754,2.003924056697813,2.098411118742799,1.2627363948414898
EC-Earth3-Veg,tas,MAE,2007,2.032648763820221,1.9811613902655825,2.0863301176984037,1.3356401147045756
EC-Earth3-Veg,tas,MAE,2008,2.0352643306248637,2.0088101480338625,2.0634515168563285,1.2487988693925114
EC-Earth3-Veg,tas,MAE,2009,1.974311790135966,1.9334255776230576,2.017065323006177,1.253824568256168
EC-Earth3-Veg,tas,MAE,2010,2.1716535649711086,2.149554829625996,2.1957927320772206,1.515497874547125
EC-Earth3-Veg,tas,MAE,2011,2.0813895465541807,2.0245225638386457,2.1395531948703255,1.3770820677102689
EC-Earth3-Veg,tas,MAE,2012,2.091174698989638,2.0473717337797273,2.1374839264822385,1.2723053278598542
EC-Earth3-Veg,tas,MAE,2013,1.999980788644671,1.9474323109011673,2.0545659979143154,1.2909705471297102
EC-Earth3-Veg,tas,MAE,2014,2.027791264942247,1.9079419828190591,2.1510425402132127,1.2615929651499798
EC-Earth3-Veg,tas,MAE,2015,1.9766327393040892,1.851271873029137,2.105043021823653,1.2237909658529431
EC-Earth3-Veg,tas,MAE,2016,2.08353578248263,2.028898170356083,2.139908101954704,1.352041614941399
EC-Earth3-Veg,tas,MAE,2017,1.97386369600982,1.8917230594373131,2.0579226207705275,1.24560181463281
EC-Earth3-Veg,tas,MAE,2018,1.9601462794946325,1.891415687775499,2.0312907825394713,1.2353582210388283
EC-Earth3-Veg,tas,MAE,2019,2.001264588913013,1.9019313659061872,2.103549961059224,1.2790668312839026
EC-Earth3-Veg,tas,MAE,2020,2.0457142548682143,1.9780576105396397,2.115877087050725,1.3155922691628883
EC-Earth3-Veg,tas,MAE,2021,2.0551246655720714,1.9687712650945697,2.143247724325976,1.3189929520264967
EC-Earth3-Veg,tas,MAE,2022,1.9471032297847857,1.8298601012502664,2.0672687546668542,1.3058177697646296
EC-Earth3-Veg,tas,MAE,2023,1.971428287793053,2.001165561514852,1.9421347545643524,1.2924015290622464
EC-Earth3-Veg,tas,MAE,2024,2.0284651991515,2.0170954624102873,2.0404683198779336,1.3610057155846569
EC-Earth3-Veg,tas,RMSE,2005,3.0145027210331854,2.865077294451922,3.104197820127423,1.8770239588000812
EC-Earth3-Veg,tas,RMSE,2006,3.1228655306889035,2.943606043087422,3.2331130511746724,1.859635948005126
EC-Earth3-Veg,tas,RMSE,2007,2.9828248347004895,2.88271315918672,3.03403072376002,1.9079384971084643
EC-Earth3-Veg,tas,RMSE,2008,3.1062195398833956,2.9242787953874445,3.2181655197959516,1.8474159151464056
EC-Earth3-Veg,tas,RMSE,2009,2.9907999323794794,2.845968920340029,3.073534566741913,1.870070294586232
EC-Earth3-Veg,tas,RMSE,2010,3.22880913737982,3.0655710504709055,3.3035740191602514,2.118902326085485
EC-Earth3-Veg,tas,RMSE,2011,3.078453917711126,2.9073479106546567,3.204575942605894,1.9204228242753376
EC-Earth3-Veg,tas,RMSE,2012,3.169192741735278,2.9624056632227753,3.281120092996059,1.864566773876562
EC-Earth3-Veg,tas,RMSE,2013,3.0029555281666016,2.8943485114995986,3.053896676049698,1.90437399150274
EC-Earth3-Veg,tas,RMSE,2014,3.1264602478470795,2.87361366357231,3.296678464052798,1.852314142597888
EC-Earth3-Veg,tas,RMSE,2015,3.0470379043362343,2.7496206116948834,3.2533893765510147,1.807015957083295
EC-Earth3-Veg,tas,RMSE,2016,3.141896101366827,2.955105692626939,3.24692146680817,1.951721406288651
EC-Earth3-Veg,tas,RMSE,2017,3.0032473898737084,2.7674153743712284,3.158761751453273,1.8259208885479352
EC-Earth3-Veg,tas,RMSE,2018,2.9615766045105545,2.80873978699926,3.0627313779899747,1.825097446943748
EC-Earth3-Veg,tas,RMSE,2019,3.0265481359652626,2.811775024001823,3.1694732095595985,1.848490437351676
EC-Earth3-Veg,tas,RMSE,2020,3.032013842890916,2.8806621706363167,3.131295447884756,1.866263028379971
EC-Earth3-Veg,tas,RMSE,2021,3.077042108722967,2.869542798712491,3.218875633542488,1.8838273522216804
EC-Earth3-Veg,tas,RMSE,2022,2.908273249762665,2.707134833287533,3.0637776128887544,1.8764439821219796
EC-Earth3-Veg,tas,RMSE,2023,3.009195120876587,2.906507789543177,3.049274224484219,1.9123845932150116
EC-Earth3-Veg,tas,RMSE,2024,2.96486680438157,2.834508081632103,3.0539748074344697,1.9135987183695449
EC-Earth3-Veg-LR,clt,MAE,2005,13.748657862345375,12.562517563501991,14.93479832013448,14.452702601750692
EC-Earth3-Veg-LR,clt,MAE,2006,13.04444146156311,12.064417044321695,14.024466276168823,13.074724594751991
EC-Earth3-Veg-LR,clt,MAE,2007,13.407328367233276,12.10953402519226,14.70512310663859,13.846017360687256
EC-Earth3-Veg-LR,clt,MAE,2008,13.505780140558878,12.462722857793173,14.548837264378866,13.822498401006063
EC-Earth3-Veg-LR,clt,MAE,2009,13.338958660761516,12.435399850209556,14.242517709732056,13.362783829371134
EC-Earth3-Veg-LR,clt,MAE,2010,14.300893545150757,13.269612948099772,15.332173347473145,15.245631456375122
EC-Earth3-Veg-LR,clt,MAE,2011,13.734505891799929,12.471449375152588,14.997562646865845,14.05256493886312
EC-Earth3-Veg-LR,clt,MAE,2012,13.580564816792808,12.651232481002808,14.509896834691366,13.8362398147583
EC-Earth3-Veg-LR,clt,MAE,2013,13.341861327489218,12.359966595967611,14.323756138483684,13.631431897481283
EC-Earth3-Veg-LR,clt,MAE,2014,13.455758492151896,12.226236581802368,14.685279925664268,13.814597288767496
EC-Earth3-Veg-LR,clt,MAE,2015,13.508456468582152,12.345718701680502,14.671193997065226,14.105301856994627
EC-Earth3-Veg-LR,clt,MAE,2016,13.40709137916565,12.084059635798136,14.730123360951742,13.679379304250082
EC-Earth3-Veg-LR,clt,MAE,2017,12.725091616312662,11.683639208475748,13.766544103622437,12.814316511154177
EC-Earth3-Veg-LR,clt,MAE,2018,13.115445057551064,12.08389417330424,14.146995544433594,13.536087036132812
EC-Earth3-Veg-LR,clt,MAE,2019,13.173003435134888,11.897869110107422,14.448137680689491,13.518170754114786
EC-Earth3-Veg-LR,clt,MAE,2020,13.627111514409384,12.42389464378357,14.830328623453775,14.399344126383465
EC-Earth3-Veg-LR,clt,MAE,2021,13.793642203013102,12.46488650639852,15.122398296991983,14.386320114135742
EC-Earth3-Veg-LR,clt,MAE,2022,13.575894355773926,12.193001747131348,14.958787520726522,14.141165018081663
EC-Earth3-Veg-LR,clt,MAE,2023,13.420992056528728,12.045107046763102,14.796876351038614,13.850832223892212
EC-Earth3-Veg-LR,clt,MAE,2024,13.996797243754068,12.65087882677714,15.342715819676718,14.910247961680094
EC-Earth3-Veg-LR,clt,RMSE,2005,17.755767583847046,16.417925516764324,18.879857381184895,18.319228728612263
EC-Earth3-Veg-LR,clt,RMSE,2006,16.863783439000446,15.601564566294352,17.91819977760315,16.714579184850056
EC-Earth3-Veg-LR,clt,RMSE,2007,17.426860729853313,15.839714686075846,18.798410574595135,17.787588596343994
EC-Earth3-Veg-LR,clt,RMSE,2008,17.49141303698222,16.257466793060303,18.525970935821533,17.6378493309021
EC-Earth3-Veg-LR,clt,RMSE,2009,17.26538022359212,16.22046152750651,18.12277428309123,17.191824674606323
EC-Earth3-Veg-LR,clt,RMSE,2010,18.382873058319092,17.258059978485107,19.307826042175293,19.242485841115315
EC-Earth3-Veg-LR,clt,RMSE,2011,17.650155544281006,16.174917459487915,18.91485897699992,17.854652722676594
EC-Earth3-Veg-LR,clt,RMSE,2012,17.579941749572754,16.414654811223347,18.53161160151164,17.713040908177693
EC-Earth3-Veg-LR,clt,RMSE,2013,17.388291041056316,16.30150008201599,18.3233642578125,17.478932936986286
EC-Earth3-Veg-LR,clt,RMSE,2014,17.466177145640057,15.996632814407349,18.713370005289715,17.627096732457478
EC-Earth3-Veg-LR,clt,RMSE,2015,17.32988166809082,15.98839553197225,18.499249776204422,17.85982020696004
EC-Earth3-Veg-LR,clt,RMSE,2016,17.44267924626668,15.828359365463257,18.814042727152508,17.481881539026897
EC-Earth3-Veg-LR,clt,RMSE,2017,16.47902750968933,15.188233772913614,17.627163410186768,16.35184343655904
EC-Earth3-Veg-LR,clt,RMSE,2018,16.945788939793903,15.673733472824097,18.057039737701416,17.33530529340108
EC-Earth3-Veg-LR,clt,RMSE,2019,17.090381781260174,15.4140415986379,18.515704313913982,17.186036030451458
EC-Earth3-Veg-LR,clt,RMSE,2020,17.53684862454732,16.17341097195943,18.719518025716145,18.241899490356445
EC-Earth3-Veg-LR,clt,RMSE,2021,17.788749535878498,16.158414999643963,19.150509516398113,18.27093235651652
EC-Earth3-Veg-LR,clt,RMSE,2022,17.50084598859151,15.969033241271973,18.81946706771851,18.009472926457722
EC-Earth3-Veg-LR,clt,RMSE,2023,17.261765877405804,15.634005705515545,18.65647300084432,17.57450540860494
EC-Earth3-Veg-LR,clt,RMSE,2024,17.938713550567627,16.36533252398173,19.29959472020467,18.74967241287231
EC-Earth3-Veg-LR,pr,MAE,2005,1.6692831953453908e-05,1.6684595872599555e-05,1.670106826168194e-05,2.274387528207929e-05
EC-Earth3-Veg-LR,pr,MAE,2006,1.5863310939797277e-05,1.607734482907593e-05,1.5649276747353724e-05,2.1177065264055273e-05
EC-Earth3-Veg-LR,pr,MAE,2007,1.6781390134686564e-05,1.6707467163238714e-05,1.6855313788255444e-05,2.2458122202806408e-05
EC-Earth3-Veg-LR,pr,MAE,2008,1.6551768870461576e-05,1.6542698782965697e-05,1.6560838654792558e-05,2.238942018569408e-05
EC-Earth3-Veg-LR,pr,MAE,2009,1.5973857747061022e-05,1.6277550988282503e-05,1.5670164354257093e-05,2.127269605504504e-05
EC-Earth3-Veg-LR,pr,MAE,2010,1.796115414739082e-05,1.78838250424936e-05,1.8038484616530088e-05,2.5016916727812103e-05
EC-Earth3-Veg-LR,pr,MAE,2011,1.6844207342122292e-05,1.6834362137766828e-05,1.6854050954862032e-05,2.309215339361496e-05
EC-Earth3-Veg-LR,pr,MAE,2012,1.6578603435846162e-05,1.6571143684510996e-05,1.658606174714805e-05,2.2442498599654453e-05
EC-Earth3-Veg-LR,pr,MAE,2013,1.664513987028234e-05,1.6788103494036477e-05,1.6502176625484328e-05,2.2724490008840803e-05
EC-Earth3-Veg-LR,pr,MAE,2014,1.67083444466698e-05,1.7053617511919583e-05,1.6363070926672663e-05,2.2827595936784444e-05
EC-Earth3-Veg-LR,pr,MAE,2015,1.7113117943760397e-05,1.734053201592663e-05,1.688570372001171e-05,2.35016946135147e-05
EC-Earth3-Veg-LR,pr,MAE,2016,1.652842630998445e-05,1.620692493512858e-05,1.6849927609049093e-05,2.2435903853571897e-05
EC-Earth3-Veg-LR,pr,MAE,2017,1.5826746221137e-05,1.573415897837549e-05,1.591933300915116e-05,2.1295201501440413e-05
EC-Earth3-Veg-LR,pr,MAE,2018,1.6225152573194162e-05,1.589262706147565e-05,1.6557677705956546e-05,2.2189319376290467e-05
EC-Earth3-Veg-LR,pr,MAE,2019,1.6352882009111152e-05,1.619144457739215e-05,1.65143195924126e-05,2.218203204999251e-05
EC-Earth3-Veg-LR,pr,MAE,2020,1.7117861868124844e-05,1.7561221511641634e-05,1.667450320989398e-05,2.3350571154878708e-05
EC-Earth3-Veg-LR,pr,MAE,2021,1.728462757455418e-05,1.6935870765640477e-05,1.763338438346788e-05,2.3630261845634475e-05
EC-Earth3-Veg-LR,pr,MAE,2022,1.7289404164936666e-05,1.6361352588016114e-05,1.8217455514483543e-05,2.3762181323642533e-05
EC-Earth3-Veg-LR,pr,MAE,2023,1.6807524692315685e-05,1.6833139473722742e-05,1.678190975932618e-05,2.2812398886647618e-05
EC-Earth3-Veg-LR,pr,MAE,2024,1.7052437594126484e-05,1.7720823431470006e-05,1.6384050923079485e-05,2.342105699426611e-05
EC-Earth3-Veg-LR,pr,RMSE,2005,2.686286613122017e-05,2.6616054886593098e-05,2.621682157647835e-05,3.4743654396152124e-05
EC-Earth3-Veg-LR,pr,RMSE,2006,2.511880757083418e-05,2.535729299779632e-05,2.3923027432222927e-05,3.19587481196019e-05
EC-Earth3-Veg-LR,pr,RMSE,2007,2.7013395689815905e-05,2.669911130700105e-05,2.6359961339039728e-05,3.458732968889914e-05
EC-Earth3-Veg-LR,pr,RMSE,2008,2.641985959902134e-05,2.6266022662942607e-05,2.5768018986127572e-05,3.399571035818857e-05
EC-Earth3-Veg-LR,pr,RMSE,2009,2.5595742954465095e-05,2.578983427762675e-05,2.4476428886070305e-05,3.2681819902791176e-05
EC-Earth3-Veg-LR,pr,RMSE,2010,2.9094213308174705e-05,2.9181140083286056e-05,2.8506812820220755e-05,3.8012103990088995e-05
EC-Earth3-Veg-LR,pr,RMSE,2011,2.665876233246915e-05,2.690718899126902e-05,2.5771802332504496e-05,3.4445663307754636e-05
EC-Earth3-Veg-LR,pr,RMSE,2012,2.6610739193226138e-05,2.6316075036447728e-05,2.597480958381008e-05,3.4300283004995435e-05
EC-Earth3-Veg-LR,pr,RMSE,2013,2.6891060618557575e-05,2.7093767888194027e-05,2.572029810229045e-05,3.477421508553865e-05
EC-Earth3-Veg-LR,pr,RMSE,2014,2.6713970025108814e-05,2.737849930175192e-05,2.523638333210935e-05,3.452221411256081e-05
EC-Earth3-Veg-LR,pr,RMSE,2015,2.7673964571780136e-05,2.800832256374027e-05,2.6416095958362955e-05,3.5913930029588904e-05
EC-Earth3-Veg-LR,pr,RMSE,2016,2.6608112420944963e-05,2.6144293466738116e-05,2.6463668897728592e-05,3.427717441203034e-05
EC-Earth3-Veg-LR,pr,RMSE,2017,2.5012894032746164e-05,2.508976740500657e-05,2.427950691223183e-05,3.214884342620886e-05
EC-Earth3-Veg-LR,pr,RMSE,2018,2.6096974579559173e-05,2.532372066828733e-05,2.5937465125025483e-05,3.388811880237578e-05
EC-Earth3-Veg-LR,pr,RMSE,2019,2.6489485511168216e-05,2.6311293064888257e-05,2.575756843725685e-05,3.424161225969632e-05
EC-Earth3-Veg-LR,pr,RMSE,2020,2.7471326878488373e-05,2.8198096060805256e-05,2.5723082217155024e-05,3.5513458897185046e-05
EC-Earth3-Veg-LR,pr,RMSE,2021,2.7703065522170316e-05,2.7006881585596904e-05,2.7843435873364797e-05,3.5810258850688115e-05
EC-Earth3-Veg-LR,pr,RMSE,2022,2.7656240945361787e-05,2.6549725437992795e-05,2.8188931689025292e-05,3.585000968087115e-05
EC-Earth3-Veg-LR,pr,RMSE,2023,2.7118697137969623e-05,2.679643481921327e-05,2.6456765832942136e-05,3.509071333004007e-05
EC-Earth3-Veg-LR,pr,RMSE,2024,2.7506975432819065e-05,2.8500261881466333e-05,2.5288243477916698e-05,3.5701699744095095e-05
EC-Earth3-Veg-LR,tas,MAE,2005,2.2608809159485785,2.3262363930322087,2.194841912178896,1.6133622632271558
EC-Earth3-Veg-LR,tas,MAE,2006,2.24884941698046,2.3342746064149416,2.16333848070776,1.5003590380836644
EC-Earth3-Veg-LR,tas,MAE,2007,2.2699564136178325,2.3799339727901008,2.1595450136078815,1.534526968322343
EC-Earth3-Veg-LR,tas,MAE,2008,2.219850558634866,2.3040179891328476,2.1346370082771697,1.4624036455570246
EC-Earth3-Veg-LR,tas,MAE,2009,2.2352287130368613,2.31302110874042,2.1571757702296064,1.5862462783187683
EC-Earth3-Veg-LR,tas,MAE,2010,2.3553110993879147,2.4269249778899344,2.2837186600598263,1.7354731520443476
EC-Earth3-Veg-LR,tas,MAE,2011,2.248577264259382,2.317146346017099,2.179674882848338,1.5427711886948492
EC-Earth3-Veg-LR,tas,MAE,2012,2.222531955312957,2.2300206193336156,2.215954195450666,1.4546941476634982
EC-Earth3-Veg-LR,tas,MAE,2013,2.1810758994880075,2.184680853517843,2.178101935998868,1.5045227293340229
EC-Earth3-Veg-LR,tas,MAE,2014,2.192251528708287,2.178827851419456,2.206643932490699,1.551185826217177
EC-Earth3-Veg-LR,tas,MAE,2015,2.2663724049695144,2.2655356846536248,2.268239984310894,1.5821277236561029
EC-Earth3-Veg-LR,tas,MAE,2016,2.3321783322211376,2.365177637100962,2.299358218581613,1.627431926461428
EC-Earth3-Veg-LR,tas,MAE,2017,2.248455053361211,2.326091602715057,2.1714038272969662,1.5596103753176058
EC-Earth3-Veg-LR,tas,MAE,2018,2.1636196543366557,2.222609398473228,2.10524214981528,1.5060387123568195
EC-Earth3-Veg-LR,tas,MAE,2019,2.2234666342372655,2.266343583531816,2.180916115366456,1.6220406189755827
EC-Earth3-Veg-LR,tas,MAE,2020,2.289058967416984,2.3752143105106467,2.202657145840101,1.6577021348583392
EC-Earth3-Veg-LR,tas,MAE,2021,2.2601526902348588,2.29982012963684,2.2207377274782,1.5790092435357603
EC-Earth3-Veg-LR,tas,MAE,2022,2.1295369831398254,2.1514452387691203,2.108124622943546,1.446467479657368
EC-Earth3-Veg-LR,tas,MAE,2023,2.226490421395805,2.364305433162146,2.086223591651635,1.6539830814569694
EC-Earth3-Veg-LR,tas,MAE,2024,2.3043525067606474,2.40441018577901,2.2032559608860156,1.7540848192245075
EC-Earth3-Veg-LR,tas,RMSE,2005,3.2168966543836386,3.2347306517755676,3.1440937583003215,2.164506085575519
EC-Earth3-Veg-LR,tas,RMSE,2006,3.260520986110458,3.2594842169120284,3.19372256655094,2.033337026888112
EC-Earth3-Veg-LR,tas,RMSE,2007,3.228286600263983,3.314027088116969,3.0845313394382003,2.0600171396332296
EC-Earth3-Veg-LR,tas,RMSE,2008,3.202096671577312,3.196580348175678,3.16454210478463,2.0083227310440135
EC-Earth3-Veg-LR,tas,RMSE,2009,3.179559765662299,3.1848535237201308,3.1270404601009525,2.13202913543311
EC-Earth3-Veg-LR,tas,RMSE,2010,3.351837111661637,3.3468468664071302,3.2970310061665615,2.314496387611048
EC-Earth3-Veg-LR,tas,RMSE,2011,3.227217591508517,3.2436010566633713,3.174781179364844,2.0613946789610136
EC-Earth3-Veg-LR,tas,RMSE,2012,3.2414937377524797,3.11574370890319,3.312646869462524,1.9642193312346712
EC-Earth3-Veg-LR,tas,RMSE,2013,3.151298064169461,3.0820938367999227,3.170313332057273,2.050587035327513
EC-Earth3-Veg-LR,tas,RMSE,2014,3.139729158891558,3.038657424224381,3.195069188554392,2.0715160482512665
EC-Earth3-Veg-LR,tas,RMSE,2015,3.2579820443366088,3.128234174829832,3.330173511932358,2.0894616606296577
EC-Earth3-Veg-LR,tas,RMSE,2016,3.346922671001893,3.2879916048826807,3.3463785335390255,2.1619420999677192
EC-Earth3-Veg-LR,tas,RMSE,2017,3.2504894977324597,3.2258132210072343,3.20132576537385,2.075540403858645
EC-Earth3-Veg-LR,tas,RMSE,2018,3.104374730855238,3.1132243863322895,3.047009813196454,2.033782308553087
EC-Earth3-Veg-LR,tas,RMSE,2019,3.1761248931485455,3.1438994478104667,3.145977821158682,2.1257742290846138
EC-Earth3-Veg-LR,tas,RMSE,2020,3.2080725347501997,3.253995129551458,3.1068789642017336,2.156471314894455
EC-Earth3-Veg-LR,tas,RMSE,2021,3.203994001348221,3.163549043396314,3.1899617044466484,2.085559782185032
EC-Earth3-Veg-LR,tas,RMSE,2022,3.063407606807059,3.018082761118812,3.065570003748308,1.960913749826097
EC-Earth3-Veg-LR,tas,RMSE,2023,3.1633805988239847,3.207891013330072,3.0659544326807526,2.2006034126607577
EC-Earth3-Veg-LR,tas,RMSE,2024,3.213259189590104,3.200006162604655,3.1834715286049886,2.265187046856791
EC-Earth3-Veg-LR,tos,MAE,2005,1.47839551170667,1.086924637357394,1.7688630521297457,1.017429878314336
EC-Earth3-Veg-LR,tos,MAE,2006,1.4642068445682526,1.0866481165091195,1.744725873072942,0.9665093272924424
EC-Earth3-Veg-LR,tos,MAE,2007,1.5070441563924153,1.137410134077072,1.782042642434438,1.02763994038105
EC-Earth3-Veg-LR,tos,MAE,2008,1.5373948216438291,1.228221416473389,1.7681954701741536,1.031276961167653
EC-Earth3-Veg-LR,tos,MAE,2009,1.4630273878574371,1.0983034471670787,1.73305348555247,0.9445581038792928
EC-Earth3-Veg-LR,tos,MAE,2010,1.5886059403419497,1.2321991225083668,1.8526873588562012,1.2011304100354512
EC-Earth3-Veg-LR,tos,MAE,2011,1.5976210832595823,1.2144539256890614,1.8823818465073905,1.1938123106956482
EC-Earth3-Veg-LR,tos,MAE,2012,1.5626684427261353,1.1549110561609268,1.8658280670642853,1.0745269109805424
EC-Earth3-Veg-LR,tos,MAE,2013,1.5355598628520966,1.0705971866846085,1.8805057207743328,1.0810720721880596
EC-Earth3-Veg-LR,tos,MAE,2014,1.443349222342173,0.9598923772573472,1.8006877998510995,0.9771215120951334
EC-Earth3-Veg-LR,tos,MAE,2015,1.4761603871981304,1.0132122039794922,1.8175382018089297,0.9936012327671052
EC-Earth3-Veg-LR,tos,MAE,2016,1.4724048574765525,1.0676416208346684,1.7723704278469086,0.9803688079118728
EC-Earth3-Veg-LR,tos,MAE,2017,1.4384206632773082,1.0975805819034576,1.6916020115216572,0.9787061164776484
EC-Earth3-Veg-LR,tos,MAE,2018,1.442504604657491,0.9971193273862204,1.7719486057758331,0.9916619261105856
EC-Earth3-Veg-LR,tos,MAE,2019,1.4058162073294322,0.9892409692207972,1.71337162454923,0.9696619212627412
EC-Earth3-Veg-LR,tos,MAE,2020,1.5022996564706166,1.1307290693124137,1.77720179160436,1.0999796738227208
EC-Earth3-Veg-LR,tos,MAE,2021,1.5850745538870494,1.2008383373419445,1.86995193362236,1.2294741521279018
EC-Earth3-Veg-LR,tos,MAE,2022,1.5375063916047411,1.12208258608977,1.8453581631183624,1.1754355728626251
EC-Earth3-Veg-LR,tos,MAE,2023,1.4449076652526855,1.1516867280006409,1.6605956256389618,1.0447110285361607
EC-Earth3-Veg-LR,tos,MAE,2024,1.5179356833299,1.2738021314144137,1.6985069115956624,1.1645924150943756
EC-Earth3-Veg-LR,tos,RMSE,2005,1.9585517247517903,1.515147606531779,2.2250124514102936,1.3532019356886549
EC-Earth3-Veg-LR,tos,RMSE,2006,1.956542452176412,1.5094217856725056,2.2228086789449057,1.2605231901009877
EC-Earth3-Veg-LR,tos,RMSE,2007,1.981419990460078,1.5821619629859924,2.2202825446923575,1.349195420742035
EC-Earth3-Veg-LR,tos,RMSE,2008,2.0069015324115753,1.661424954732259,2.210569739341736,1.3199537992477417
EC-Earth3-Veg-LR,tos,RMSE,2009,1.939274330933889,1.492174704869588,2.200738032658895,1.2349365850289662
EC-Earth3-Veg-LR,tos,RMSE,2010,2.062703231970469,1.6360059877236683,2.317050665616989,1.5281961560249329
EC-Earth3-Veg-LR,tos,RMSE,2011,2.081882804632187,1.6230835417906444,2.352938403685888,1.5104632476965587
EC-Earth3-Veg-LR,tos,RMSE,2012,2.051655352115631,1.5843089918295543,2.3212965726852417,1.403724769751231
EC-Earth3-Veg-LR,tos,RMSE,2013,2.001168191432953,1.45258163412412,2.3172505497932434,1.397611876328786
EC-Earth3-Veg-LR,tos,RMSE,2014,1.922376712163289,1.3141613900661469,2.2621010839939117,1.274651736021042
EC-Earth3-Veg-LR,tos,RMSE,2015,1.976193259159724,1.365330954392751,2.317030409971873,1.2999614278475444
EC-Earth3-Veg-LR,tos,RMSE,2016,1.961767355600993,1.4472054441769917,2.2609168688456216,1.276714265346527
EC-Earth3-Veg-LR,tos,RMSE,2017,1.9035388429959617,1.4837966561317444,2.1555504898230233,1.2876679599285126
EC-Earth3-Veg-LR,tos,RMSE,2018,1.9228313565254211,1.4087767104307811,2.220176567633947,1.312435398499171
EC-Earth3-Veg-LR,tos,RMSE,2019,1.8716520269711812,1.3602450986703236,2.168057143688202,1.2622514615456264
EC-Earth3-Veg-LR,tos,RMSE,2020,1.943164130051931,1.512514630953471,2.2013264298439026,1.3921143313248951
EC-Earth3-Veg-LR,tos,RMSE,2021,2.044394830862681,1.5904675126075745,2.318820287783941,1.546186904112498
EC-Earth3-Veg-LR,tos,RMSE,2022,1.9964495599269867,1.5162170032660167,2.2808936635653176,1.5312690635522206
EC-Earth3-Veg-LR,tos,RMSE,2023,1.912191818157832,1.5533611178398132,2.122102697690328,1.3640012840429945
EC-Earth3-Veg-LR,tos,RMSE,2024,1.9644194543361664,1.6892227629820509,2.1324540177981057,1.4678419331709545
FGOALS-g3,clt,MAE,2005,18.526203950246177,16.803248802820843,20.24915822347005,17.62501136461894
FGOALS-g3,clt,MAE,2006,18.42122872670491,16.974095424016316,19.868360996246334,17.273961702982586
FGOALS-g3,clt,MAE,2007,18.79014825820923,17.2709698677063,20.309325138727825,17.898976882298786
FGOALS-g3,clt,MAE,2008,18.693989912668865,17.26055630048116,20.12742217381795,17.846702734629314
FGOALS-g3,clt,MAE,2009,18.486876964569092,16.866965134938557,20.10678688685099,17.33614953358968
FGOALS-g3,clt,MAE,2010,19.161309878031417,17.397910912831623,20.924707730611164,18.53151845932007
FGOALS-g3,clt,MAE,2011,19.010812759399418,17.672035535176594,20.349587440490723,18.296690940856937
FGOALS-g3,clt,MAE,2012,18.59892400105794,17.226791699727375,19.97105423609416,17.426300923029583
FGOALS-g3,clt,MAE,2013,18.71511220932007,17.177953720092773,20.252267758051556,17.73034660021464
FGOALS-g3,clt,MAE,2014,18.643451531728108,17.161257823308308,20.125643173853557,17.6491375764211
FGOALS-g3,clt,MAE,2015,18.450995922088623,16.93658995628357,19.965399583180744,17.258155743281048
FGOALS-g3,clt,MAE,2016,18.534746805826824,16.976394494374592,20.0930970509847,17.27848521868388
FGOALS-g3,clt,MAE,2017,18.67696460088094,17.311737537384033,20.04218928019206,17.5682688554128
FGOALS-g3,clt,MAE,2018,18.59475914637248,17.40536626180013,19.784150282541912,17.75649817784627
FGOALS-g3,clt,MAE,2019,18.26935577392578,16.764302174250286,19.774407625198364,16.963778654734295
FGOALS-g3,clt,MAE,2020,18.929549853007,17.338669379552204,20.520428975423176,17.99708604812622
FGOALS-g3,clt,MAE,2021,18.667911688486736,17.212084770202637,20.123737970987957,17.854509830474854
FGOALS-g3,clt,MAE,2022,19.09078900019328,17.51685929298401,20.66471751530965,18.220885515213013
FGOALS-g3,clt,MAE,2023,18.471104462941486,16.63646403948466,20.30574321746826,17.20022217432658
FGOALS-g3,clt,MAE,2024,19.281201362609863,17.467817624409992,21.094583988189697,18.474572976430256
FGOALS-g3,clt,RMSE,2005,22.073253631591797,20.40227826436361,23.356839021046955,21.56191857655843
FGOALS-g3,clt,RMSE,2006,21.8616574605306,20.46406586964925,22.874030113220215,20.97363233566284
FGOALS-g3,clt,RMSE,2007,22.266383171081543,20.82673740386963,23.391280968983967,21.725625197092693
FGOALS-g3,clt,RMSE,2008,22.265068689982098,20.892219066619873,23.30038658777873,21.862322171529133
FGOALS-g3,clt,RMSE,2009,22.00122817357381,20.38183577855428,23.23930009206136,21.24025011062622
FGOALS-g3,clt,RMSE,2010,22.684616724650063,21.057737350463867,24.000980377197266,22.46933062871297
FGOALS-g3,clt,RMSE,2011,22.534456888834637,21.31612189610799,23.4768492380778,22.146472454071045
FGOALS-g3,clt,RMSE,2012,22.04951047897339,20.851726214090984,22.923750400543213,21.116939544677734
FGOALS-g3,clt,RMSE,2013,22.160208384195965,20.793344020843502,23.218966325124104,21.49521605173747
FGOALS-g3,clt,RMSE,2014,22.094777425130207,20.669362386067707,23.156373977661133,21.42843532562256
FGOALS-g3,clt,RMSE,2015,21.92539119720459,20.58287779490153,22.929737091064453,21.01095660527547
FGOALS-g3,clt,RMSE,2016,21.9725235303243,20.41100486119588,23.20260334014893,21.03743553161621
FGOALS-g3,clt,RMSE,2017,22.145988941192627,20.839972496032715,23.082676728566486,21.34598843256633
FGOALS-g3,clt,RMSE,2018,22.0499906539917,20.96862411499023,22.8127179145813,21.511801560719807
FGOALS-g3,clt,RMSE,2019,21.746049880981445,20.30496088663737,22.800451437632244,20.690831025441486
FGOALS-g3,clt,RMSE,2020,22.498456796010338,21.0676170984904,23.58743937810262,21.96240536371867
FGOALS-g3,clt,RMSE,2021,22.179099718729656,20.8089763323466,23.236959139506023,21.78623104095459
FGOALS-g3,clt,RMSE,2022,22.70964368184407,21.185526212056477,23.829612572987873,22.27365016937256
FGOALS-g3,clt,RMSE,2023,21.886287053426106,20.06543715794881,23.31580909093221,20.8177752494812
FGOALS-g3,clt,RMSE,2024,22.74857981999715,21.054863770802815,24.107465902964275,22.25560410817464
FGOALS-g3,pr,MAE,2005,1.8458536639324542e-05,1.906224603468824e-05,1.7854826865004725e-05,2.5673133980793256e-05
FGOALS-g3,pr,MAE,2006,1.7641051120638924e-05,1.8873423793290083e-05,1.640867609845979e-05,2.4419493608244615e-05
FGOALS-g3,pr,MAE,2007,1.8516244381316938e-05,1.957625757616673e-05,1.7456229367477743e-05,2.529448041362533e-05
FGOALS-g3,pr,MAE,2008,1.9209800484532025e-05,1.9770968037846615e-05,1.864863035431578e-05,2.703740195405165e-05
FGOALS-g3,pr,MAE,2009,1.8357134194957325e-05,1.893996477519977e-05,1.7774302477846504e-05,2.5512202834458247e-05
FGOALS-g3,pr,MAE,2010,1.9917383572950104e-05,2.0820768061942847e-05,1.9013996582846932e-05,2.8379892683005892e-05
FGOALS-g3,pr,MAE,2011,1.9312813340851186e-05,2.0195982870063744e-05,1.842964184106677e-05,2.7469967638656573e-05
FGOALS-g3,pr,MAE,2012,1.7856122970745975e-05,1.918033255302968e-05,1.653191126630797e-05,2.4749735378766975e-05
FGOALS-g3,pr,MAE,2013,1.850306322618659e-05,2.0054819136324415e-05,1.6951305648641817e-05,2.5966258969371363e-05
FGOALS-g3,pr,MAE,2014,1.8016698959399943e-05,1.9029232134926133e-05,1.7004163510137005e-05,2.528680685524402e-05
FGOALS-g3,pr,MAE,2015,1.8337716179909577e-05,1.9886528510445107e-05,1.6788902030384634e-05,2.55423697126389e-05
FGOALS-g3,pr,MAE,2016,1.8643892265875667e-05,1.9641781136670033e-05,1.7646001197135774e-05,2.6046395002291927e-05
FGOALS-g3,pr,MAE,2017,1.8485724316027092e-05,1.949568786585587e-05,1.7475758871417686e-05,2.5847092577654017e-05
FGOALS-g3,pr,MAE,2018,1.8247849917922092e-05,1.91788033892711e-05,1.7316894551792455e-05,2.5603434854322888e-05
FGOALS-g3,pr,MAE,2019,1.8051140462678937e-05,1.9211875724067795e-05,1.689040323071822e-05,2.511710878631372e-05
FGOALS-g3,pr,MAE,2020,1.9021003784776745e-05,1.9817672409772055e-05,1.822433288604467e-05,2.6498797069507415e-05
FGOALS-g3,pr,MAE,2021,1.9079819139733445e-05,1.938919482806038e-05,1.8770441177669756e-05,2.681061247737186e-05
FGOALS-g3,pr,MAE,2022,1.9140473038229785e-05,1.958168589529426e-05,1.869925813480222e-05,2.701065523069701e-05
FGOALS-g3,pr,MAE,2023,1.7667050997260958e-05,1.889621853479184e-05,1.6437881564949446e-05,2.425119403900074e-05
FGOALS-g3,pr,MAE,2024,1.8878464743465884e-05,1.9782387350157176e-05,1.7974539938829064e-05,2.6222197751242977e-05
FGOALS-g3,pr,RMSE,2005,3.367717484555518e-05,3.304239983966303e-05,3.3145486213470576e-05,4.4600630947873775e-05
FGOALS-g3,pr,RMSE,2006,3.2033789011620684e-05,3.272753535081089e-05,3.00476279638436e-05,4.2329050302214455e-05
FGOALS-g3,pr,RMSE,2007,3.3388523964579995e-05,3.34794319011659e-05,3.1880373020006424e-05,4.391154258579869e-05
FGOALS-g3,pr,RMSE,2008,3.490771814540494e-05,3.396285546841682e-05,3.4630678631704846e-05,4.636692726004791e-05
FGOALS-g3,pr,RMSE,2009,3.3500639498621844e-05,3.3088496214380335e-05,3.2695977400483876e-05,4.435446347391311e-05
FGOALS-g3,pr,RMSE,2010,3.56701563456833e-05,3.593433408847583e-05,3.447830204095226e-05,4.752122913487256e-05
FGOALS-g3,pr,RMSE,2011,3.4989227970072534e-05,3.483285263428115e-05,3.3671053036717545e-05,4.658205549882647e-05
FGOALS-g3,pr,RMSE,2012,3.244446679673274e-05,3.308201121399179e-05,3.0533958882491184e-05,4.293538768251892e-05
FGOALS-g3,pr,RMSE,2013,3.355570030786718e-05,3.506767977038786e-05,3.08818550062521e-05,4.450386253059454e-05
FGOALS-g3,pr,RMSE,2014,3.358815198832114e-05,3.3909238785175454e-05,3.2012145159872794e-05,4.470409385248786e-05
FGOALS-g3,pr,RMSE,2015,3.351602026668843e-05,3.45998782904644e-05,3.1378799576486927e-05,4.43853438506873e-05
FGOALS-g3,pr,RMSE,2016,3.3979557580702625e-05,3.433609314621814e-05,3.223198033689793e-05,4.501328749029199e-05
FGOALS-g3,pr,RMSE,2017,3.3378327922643315e-05,3.392847823609676e-05,3.163300395196226e-05,4.426304015699619e-05
FGOALS-g3,pr,RMSE,2018,3.336773564418157e-05,3.302974240189845e-05,3.256737363699358e-05,4.437171052510772e-05
FGOALS-g3,pr,RMSE,2019,3.3304851664676484e-05,3.404072079623196e-05,3.1407571896124864e-05,4.418833577801706e-05
FGOALS-g3,pr,RMSE,2020,3.460763461286357e-05,3.472691438825374e-05,3.3298050008549275e-05,4.585018026167139e-05
FGOALS-g3,pr,RMSE,2021,3.488883491324183e-05,3.3599291631010907e-05,3.489646754436156e-05,4.6327103821871184e-05
FGOALS-g3,pr,RMSE,2022,3.528676188579993e-05,3.450832461264023e-05,3.500876118778251e-05,4.708848882728489e-05
FGOALS-g3,pr,RMSE,2023,3.2104782955381474e-05,3.269372276311818e-05,3.0286648780020187e-05,4.234360282377262e-05
FGOALS-g3,pr,RMSE,2024,3.424190011476943e-05,3.416480619004384e-05,3.2682666642358527e-05,4.535053813015111e-05
FGOALS-g3,tas,MAE,2005,1.897059517764304,2.3653822867726233,1.421024479096756,1.164021674647916
FGOALS-g3,tas,MAE,2006,1.832022074915442,2.2981115658197955,1.3598878301997226,1.0887884947789246
FGOALS-g3,tas,MAE,2007,1.904490935578318,2.3976574926284524,1.406080934288917,1.1630610991480717
FGOALS-g3,tas,MAE,2008,1.9082931006216104,2.367836013611317,1.4421099026576378,1.2404826831206444
FGOALS-g3,tas,MAE,2009,1.8554727479779984,2.315953033736505,1.3893370776204066,1.1471528449228876
FGOALS-g3,tas,MAE,2010,1.9263367056462288,2.3797158742349973,1.4677294204465874,1.3044355277103823
FGOALS-g3,tas,MAE,2011,1.972942971861155,2.429957724022623,1.5109203867199117,1.2846011425828916
FGOALS-g3,tas,MAE,2012,1.897737158138784,2.443195596452324,1.3453345763033209,1.153836962969463
FGOALS-g3,tas,MAE,2013,1.857606124980868,2.335043884622906,1.3737687429295324,1.1715566266394777
FGOALS-g3,tas,MAE,2014,1.8649350823635087,2.3401658433205728,1.3833769849429909,1.1467385653012352
FGOALS-g3,tas,MAE,2015,1.8592755073586105,2.383801578603436,1.328576276494285,1.1424158255708543
FGOALS-g3,tas,MAE,2016,1.9202234664146016,2.4183141387281157,1.4164578222852071,1.1966936608701977
FGOALS-g3,tas,MAE,2017,1.8898777475574136,2.3660449006704956,1.408925199913005,1.193069838637596
FGOALS-g3,tas,MAE,2018,1.8759867038667108,2.3485733957385775,1.3974027884981983,1.2040716758434935
FGOALS-g3,tas,MAE,2019,1.8719027340433751,2.345395270341465,1.392411442904656,1.1888640002616049
FGOALS-g3,tas,MAE,2020,1.9418219458046175,2.475739912580321,1.3997602446447193,1.2056594811436827
FGOALS-g3,tas,MAE,2021,1.9037443521898585,2.3192882427664805,1.4831381602389309,1.2352028352563378
FGOALS-g3,tas,MAE,2022,1.9475596619697784,2.411474595640981,1.476975197589634,1.2663562057978852
FGOALS-g3,tas,MAE,2023,1.8805865281334688,2.396011271279584,1.354696255743827,1.146766536315763
FGOALS-g3,tas,MAE,2024,1.9172220387408965,2.4199458863570795,1.4084667131611648,1.2220252289857458
FGOALS-g3,tas,RMSE,2005,3.1402691664973013,3.767411994055984,2.27272097436757,1.790107969136736
FGOALS-g3,tas,RMSE,2006,3.1139582745404666,3.763077080274485,2.19695844431259,1.7431617205580918
FGOALS-g3,tas,RMSE,2007,3.211930161954974,3.870117308129057,2.284975900857136,1.782055426396055
FGOALS-g3,tas,RMSE,2008,3.1293753210280353,3.742431841826824,2.2932593056823163,1.838842324067533
FGOALS-g3,tas,RMSE,2009,3.0784993717804485,3.696044996154923,2.2399768525679966,1.7806260116807764
FGOALS-g3,tas,RMSE,2010,3.144118848081824,3.7550456949450464,2.30465629815211,1.9279848557967316
FGOALS-g3,tas,RMSE,2011,3.2045937347592393,3.8436416664162736,2.3389275735782675,1.8771440204583083
FGOALS-g3,tas,RMSE,2012,3.212754919164563,3.9499332436985246,2.168514589346817,1.7733193340804445
FGOALS-g3,tas,RMSE,2013,3.1030859165675593,3.724881560492447,2.2443978039904047,1.809633004937233
FGOALS-g3,tas,RMSE,2014,3.1156445256292797,3.7426625018630904,2.2526472863516345,1.7667810296385709
FGOALS-g3,tas,RMSE,2015,3.0938877263826092,3.778834980305156,2.1406925076942955,1.783464034186413
FGOALS-g3,tas,RMSE,2016,3.1879461835043545,3.863572934106258,2.2483527357599447,1.8417183278291465
FGOALS-g3,tas,RMSE,2017,3.0962818669037127,3.724100439737052,2.225455213165799,1.8115520622620496
FGOALS-g3,tas,RMSE,2018,3.090972348068746,3.7505613383373393,2.1749232335446713,1.8235920885494856
FGOALS-g3,tas,RMSE,2019,3.0615531961526443,3.691081456456464,2.2130500509664923,1.817756664309996
FGOALS-g3,tas,RMSE,2020,3.1640501454052163,3.861191866609903,2.1962729881290577,1.8406122165653969
FGOALS-g3,tas,RMSE,2021,3.0438891809354174,3.622114274253723,2.273768897034832,1.8706511547880027
FGOALS-g3,tas,RMSE,2022,3.1498478353144654,3.7726094896679143,2.2892116815065533,1.884927428209381
FGOALS-g3,tas,RMSE,2023,3.1103446856713917,3.776958529053577,2.168144200451636,1.793187880558038
FGOALS-g3,tas,RMSE,2024,3.1184349507043194,3.754182976009209,2.2309827502825574,1.8525982918742268
FGOALS-g3,tos,MAE,2005,1.0940042038758595,1.2155513018369677,1.007467324535052,0.904274875919024
FGOALS-g3,tos,MAE,2006,1.0266667654116948,1.1403465867042542,0.9442858546972276,0.8052866260210673
FGOALS-g3,tos,MAE,2007,1.0714741001526515,1.2428304155667622,0.9498841265837352,0.8977597802877426
FGOALS-g3,tos,MAE,2008,1.1598009169101715,1.3585636019706726,1.0184533248345058,1.0071708311637242
FGOALS-g3,tos,MAE,2009,1.0715576807657878,1.2237934122482936,0.96181849638621,0.8860122462113699
FGOALS-g3,tos,MAE,2010,1.1399738440910976,1.2597482403119404,1.053176109989484,1.0303011784950893
FGOALS-g3,tos,MAE,2011,1.205753078063329,1.360879232486089,1.09654501080513,1.082682137688001
FGOALS-g3,tos,MAE,2012,1.0946654677391052,1.2943856517473855,0.9511817296346028,0.89358917872111
FGOALS-g3,tos,MAE,2013,1.070385565360387,1.254824231068293,0.9385652840137482,0.8926418821016947
FGOALS-g3,tos,MAE,2014,1.0969169189532595,1.2443024665117264,0.9902718712886176,0.8968725403149923
FGOALS-g3,tos,MAE,2015,1.0734656403462093,1.2526888698339462,0.9398988882700602,0.8529867579539617
FGOALS-g3,tos,MAE,2016,1.066300804416339,1.2084224720795949,0.963269660870234,0.8629398345947266
FGOALS-g3,tos,MAE,2017,1.1117969751358032,1.2214825749397278,1.034653017918269,0.9404744605223336
FGOALS-g3,tos,MAE,2018,1.150058001279831,1.2644503116607666,1.0692543685436249,0.990063746770223
FGOALS-g3,tos,MAE,2019,1.0930037200450895,1.2253781656424203,0.9991210599740348,0.9170138587554296
FGOALS-g3,tos,MAE,2020,1.1460708131392796,1.3264021277427671,1.0182743122180302,0.9325333138306936
FGOALS-g3,tos,MAE,2021,1.1860585709412892,1.2941644787788391,1.111470157901446,0.990738809108734
FGOALS-g3,tos,MAE,2022,1.2134899993737538,1.3570538262526195,1.1124419669310253,1.04799585044384
FGOALS-g3,tos,MAE,2023,1.0915843695402143,1.2858134011427562,0.9510899583498637,0.8474633693695068
FGOALS-g3,tos,MAE,2024,1.112617795666059,1.2974971036116285,0.9802000224590302,0.9143339196840922
FGOALS-g3,tos,RMSE,2005,1.5626261333624525,1.7800612548987071,1.372722903887431,1.2246081829071045
FGOALS-g3,tos,RMSE,2006,1.4751695195833845,1.6879739065965016,1.2867741882801056,1.0765276203552885
FGOALS-g3,tos,RMSE,2007,1.5424669682979584,1.7887789209683735,1.3276437918345134,1.2253020107746124
FGOALS-g3,tos,RMSE,2008,1.614630550146103,1.897582729657491,1.3578830758730571,1.2919219533602395
FGOALS-g3,tos,RMSE,2009,1.5233064492543538,1.7728063066800437,1.3011091649532318,1.1933298309644065
FGOALS-g3,tos,RMSE,2010,1.5921164949735005,1.799910714228948,1.4123697380224864,1.3644136289755504
FGOALS-g3,tos,RMSE,2011,1.670749048391978,1.9352213541666667,1.4392905632654829,1.390249401330948
FGOALS-g3,tos,RMSE,2012,1.561929076910019,1.8631360133488972,1.286852737267812,1.1840179165204363
FGOALS-g3,tos,RMSE,2013,1.5628817975521088,1.8246769110361736,1.3326224982738497,1.2397435357173283
FGOALS-g3,tos,RMSE,2014,1.563459982474645,1.81031334400177,1.3387271165847778,1.1896375318368275
FGOALS-g3,tos,RMSE,2015,1.541146586338679,1.8158123989899952,1.2891876598199208,1.169563353061676
FGOALS-g3,tos,RMSE,2016,1.5419712165991466,1.7919096052646637,1.3169905642668407,1.1684340635935466
FGOALS-g3,tos,RMSE,2017,1.5770991345246632,1.7865925133228302,1.3895206252733867,1.2573525408903758
FGOALS-g3,tos,RMSE,2018,1.6125757296880086,1.8539196749528248,1.4029119809468586,1.2898519039154053
FGOALS-g3,tos,RMSE,2019,1.555834154287974,1.7828742563724518,1.3589073618253071,1.2392521401246388
FGOALS-g3,tos,RMSE,2020,1.6624526381492617,1.9876007040341697,1.3638663291931152,1.2529839724302292
FGOALS-g3,tos,RMSE,2021,1.69164835413297,1.9450815320014951,1.4634283185005188,1.2959815462430315
FGOALS-g3,tos,RMSE,2022,1.722684770822525,2.006226191918055,1.4754764040311177,1.3771760960419972
FGOALS-g3,tos,RMSE,2023,1.5617513060569763,1.866255799929301,1.284143368403117,1.110025942325592
FGOALS-g3,tos,RMSE,2024,1.6235508223374684,1.9162956078847249,1.3620830674966176,1.2457733352979024
FIO-ESM-2-0,clt,MAE,2005,12.973258828852876,12.311327151535997,13.635190506169751,13.956347199427595
FIO-ESM-2-0,clt,MAE,2006,12.63355379963692,12.134363596296575,13.132744002977269,13.511431921581208
FIO-ESM-2-0,clt,MAE,2007,12.726976303073537,12.002113333855652,13.451839272291418,13.586314784404346
FIO-ESM-2-0,clt,MAE,2008,12.833659258472704,12.334269882498324,13.333048634447085,13.687777251461595
FIO-ESM-2-0,clt,MAE,2009,12.87034631459199,12.250857610999814,13.48983501818416,13.440850641581768
FIO-ESM-2-0,clt,MAE,2010,13.460180303526238,12.816983763927375,14.1033768431251,14.665123163781391
FIO-ESM-2-0,clt,MAE,2011,13.223670039822167,12.509081445031288,13.938258634613044,14.268934722526472
FIO-ESM-2-0,clt,MAE,2012,12.759659206507086,12.267173204679674,13.2521452083345,13.199550808914536
FIO-ESM-2-0,clt,MAE,2013,12.779991655162002,12.249021038552534,13.310962271771468,13.370026825807926
FIO-ESM-2-0,clt,MAE,2014,12.759570136042996,12.048182028881044,13.470958243204954,13.526156231575726
FIO-ESM-2-0,clt,MAE,2015,12.814029083436012,12.19051976842062,13.437538398451409,13.967725034302129
FIO-ESM-2-0,clt,MAE,2016,12.915617011841084,12.200791575595057,13.630442448087113,13.915055543876186
FIO-ESM-2-0,clt,MAE,2017,12.368234817915097,11.685515319846438,13.050954315983752,13.2887617069367
FIO-ESM-2-0,clt,MAE,2018,12.799241505591324,12.191147443372978,13.407335567809668,13.785394093126085
FIO-ESM-2-0,clt,MAE,2019,12.59275489630376,11.823079160168575,13.362430632438944,13.278622658738804
FIO-ESM-2-0,clt,MAE,2020,12.91873876027566,11.985549731848602,13.851927788702715,13.999662647316542
FIO-ESM-2-0,clt,MAE,2021,12.945777572840576,12.21545207586368,13.676103069817476,14.01812787480179
FIO-ESM-2-0,clt,MAE,2022,13.114866400417776,11.939971204260829,14.289761596574728,14.267027710562198
FIO-ESM-2-0,clt,MAE,2023,12.627634213151,11.809946092419937,13.445322333882066,13.516043514839268
FIO-ESM-2-0,clt,MAE,2024,13.065501184150934,12.288218109476295,13.842784258825576,13.951431593633847
FIO-ESM-2-0,clt,RMSE,2005,17.060367977439835,16.012058934166372,17.90090735254196,17.725602588365312
FIO-ESM-2-0,clt,RMSE,2006,16.58933056343521,15.583885762680811,17.37870191256689,17.025129866531756
FIO-ESM-2-0,clt,RMSE,2007,16.758883409331677,15.439295257894344,17.887339723481166,17.28954349076191
FIO-ESM-2-0,clt,RMSE,2008,16.79166161199235,15.856094135446392,17.55424134353302,17.244087953648368
FIO-ESM-2-0,clt,RMSE,2009,16.863346356890677,15.792845196590548,17.69313560777043,17.02273570545697
FIO-ESM-2-0,clt,RMSE,2010,17.525479062867962,16.388277763827464,18.447905186812154,18.36988221873673
FIO-ESM-2-0,clt,RMSE,2011,17.27653962672871,16.0795297673905,18.2922656674323,17.94834686951365
FIO-ESM-2-0,clt,RMSE,2012,16.65657548066843,15.716658768928568,17.421829622461587,16.624367422054085
FIO-ESM-2-0,clt,RMSE,2013,16.760881724551584,15.812508428119925,17.536184527706563,16.898066904041865
FIO-ESM-2-0,clt,RMSE,2014,16.73252250712324,15.52787927473608,17.674422817243034,17.041722466284288
FIO-ESM-2-0,clt,RMSE,2015,16.683234756841674,15.669304484528178,17.542209313314952,17.50632926765333
FIO-ESM-2-0,clt,RMSE,2016,16.94665055346454,15.691561268040571,18.016410531752893,17.5210098349659
FIO-ESM-2-0,clt,RMSE,2017,16.236899690278538,15.0227924479124,17.272514641313983,16.7488937080483
FIO-ESM-2-0,clt,RMSE,2018,16.67110284223645,15.608101407509553,17.56188391461236,17.337249452628367
FIO-ESM-2-0,clt,RMSE,2019,16.545278870199695,15.236214505178358,17.630489513115986,16.793291906494545
FIO-ESM-2-0,clt,RMSE,2020,16.865364175809066,15.477614468626188,18.06776722833352,17.757419821612345
FIO-ESM-2-0,clt,RMSE,2021,16.90705210245648,15.724533795972762,17.887769836460837,17.6514971539536
FIO-ESM-2-0,clt,RMSE,2022,17.165391496993255,15.438807752585609,18.5851069869101,18.048543484138055
FIO-ESM-2-0,clt,RMSE,2023,16.477495905494056,15.231653824137558,17.537387460007942,17.01473762226704
FIO-ESM-2-0,clt,RMSE,2024,17.008676505182812,15.734948974176431,18.08703952565844,17.691895264507444
FIO-ESM-2-0,pr,MAE,2005,1.6732495889269116e-05,1.6912147701875636e-05,1.6552844076662593e-05,2.258045441091096e-05
FIO-ESM-2-0,pr,MAE,2006,1.6190235326507097e-05,1.6801929901647818e-05,1.557854075136638e-05,2.167605746344274e-05
FIO-ESM-2-0,pr,MAE,2007,1.632913194778884e-05,1.655714237793358e-05,1.6101121517644096e-05,2.159092086722421e-05
FIO-ESM-2-0,pr,MAE,2008,1.6583158917022987e-05,1.7004005713001983e-05,1.6162312121043995e-05,2.2305518878976048e-05
FIO-ESM-2-0,pr,MAE,2009,1.6110932630427486e-05,1.6625467973183107e-05,1.5596397287671864e-05,2.1310566144081472e-05
FIO-ESM-2-0,pr,MAE,2010,1.7818401410051287e-05,1.800939097359157e-05,1.7627411846511006e-05,2.4383788176017925e-05
FIO-ESM-2-0,pr,MAE,2011,1.6965266040483803e-05,1.7376605788205597e-05,1.6553926292762012e-05,2.319099334642679e-05
FIO-ESM-2-0,pr,MAE,2012,1.6576508397187015e-05,1.7478764552525966e-05,1.567425224184806e-05,2.2397761775471583e-05
FIO-ESM-2-0,pr,MAE,2013,1.61656161357315e-05,1.675119786353504e-05,1.5580034407927957e-05,2.158852989770713e-05
FIO-ESM-2-0,pr,MAE,2014,1.6612136291566398e-05,1.6903389498743812e-05,1.6320883084388983e-05,2.218676962131254e-05
FIO-ESM-2-0,pr,MAE,2015,1.6829761940122772e-05,1.7605099268562007e-05,1.6054424611683534e-05,2.280129650112003e-05
FIO-ESM-2-0,pr,MAE,2016,1.6956478997863842e-05,1.7016099238457822e-05,1.689685875726986e-05,2.2977956824775468e-05
FIO-ESM-2-0,pr,MAE,2017,1.5582435017901707e-05,1.5863739456414236e-05,1.5301130579389178e-05,2.0767941150633324e-05
FIO-ESM-2-0,pr,MAE,2018,1.629234893644697e-05,1.6354568257341782e-05,1.623012961555216e-05,2.184952505700205e-05
FIO-ESM-2-0,pr,MAE,2019,1.6150341741351285e-05,1.639192760648274e-05,1.590875587621983e-05,2.1512580589669403e-05
FIO-ESM-2-0,pr,MAE,2020,1.6615049965737893e-05,1.7194007407947636e-05,1.603609252352815e-05,2.1987503221540157e-05
FIO-ESM-2-0,pr,MAE,2021,1.67231544377482e-05,1.6858249562019664e-05,1.6588059313476732e-05,2.2730296710919256e-05
FIO-ESM-2-0,pr,MAE,2022,1.707130472755683e-05,1.6627130655708365e-05,1.7515478799405296e-05,2.328833694787392e-05
FIO-ESM-2-0,pr,MAE,2023,1.676041771750036e-05,1.7426921655746787e-05,1.6093913779253927e-05,2.2710634723868165e-05
FIO-ESM-2-0,pr,MAE,2024,1.644889685681428e-05,1.7189332741829987e-05,1.5708460971798574e-05,2.19392676649901e-05
FIO-ESM-2-0,pr,RMSE,2005,2.7696355360519887e-05,2.7862034373339826e-05,2.6816327797197164e-05,3.586660688291345e-05
FIO-ESM-2-0,pr,RMSE,2006,2.6522504900850957e-05,2.754657020399118e-05,2.478826269684519e-05,3.407386042054212e-05
FIO-ESM-2-0,pr,RMSE,2007,2.669942116952307e-05,2.719697468725814e-05,2.546054614620951e-05,3.40972860197001e-05
FIO-ESM-2-0,pr,RMSE,2008,2.738273480117155e-05,2.8142473420398233e-05,2.5730738043562147e-05,3.5370133594418e-05
FIO-ESM-2-0,pr,RMSE,2009,2.615379379775792e-05,2.710112327077035e-05,2.451876009532015e-05,3.334290340328721e-05
FIO-ESM-2-0,pr,RMSE,2010,2.9169712254902215e-05,2.9308309973817923e-05,2.8668372751301715e-05,3.788493192472742e-05
FIO-ESM-2-0,pr,RMSE,2011,2.7754027384243265e-05,2.8453569321369565e-05,2.640295872085461e-05,3.593655521597195e-05
FIO-ESM-2-0,pr,RMSE,2012,2.743637913784617e-05,2.903562557960615e-05,2.495629645143324e-05,3.551527782470907e-05
FIO-ESM-2-0,pr,RMSE,2013,2.6400010658149173e-05,2.765238797636337e-05,2.4287058794603263e-05,3.385214722966937e-05
FIO-ESM-2-0,pr,RMSE,2014,2.7215575770686817e-05,2.797863959776535e-05,2.5870390008295432e-05,3.494614848534852e-05
FIO-ESM-2-0,pr,RMSE,2015,2.777057756621594e-05,2.9068988468869592e-05,2.5759856622795493e-05,3.5932686543036716e-05
FIO-ESM-2-0,pr,RMSE,2016,2.825267241239647e-05,2.859468623491676e-05,2.723503381733693e-05,3.657889451328679e-05
FIO-ESM-2-0,pr,RMSE,2017,2.578653930978162e-05,2.6455773388904313e-05,2.4524656461245563e-05,3.32349031463456e-05
FIO-ESM-2-0,pr,RMSE,2018,2.678472957819237e-05,2.6928662550876603e-05,2.589775133305588e-05,3.462758850137342e-05
FIO-ESM-2-0,pr,RMSE,2019,2.6649761539717664e-05,2.701097593775233e-05,2.5516044466032088e-05,3.4272485277855504e-05
FIO-ESM-2-0,pr,RMSE,2020,2.7203322434976997e-05,2.8233250647621008e-05,2.541033317966172e-05,3.473168675949995e-05
FIO-ESM-2-0,pr,RMSE,2021,2.7682863693484415e-05,2.7556903119264907e-05,2.7131271282367672e-05,3.5887608609663585e-05
FIO-ESM-2-0,pr,RMSE,2022,2.8372159333024742e-05,2.7750068634788445e-05,2.843464413611115e-05,3.684546024719533e-05
FIO-ESM-2-0,pr,RMSE,2023,2.800844307630208e-05,2.894301090911665e-05,2.6130337066641924e-05,3.636680096612311e-05
FIO-ESM-2-0,pr,RMSE,2024,2.668987122628609e-05,2.7941556906557744e-05,2.466392417733828e-05,3.426970838344681e-05
FIO-ESM-2-0,tas,MAE,2005,1.519955263513158,1.7605365631075545,1.2760065111543766,1.0299696784204455
FIO-ESM-2-0,tas,MAE,2006,1.5202867877839417,1.7575484390962095,1.280804393745803,0.9756887411458124
FIO-ESM-2-0,tas,MAE,2007,1.5524791258545578,1.776055376906925,1.3275381746214905,0.98651544242161
FIO-ESM-2-0,tas,MAE,2008,1.5451414750877823,1.7727432715079032,1.3146204170961775,1.0298715008648316
FIO-ESM-2-0,tas,MAE,2009,1.5282248838368302,1.7779071913041038,1.2765288964180634,0.9868959318274064
FIO-ESM-2-0,tas,MAE,2010,1.6618588313390916,1.9179612364298195,1.403550787159464,1.2005686904075026
FIO-ESM-2-0,tas,MAE,2011,1.6204865341824453,1.897506464458193,1.341003624675136,1.0962909795028342
FIO-ESM-2-0,tas,MAE,2012,1.5400298704654636,1.813294889169341,1.2636226713442271,1.0106164074501842
FIO-ESM-2-0,tas,MAE,2013,1.5518946810670744,1.8036886024791228,1.2976267447281251,1.005485258092553
FIO-ESM-2-0,tas,MAE,2014,1.5343046496138055,1.7647204379308417,1.3018168610294565,0.9671380393173876
FIO-ESM-2-0,tas,MAE,2015,1.515384440303289,1.7163677850866126,1.3125019145661816,1.0001805944015143
FIO-ESM-2-0,tas,MAE,2016,1.545851913757648,1.7182648254012294,1.3719469105638968,1.0213528252307602
FIO-ESM-2-0,tas,MAE,2017,1.4809635658259446,1.6926826784883282,1.2673530805128963,0.9342717677774758
FIO-ESM-2-0,tas,MAE,2018,1.502441828228326,1.7296234148214822,1.273608786078123,0.9631392121041136
FIO-ESM-2-0,tas,MAE,2019,1.5266229846085475,1.7496948255001457,1.301463537167023,0.9921969660362724
FIO-ESM-2-0,tas,MAE,2020,1.5391637868352188,1.7792479946915425,1.2957071912059706,1.0400737046991138
FIO-ESM-2-0,tas,MAE,2021,1.5753871275887323,1.7955690551666654,1.352832754736129,1.061574528395902
FIO-ESM-2-0,tas,MAE,2022,1.5625527640300862,1.7496896833939133,1.373400896417217,1.0706131172920623
FIO-ESM-2-0,tas,MAE,2023,1.537056190262267,1.8265604549905323,1.241968474204754,1.0352558619888457
FIO-ESM-2-0,tas,MAE,2024,1.5752749074076051,1.8450597179833668,1.3026520699964073,1.0932892615025849
FIO-ESM-2-0,tas,RMSE,2005,2.426162895257721,2.642127369785903,2.1367759756316285,1.5486567090376566
FIO-ESM-2-0,tas,RMSE,2006,2.439752818839484,2.646785900242432,2.1429746645743823,1.4948046963388533
FIO-ESM-2-0,tas,RMSE,2007,2.5062010211366945,2.682834336690718,2.2414018292030216,1.492613044257153
FIO-ESM-2-0,tas,RMSE,2008,2.436537930564052,2.605075400471621,2.19672299737561,1.5092897462746162
FIO-ESM-2-0,tas,RMSE,2009,2.4711287972723546,2.666741674641056,2.193550555231672,1.4931430978929423
FIO-ESM-2-0,tas,RMSE,2010,2.539187867868396,2.765409616513867,2.2307639673807964,1.6806436425601567
FIO-ESM-2-0,tas,RMSE,2011,2.534945267123462,2.7969314939050207,2.1772425702635556,1.575019006718679
FIO-ESM-2-0,tas,RMSE,2012,2.4077125277575218,2.6653357649288902,2.0637514118182385,1.4904134001990366
FIO-ESM-2-0,tas,RMSE,2013,2.476911159458037,2.699691669191829,2.1758404725603357,1.508540740620239
FIO-ESM-2-0,tas,RMSE,2014,2.479507975900339,2.694833090244908,2.1724884637504096,1.4696730257786612
FIO-ESM-2-0,tas,RMSE,2015,2.3901177379356584,2.594161618051356,2.1147617581893305,1.4940587672427432
FIO-ESM-2-0,tas,RMSE,2016,2.4445519468645873,2.5929421641417223,2.24108091726669,1.524596869271349
FIO-ESM-2-0,tas,RMSE,2017,2.3853256737109514,2.582810312621532,2.12071930574747,1.4391828864382112
FIO-ESM-2-0,tas,RMSE,2018,2.4242084739120258,2.650204691662525,2.1137185498530413,1.4756938475323278
FIO-ESM-2-0,tas,RMSE,2019,2.437129050960866,2.6624779839359527,2.145504625979784,1.4860162029173305
FIO-ESM-2-0,tas,RMSE,2020,2.3946640595684654,2.640682316553856,2.0811711841889537,1.521970876181791
FIO-ESM-2-0,tas,RMSE,2021,2.4790276993295226,2.692051253303253,2.179214493718173,1.539527449400641
FIO-ESM-2-0,tas,RMSE,2022,2.439843694163987,2.61231256115539,2.191719906027046,1.554077304482086
FIO-ESM-2-0,tas,RMSE,2023,2.425334169803169,2.677355285167097,2.0877726311421507,1.5392480883334922
FIO-ESM-2-0,tas,RMSE,2024,2.44099539942779,2.6735391605442516,2.1245844063323394,1.556677579388751
FIO-ESM-2-0,tos,MAE,2005,0.8889069606860479,0.945603256424268,0.8470873037974039,0.7629575977722803
FIO-ESM-2-0,tos,MAE,2006,0.8454309850931168,0.8889887829621633,0.8133024424314499,0.6850392719109853
FIO-ESM-2-0,tos,MAE,2007,0.8593999395767847,0.9195635914802552,0.8150228708982468,0.7045502066612244
FIO-ESM-2-0,tos,MAE,2008,0.9252953082323074,1.0368082821369171,0.8430425127347311,0.7955180952946345
FIO-ESM-2-0,tos,MAE,2009,0.8491213222344717,0.9280141095320384,0.7909294615189234,0.72007916867733
FIO-ESM-2-0,tos,MAE,2010,1.0076782653729122,1.082913503050804,0.9521842102209728,0.95789967974027
FIO-ESM-2-0,tos,MAE,2011,0.9607530434926352,1.021679515639941,0.915813277165095,0.8817986845970154
FIO-ESM-2-0,tos,MAE,2012,0.922130450606346,1.0578281929095583,0.8220388094584147,0.776766429344813
FIO-ESM-2-0,tos,MAE,2013,0.8582947999238968,0.9266504148642222,0.8078752060731252,0.7100512137015661
FIO-ESM-2-0,tos,MAE,2014,0.859623908996582,0.8617226580778757,0.8580758720636368,0.7374002188444138
FIO-ESM-2-0,tos,MAE,2015,0.9053090065717696,0.933956503868103,0.8841783851385117,0.7846394826968511
FIO-ESM-2-0,tos,MAE,2016,0.8992966016133627,0.925741046667099,0.8797909220059713,0.7676305373509725
FIO-ESM-2-0,tos,MAE,2017,0.8698346863190333,0.9222503453493118,0.8311725010474523,0.707222506403923
FIO-ESM-2-0,tos,MAE,2018,0.8425115297238032,0.8710845013459524,0.8214359780152639,0.691659688949585
FIO-ESM-2-0,tos,MAE,2019,0.8637360980113348,0.8852543582518896,0.8478639920552572,0.7382244120041529
FIO-ESM-2-0,tos,MAE,2020,0.9121348212162652,0.9445876479148864,0.8881972879171371,0.7938093692064285
FIO-ESM-2-0,tos,MAE,2021,0.9646918773651124,0.9876159429550172,0.9477828741073608,0.8588204135497411
FIO-ESM-2-0,tos,MAE,2022,0.9880426973104476,0.9876132508118948,0.9883594612280528,0.8941873212655386
FIO-ESM-2-0,tos,MAE,2023,0.9671136736869812,1.103565290570259,0.8664660106102625,0.8424711674451828
FIO-ESM-2-0,tos,MAE,2024,0.989385614792506,1.1480132639408112,0.8723807036876678,0.8572080135345459
FIO-ESM-2-0,tos,RMSE,2005,1.229262908299764,1.336791843175888,1.1408838629722595,1.0026588986317315
FIO-ESM-2-0,tos,RMSE,2006,1.185734997193019,1.2887732883294425,1.1012335518995922,0.910520245631536
FIO-ESM-2-0,tos,RMSE,2007,1.2120905816555023,1.3320439755916595,1.1136487027009327,0.9350949674844742
FIO-ESM-2-0,tos,RMSE,2008,1.264955957730611,1.427772969007492,1.1273595988750458,1.006420110662778
FIO-ESM-2-0,tos,RMSE,2009,1.1880071957906086,1.3320033152898152,1.06632794936498,0.9470712592204412
FIO-ESM-2-0,tos,RMSE,2010,1.3514070014158883,1.480835785468419,1.2451603313287098,1.207758108774821
FIO-ESM-2-0,tos,RMSE,2011,1.29901851216952,1.427944044272105,1.1926521062850952,1.1221933166186016
FIO-ESM-2-0,tos,RMSE,2012,1.2610125442345936,1.447106450796127,1.0985168019930522,1.0067513833443325
FIO-ESM-2-0,tos,RMSE,2013,1.20452677210172,1.3235784371693928,1.1063574651877086,0.938175251086553
FIO-ESM-2-0,tos,RMSE,2014,1.1928081214427948,1.2528370420138042,1.1440430680910747,0.9640263567368188
FIO-ESM-2-0,tos,RMSE,2015,1.2384756704171498,1.3188272416591644,1.1720424592494965,1.0236269036928811
FIO-ESM-2-0,tos,RMSE,2016,1.2328825493653617,1.2987589140733082,1.1798772911230724,1.0043297956387205
FIO-ESM-2-0,tos,RMSE,2017,1.2122550010681152,1.3178674181302388,1.122646152973175,0.9290228883425394
FIO-ESM-2-0,tos,RMSE,2018,1.182085851828257,1.2803916037082672,1.1028826932112377,0.9170421262582144
FIO-ESM-2-0,tos,RMSE,2019,1.2077226440111797,1.2955637574195862,1.1355842053890228,0.9720556835333506
FIO-ESM-2-0,tos,RMSE,2020,1.251781165599823,1.3383978207906086,1.1800269583861034,1.0299522231022518
FIO-ESM-2-0,tos,RMSE,2021,1.305756797393163,1.3743054767449696,1.2488098045190177,1.0945831338564556
FIO-ESM-2-0,tos,RMSE,2022,1.3543430268764496,1.4128620127836864,1.3076006472110748,1.1686956187089284
FIO-ESM-2-0,tos,RMSE,2023,1.3315389752388,1.5268986721833546,1.1589701275030773,1.1018721808989842
FIO-ESM-2-0,tos,RMSE,2024,1.3732826312383015,1.6120181679725647,1.1633962790171306,1.1313412288824718
GFDL-ESM4,pr,MAE,2005,1.695148209061396e-05,1.7661757510722964e-05,1.62412040936033e-05,2.3095958264699828e-05
GFDL-ESM4,pr,MAE,2006,1.6207021038402065e-05,1.6870612550216418e-05,1.5543425661235233e-05,2.198422240932511e-05
GFDL-ESM4,pr,MAE,2007,1.66704620217691e-05,1.712820092810337e-05,1.6212718795334997e-05,2.2276983600022504e-05
GFDL-ESM4,pr,MAE,2008,1.647638926745761e-05,1.705596522090976e-05,1.5896810130774004e-05,2.24364436386774e-05
GFDL-ESM4,pr,MAE,2009,1.6207432963710744e-05,1.6677204257575795e-05,1.5737658031866886e-05,2.1835418010596183e-05
GFDL-ESM4,pr,MAE,2010,1.7967061618643736e-05,1.8053751470385276e-05,1.7880367749967263e-05,2.523211590717741e-05
GFDL-ESM4,pr,MAE,2011,1.6543036357082503e-05,1.7041460599405884e-05,1.6044608173615416e-05,2.259054675353885e-05
GFDL-ESM4,pr,MAE,2012,1.638437106521451e-05,1.7269411121863715e-05,1.5499327522168944e-05,2.2288997721868025e-05
GFDL-ESM4,pr,MAE,2013,1.642201740044887e-05,1.6903610912777367e-05,1.594042017435034e-05,2.221335535068647e-05
GFDL-ESM4,pr,MAE,2014,1.5986588474940316e-05,1.6596786432880133e-05,1.5376386954812915e-05,2.153306453086164e-05
GFDL-ESM4,pr,MAE,2015,1.7634483356232522e-05,1.840732617589917e-05,1.6861637580708095e-05,2.439324316583225e-05
GFDL-ESM4,pr,MAE,2016,1.7133233313870733e-05,1.7623766098040505e-05,1.6642696361183578e-05,2.3527219430737507e-05
GFDL-ESM4,pr,MAE,2017,1.652073009002682e-05,1.699686496673773e-05,1.6044591651128332e-05,2.2707428494565345e-05
GFDL-ESM4,pr,MAE,2018,1.650544724422313e-05,1.6457396895930287e-05,1.655349433349329e-05,2.2446972707257373e-05
GFDL-ESM4,pr,MAE,2019,1.6399462310801027e-05,1.6378171039832523e-05,1.6420749489043374e-05,2.2252930193644715e-05
GFDL-ESM4,pr,MAE,2020,1.6270513469862635e-05,1.6733602175615186e-05,1.5807421353504953e-05,2.2085586503332404e-05
GFDL-ESM4,pr,MAE,2021,1.647792623771238e-05,1.6603250135934406e-05,1.6352598928885225e-05,2.221909608124406e-05
GFDL-ESM4,pr,MAE,2022,1.6626664925449102e-05,1.6760556187970604e-05,1.6492768736497965e-05,2.249842448994362e-05
GFDL-ESM4,pr,MAE,2023,1.6066618096980772e-05,1.6927945959347806e-05,1.520528674821738e-05,2.1430100635673927e-05
GFDL-ESM4,pr,MAE,2024,1.621954584152263e-05,1.654181354145597e-05,1.589727427623681e-05,2.1627934226368477e-05
GFDL-ESM4,pr,RMSE,2005,2.7734985754553535e-05,2.8353269802513143e-05,2.614302381213444e-05,3.6086550608160906e-05
GFDL-ESM4,pr,RMSE,2006,2.6348062723021332e-05,2.6688324851420475e-05,2.4820110562965663e-05,3.414723308499864e-05
GFDL-ESM4,pr,RMSE,2007,2.6888630751879344e-05,2.7240199718410924e-05,2.5660774250961065e-05,3.457537119781288e-05
GFDL-ESM4,pr,RMSE,2008,2.6837513814825797e-05,2.7330650937074097e-05,2.551336380444506e-05,3.485134402581025e-05
GFDL-ESM4,pr,RMSE,2009,2.634009357886195e-05,2.6704914944275515e-05,2.5122604862796532e-05,3.395157060973967e-05
GFDL-ESM4,pr,RMSE,2010,2.9825479638626955e-05,3.0117756371813204e-05,2.892884276661789e-05,3.930829552700743e-05
GFDL-ESM4,pr,RMSE,2011,2.6516252546571195e-05,2.7133538575678056e-05,2.5075179716319933e-05,3.440789472127411e-05
GFDL-ESM4,pr,RMSE,2012,2.6685073711026536e-05,2.7538288122741506e-05,2.4796528729590744e-05,3.4617355898565925e-05
GFDL-ESM4,pr,RMSE,2013,2.6771125400652337e-05,2.6921026953156495e-05,2.579923208638017e-05,3.4639317467129636e-05
GFDL-ESM4,pr,RMSE,2014,2.5694980953024544e-05,2.6343108856963227e-05,2.4122483713047888e-05,3.3159499101505695e-05
GFDL-ESM4,pr,RMSE,2015,2.933327338420592e-05,3.012712037768021e-05,2.7577018954616506e-05,3.8424944250436965e-05
GFDL-ESM4,pr,RMSE,2016,2.8265798543240333e-05,2.8952755959229155e-05,2.6913877566888303e-05,3.6764271044376073e-05
GFDL-ESM4,pr,RMSE,2017,2.70313472962395e-05,2.7376957859814866e-05,2.578116588362415e-05,3.529540390445618e-05
GFDL-ESM4,pr,RMSE,2018,2.679793715287815e-05,2.5927323349606013e-05,2.677525799299474e-05,3.4948492308709923e-05
GFDL-ESM4,pr,RMSE,2019,2.716608241826179e-05,2.651835181192534e-05,2.6671780081718072e-05,3.534301761950095e-05
GFDL-ESM4,pr,RMSE,2020,2.6530460672802292e-05,2.705657864983853e-05,2.513723075026064e-05,3.43535901568733e-05
GFDL-ESM4,pr,RMSE,2021,2.6603651197850315e-05,2.59424753797551e-05,2.6402636194688966e-05,3.434458267292939e-05
GFDL-ESM4,pr,RMSE,2022,2.686905963855679e-05,2.690882471749016e-05,2.612288380987593e-05,3.4801552525702086e-05
GFDL-ESM4,pr,RMSE,2023,2.6080958377860952e-05,2.696538331292686e-05,2.411265525855318e-05,3.367879556511374e-05
GFDL-ESM4,pr,RMSE,2024,2.642416620801669e-05,2.6576754559452336e-05,2.5108700356213376e-05,3.411350947620425e-05
GFDL-ESM4,tas,MAE,2005,1.6592597063025971,1.926405415473935,1.3886920253232935,1.260423871981713
GFDL-ESM4,tas,MAE,2006,1.6136504708884996,1.8660866609163331,1.3589432064763642,1.1918065579050043
GFDL-ESM4,tas,MAE,2007,1.6600226575306036,1.910854596432043,1.4070428942050115,1.2432411127677807
GFDL-ESM4,tas,MAE,2008,1.6160343081744983,1.8694101816923492,1.3603427720798689,1.1996403937907274
GFDL-ESM4,tas,MAE,2009,1.6252244450300295,1.8875347828108897,1.361539272108529,1.2067458450947235
GFDL-ESM4,tas,MAE,2010,1.682183557712387,1.9086695617296028,1.45372131100365,1.3694705769526907
GFDL-ESM4,tas,MAE,2011,1.6532495657666877,1.912381099940778,1.3919810306742688,1.232120212785356
GFDL-ESM4,tas,MAE,2012,1.6648189400598696,1.9747783956630132,1.3521514368967644,1.197912883572759
GFDL-ESM4,tas,MAE,2013,1.5837444561531313,1.8441180009144384,1.3212537429214268,1.1574760409168197
GFDL-ESM4,tas,MAE,2014,1.587615754123631,1.8479499205665677,1.3253752108117065,1.115854686978425
GFDL-ESM4,tas,MAE,2015,1.6594059980384843,1.8800025684041628,1.4378914732248338,1.235629981064062
GFDL-ESM4,tas,MAE,2016,1.7552586929079146,2.0304538683770548,1.4781234176616236,1.341519197191945
GFDL-ESM4,tas,MAE,2017,1.6147548219627137,1.8508320622968617,1.377182081271845,1.2199425749665151
GFDL-ESM4,tas,MAE,2018,1.6760695362992717,1.944236764355253,1.4057684208007553,1.2203980058253154
GFDL-ESM4,tas,MAE,2019,1.613877939312472,1.8275224848651423,1.3986305337636298,1.161924155527196
GFDL-ESM4,tas,MAE,2020,1.6106218348827142,1.892310787796177,1.3258220184212972,1.2090682747914077
GFDL-ESM4,tas,MAE,2021,1.6431293870892754,1.8926116428344943,1.3915184475198423,1.2086445307661835
GFDL-ESM4,tas,MAE,2022,1.6157421884106302,1.8629339781113707,1.3656979517320256,1.1786253729368494
GFDL-ESM4,tas,MAE,2023,1.6373885324754565,1.9470474932583988,1.3230627963952926,1.1959483826156856
GFDL-ESM4,tas,MAE,2024,1.6550806347196596,1.9409275835222823,1.3665589831284832,1.262032196481564
GFDL-ESM4,tas,RMSE,2005,2.537430350274383,2.811180785368976,2.196664790418412,1.8760276712005168
GFDL-ESM4,tas,RMSE,2006,2.515706953559237,2.812302839369925,2.131887068714198,1.8136296566070256
GFDL-ESM4,tas,RMSE,2007,2.523553091023152,2.816478587961593,2.1599143254413815,1.8368840923945349
GFDL-ESM4,tas,RMSE,2008,2.490343384403039,2.7410745568538837,2.171739485437831,1.7869185031358463
GFDL-ESM4,tas,RMSE,2009,2.52452871503521,2.8184945147474103,2.1412975733321127,1.8277574359093132
GFDL-ESM4,tas,RMSE,2010,2.529599545402605,2.777825612863279,2.221285679302422,1.9614622275495612
GFDL-ESM4,tas,RMSE,2011,2.5216067164403286,2.8057783074991716,2.171446156947514,1.8143341916802924
GFDL-ESM4,tas,RMSE,2012,2.5619584538029025,2.881230443908948,2.1624883709779685,1.80046495798773
GFDL-ESM4,tas,RMSE,2013,2.4857343938097713,2.781825810973217,2.113366569148009,1.7751108526970771
GFDL-ESM4,tas,RMSE,2014,2.491508790390464,2.7862241883957215,2.1131781088459936,1.7015058134931544
GFDL-ESM4,tas,RMSE,2015,2.548443222231908,2.8132124304133037,2.2109988271916383,1.852092492722175
GFDL-ESM4,tas,RMSE,2016,2.6586480650667235,2.972276822967643,2.2539634255307717,1.955821575956301
GFDL-ESM4,tas,RMSE,2017,2.4997217772137037,2.7396311366995505,2.2023561497633746,1.8209757847102592
GFDL-ESM4,tas,RMSE,2018,2.547123446663643,2.8652397307276014,2.146445000997063,1.7947746701770573
GFDL-ESM4,tas,RMSE,2019,2.493940518456254,2.7438155938927657,2.180592786370907,1.7588250168521489
GFDL-ESM4,tas,RMSE,2020,2.460549538644231,2.768399255509097,2.077347658467865,1.7794867712087523
GFDL-ESM4,tas,RMSE,2021,2.516906685713939,2.7741825860170146,2.1955028934863927,1.8064788367459024
GFDL-ESM4,tas,RMSE,2022,2.4929308295355317,2.7633426268294223,2.155718190233136,1.7785563378702185
GFDL-ESM4,tas,RMSE,2023,2.516580903404846,2.860707388759168,2.0662907106882966,1.8162603214372135
GFDL-ESM4,tas,RMSE,2024,2.4833661867397345,2.783300663659252,2.107433707533786,1.8390466115457305
GFDL-ESM4,tos,MAE,2005,0.927279199163119,0.960524931550026,0.902807891368866,0.8269956310590109
GFDL-ESM4,tos,MAE,2006,0.9052460690339408,0.9069851040840148,0.9029847929875056,0.8053991248210272
GFDL-ESM4,tos,MAE,2007,0.925423189997673,0.936512216925621,0.9173425833384196,0.8121084024508795
GFDL-ESM4,tos,MAE,2008,0.935227394104004,0.9941546469926834,0.8918913503487905,0.8553253213564554
GFDL-ESM4,tos,MAE,2009,0.880352571606636,0.89176773528258,0.8715693553288778,0.7763302226861318
GFDL-ESM4,tos,MAE,2010,0.9868516822655996,0.9957615782817204,0.9801091154416404,0.9537579864263536
GFDL-ESM4,tos,MAE,2011,0.97193077703317,0.988514686624209,0.9600926339626312,0.9172514925400416
GFDL-ESM4,tos,MAE,2012,0.9325291961431504,1.0052284995714824,0.8789765735467275,0.8412272781133652
GFDL-ESM4,tos,MAE,2013,0.901074916124344,0.9092777123053868,0.8948506762584051,0.8166177570819855
GFDL-ESM4,tos,MAE,2014,0.875176673134168,0.8401116877794266,0.9006744076808294,0.7626123030980428
GFDL-ESM4,tos,MAE,2015,0.9534545689821244,0.9481737713019052,0.9545783003171284,0.8345380624135336
GFDL-ESM4,tos,MAE,2016,0.945725922783216,0.9962668617566428,0.907699684302012,0.8167082170645396
GFDL-ESM4,tos,MAE,2017,0.926707461476326,0.9644655287265778,0.8985059261322021,0.8555060774087906
GFDL-ESM4,tos,MAE,2018,1.0250895867745082,1.0356273353099823,1.0177432547012966,0.9410537381966908
GFDL-ESM4,tos,MAE,2019,0.9260898580153784,0.9022552669048308,0.9429801255464554,0.8003651201725006
GFDL-ESM4,tos,MAE,2020,0.8996641437212626,0.9397166619698206,0.8699268152316412,0.7882144699494044
GFDL-ESM4,tos,MAE,2021,0.9490105658769608,0.9865998278061548,0.92208664615949,0.8684416910012563
GFDL-ESM4,tos,MAE,2022,0.9578456083933512,0.9789697229862212,0.9425391256809236,0.8660285423199335
GFDL-ESM4,tos,MAE,2023,0.8842358042796453,0.9432173669338226,0.8406961560249329,0.7590117355187734
GFDL-ESM4,tos,MAE,2024,0.9266604681809744,1.010961040854454,0.865132932861646,0.8156816562016805
GFDL-ESM4,tos,RMSE,2005,1.260458022356033,1.3119940161705017,1.218957006931305,1.123896395166715
GFDL-ESM4,tos,RMSE,2006,1.2224650184313457,1.2473857303460438,1.195713569720586,1.0761727144320803
GFDL-ESM4,tos,RMSE,2007,1.2591489851474762,1.3123064835866292,1.2119722366333008,1.0928950011730194
GFDL-ESM4,tos,RMSE,2008,1.2469821969668071,1.3325281838576,1.174525002638499,1.1124793787797291
GFDL-ESM4,tos,RMSE,2009,1.1905047595500946,1.2364387114842732,1.151772379875183,1.0382571170727413
GFDL-ESM4,tos,RMSE,2010,1.300632079442342,1.335881898800532,1.2695519626140594,1.239336123069127
GFDL-ESM4,tos,RMSE,2011,1.2814202308654783,1.3376784920692444,1.2317197720209758,1.1896076848109562
GFDL-ESM4,tos,RMSE,2012,1.2579329113165538,1.3624723553657532,1.1652988990147908,1.1350111663341522
GFDL-ESM4,tos,RMSE,2013,1.2241265575091045,1.2443863054116566,1.2049223184585571,1.1008048405249913
GFDL-ESM4,tos,RMSE,2014,1.1835141479969025,1.1641780734062197,1.1946857174237568,1.0240985055764515
GFDL-ESM4,tos,RMSE,2015,1.3195741573969524,1.3383394579092662,1.293720503648122,1.1754959871371586
GFDL-ESM4,tos,RMSE,2016,1.2797603209813435,1.3804017802079518,1.1969251682360966,1.083105777700742
GFDL-ESM4,tos,RMSE,2017,1.2583577434221904,1.328194002310435,1.1985414723555248,1.132529576619466
GFDL-ESM4,tos,RMSE,2018,1.3633913099765778,1.429934134085973,1.3033704857031505,1.216778467098872
GFDL-ESM4,tos,RMSE,2019,1.2612285614013672,1.285611728827159,1.233983149131139,1.089411402742068
GFDL-ESM4,tos,RMSE,2020,1.2251516083876293,1.31928950548172,1.14811177055041,1.0503742198149364
GFDL-ESM4,tos,RMSE,2021,1.2798014084498088,1.3534022370974224,1.2176775733629863,1.1480172673861186
GFDL-ESM4,tos,RMSE,2022,1.285528262456258,1.3346820573012037,1.2425795992215474,1.1390019009510677
GFDL-ESM4,tos,RMSE,2023,1.209144781033198,1.3246178527673085,1.111273358265559,1.0146552522977192
GFDL-ESM4,tos,RMSE,2024,1.2622189025084178,1.4174526433149974,1.1323910355567932,1.0686871061722438
IPSL-CM6A-LR,clt,MAE,2005,14.591257174809774,15.550689538319906,13.494247913360596,16.6610209941864
IPSL-CM6A-LR,clt,MAE,2006,14.43659210205078,15.433387279510498,13.299382527669271,16.390743176142376
IPSL-CM6A-LR,clt,MAE,2007,14.78057622909546,15.497512022654217,13.867166757583618,17.031909783681233
IPSL-CM6A-LR,clt,MAE,2008,14.978200356165567,16.05918296178182,13.755337715148926,17.12060324350993
IPSL-CM6A-LR,clt,MAE,2009,14.526291608810425,15.733880043029783,13.233773152033487,16.252212524414062
IPSL-CM6A-LR,clt,MAE,2010,14.72812016805013,16.034594853719074,13.296166022618612,16.631611426671345
IPSL-CM6A-LR,clt,MAE,2011,15.014953215916952,16.22199018796285,13.669845024744667,17.190899054209392
IPSL-CM6A-LR,clt,MAE,2012,14.921217679977415,16.14355214436849,13.5385688940684,16.960195541381836
IPSL-CM6A-LR,clt,MAE,2013,14.875338077545166,15.945036808649698,13.662582794825235,16.875529686609905
IPSL-CM6A-LR,clt,MAE,2014,14.821523269017538,15.833394289016724,13.628398815790812,16.738179842631023
IPSL-CM6A-LR,clt,MAE,2015,14.916271845499674,15.796862204869589,13.832729657491049,17.239450454711914
IPSL-CM6A-LR,clt,MAE,2016,14.957956314086914,15.681323766708374,14.075771649678549,17.22122009595235
IPSL-CM6A-LR,clt,MAE,2017,14.134386698404947,15.143671909968058,13.000271081924438,16.03726363182068
IPSL-CM6A-LR,clt,MAE,2018,14.777992248535156,16.24853213628133,13.147172530492147,17.038670778274536
IPSL-CM6A-LR,clt,MAE,2019,14.798564592997232,15.767175356547035,13.65322240193685,16.87926236788432
IPSL-CM6A-LR,clt,MAE,2020,14.647415161132812,15.583443880081177,13.574250062306724,16.744978268941242
IPSL-CM6A-LR,clt,MAE,2021,14.60030961036682,15.750422716140749,13.310497124989828,16.439947605133057
IPSL-CM6A-LR,clt,MAE,2022,14.688179890314736,15.808014551798502,13.454686880111694,16.689504941304524
IPSL-CM6A-LR,clt,MAE,2023,14.712273359298706,15.558792273203531,13.684456904729208,16.860569794972736
IPSL-CM6A-LR,clt,MAE,2024,15.292822440465292,16.198700030644734,14.232144991556805,17.864820957183838
IPSL-CM6A-LR,clt,RMSE,2005,19.783721605936687,20.09315236409505,19.16071097056071,20.86111863454183
IPSL-CM6A-LR,clt,RMSE,2006,19.63896878560384,19.87898826599121,19.07040770848592,20.637000560760494
IPSL-CM6A-LR,clt,RMSE,2007,20.116214752197266,20.045064290364586,19.81692600250244,21.476008415222168
IPSL-CM6A-LR,clt,RMSE,2008,20.2543462117513,20.7369278271993,19.450857162475582,21.4499093691508
IPSL-CM6A-LR,clt,RMSE,2009,19.69295644760132,20.185688654581707,18.942456404368084,20.4866468111674
IPSL-CM6A-LR,clt,RMSE,2010,19.906782309214275,20.543280283610027,18.995317776997883,20.838518460591633
IPSL-CM6A-LR,clt,RMSE,2011,20.345460573832195,20.920114994049072,19.44446277618408,21.592790126800537
IPSL-CM6A-LR,clt,RMSE,2012,20.224114259084065,20.773297150929768,19.29048832257589,21.304460366566975
IPSL-CM6A-LR,clt,RMSE,2013,20.153117815653484,20.57384141286214,19.418031930923465,21.087438742319744
IPSL-CM6A-LR,clt,RMSE,2014,20.150801181793213,20.34632778167725,19.512502034505207,21.144028345743816
IPSL-CM6A-LR,clt,RMSE,2015,20.278186798095703,20.409037748972576,19.715535322825115,21.80927022298177
IPSL-CM6A-LR,clt,RMSE,2016,20.354621251424152,20.36002524693807,20.019680579503376,21.681933403015137
IPSL-CM6A-LR,clt,RMSE,2017,19.19796641667684,19.55975580215454,18.56548039118449,20.201379934946697
IPSL-CM6A-LR,clt,RMSE,2018,19.939247131347656,20.76643927892049,18.780490239461265,21.442291736602783
IPSL-CM6A-LR,clt,RMSE,2019,20.140224774678547,20.31691884994507,19.53098861376445,21.310765902201336
IPSL-CM6A-LR,clt,RMSE,2020,19.80176305770874,20.085569540659588,19.2355793317159,21.045737107594807
IPSL-CM6A-LR,clt,RMSE,2021,19.666340986887615,20.14955425262451,18.87674085299174,20.58975839614868
IPSL-CM6A-LR,clt,RMSE,2022,19.779483318328857,20.371236324310303,18.95759749412537,20.899208704630535
IPSL-CM6A-LR,clt,RMSE,2023,19.900520006815594,19.96693483988444,19.457297325134277,21.163217703501385
IPSL-CM6A-LR,clt,RMSE,2024,20.50769853591919,20.666990756988525,20.05416790644328,22.15601110458374
IPSL-CM6A-LR,od550aer,MAE,2005,0.0871248499800761,0.1034943138559659,0.0704240010430414,0.1042929099251826
IPSL-CM6A-LR,od550aer,MAE,2006,0.0856940454492965,0.1055755255122979,0.0657612603778639,0.0987181334445873
IPSL-CM6A-LR,od550aer,MAE,2007,0.0889670141041278,0.1076314194748798,0.0707383612170815,0.1043151548753181
IPSL-CM6A-LR,od550aer,MAE,2008,0.0880510664234558,0.1108490663270155,0.0658369132628043,0.0999031675358613
IPSL-CM6A-LR,od550aer,MAE,2009,0.0897670853883027,0.1156280922393003,0.0646195023631055,0.1004981404791275
IPSL-CM6A-LR,od550aer,MAE,2010,0.0881245428075392,0.1074814405292272,0.0695252660661935,0.1016430811335643
IPSL-CM6A-LR,od550aer,MAE,2011,0.0923332752039034,0.1148745802541573,0.0697924494743346,0.1057821835080782
IPSL-CM6A-LR,od550aer,MAE,2012,0.0924635703365007,0.1153776509066422,0.0698108887299894,0.1040882586191097
IPSL-CM6A-LR,od550aer,MAE,2013,0.0874156778057416,0.1095587188998857,0.066228127417465,0.1003554544101158
IPSL-CM6A-LR,od550aer,MAE,2014,0.0892256616304317,0.1090407644708951,0.0693859954675038,0.1030228113134701
IPSL-CM6A-LR,od550aer,MAE,2015,0.0964261492093403,0.1117492845902839,0.0797286015003919,0.1136486437171697
IPSL-CM6A-LR,od550aer,MAE,2016,0.0886982064694165,0.1065599521001179,0.0703642647713422,0.1024705550322929
IPSL-CM6A-LR,od550aer,MAE,2017,0.0848530624061822,0.102134130274256,0.0679103406146168,0.0963274476428826
IPSL-CM6A-LR,od550aer,MAE,2018,0.0899413103858629,0.1120822969824075,0.0684470627456903,0.1027836706489324
IPSL-CM6A-LR,od550aer,MAE,2019,0.0925630070269107,0.1113515694936116,0.0731470575556158,0.1009969065586725
IPSL-CM6A-LR,od550aer,MAE,2020,0.0934476125985383,0.1069179798165956,0.0786021395275989,0.1008137439688046
IPSL-CM6A-LR,od550aer,MAE,2021,0.0879793539643287,0.1118726450949907,0.0643142461776733,0.0950673073530196
IPSL-CM6A-LR,od550aer,MAE,2022,0.0924369916319846,0.1024401299655437,0.0818359656259417,0.1086601509402195
IPSL-CM6A-LR,od550aer,MAE,2023,0.095379735653599,0.1137662660330533,0.0764518513654668,0.1030178510894377
IPSL-CM6A-LR,od550aer,MAE,2024,0.0938467147449652,0.1058328362802664,0.0808480919028321,0.108352826287349
IPSL-CM6A-LR,od550aer,RMSE,2005,0.130420301730434,0.1439315446962912,0.1105176887164512,0.1487497513492901
IPSL-CM6A-LR,od550aer,RMSE,2006,0.1320539197574058,0.1529732514172792,0.1008226200938224,0.1461178002258141
IPSL-CM6A-LR,od550aer,RMSE,2007,0.1353351951887209,0.1520177808900673,0.1099187346796194,0.1515559709320465
IPSL-CM6A-LR,od550aer,RMSE,2008,0.1304632338384787,0.1553231334934631,0.0967011731117963,0.141048602759838
IPSL-CM6A-LR,od550aer,RMSE,2009,0.131647303700447,0.1586712722977002,0.0961404722183942,0.1422448810189961
IPSL-CM6A-LR,od550aer,RMSE,2010,0.1340186900148788,0.1545030052463213,0.1055118093887964,0.1467688220242659
IPSL-CM6A-LR,od550aer,RMSE,2011,0.1371229135741789,0.1589410907278458,0.1065058962752421,0.1501438648750384
IPSL-CM6A-LR,od550aer,RMSE,2012,0.136651799082756,0.1611245647072791,0.1027734385182459,0.1441930215805768
IPSL-CM6A-LR,od550aer,RMSE,2013,0.1322673304627338,0.1596755521992842,0.0980533758799234,0.143138825893402
IPSL-CM6A-LR,od550aer,RMSE,2014,0.1345094870775937,0.1570393244425455,0.1043770480901002,0.1482664657135804
IPSL-CM6A-LR,od550aer,RMSE,2015,0.1487217793862024,0.1617629850904146,0.1255109384655952,0.168974008411169
IPSL-CM6A-LR,od550aer,RMSE,2016,0.1340075364957253,0.1559666010240713,0.1035081141938765,0.1453631569941838
IPSL-CM6A-LR,od550aer,RMSE,2017,0.1248036411901314,0.1432923711836337,0.1006898277749617,0.136016197502613
IPSL-CM6A-LR,od550aer,RMSE,2018,0.1325156899789968,0.159747486313184,0.0968604789425928,0.1457673391948143
IPSL-CM6A-LR,od550aer,RMSE,2019,0.1354199536144733,0.1573064072678485,0.1063309845825036,0.1421612507353226
IPSL-CM6A-LR,od550aer,RMSE,2020,0.1349727232009172,0.1502545612553755,0.1117862425744533,0.1413340878983338
IPSL-CM6A-LR,od550aer,RMSE,2021,0.1306483782827854,0.1583276155094305,0.093976675843199,0.1326884826024373
IPSL-CM6A-LR,od550aer,RMSE,2022,0.1316891815513372,0.1484782422582308,0.1106607131659984,0.1475423450271288
IPSL-CM6A-LR,od550aer,RMSE,2023,0.144566711038351,0.1683593019843101,0.1117266460011402,0.1515984125435352
IPSL-CM6A-LR,od550aer,RMSE,2024,0.1503874454647302,0.1592192829897006,0.1318491691102583,0.1705265504618485
IPSL-CM6A-LR,pr,MAE,2005,1.727475895071014e-05,1.738669917964823e-05,1.687092086892032e-05,2.300348796779872e-05
IPSL-CM6A-LR,pr,MAE,2006,1.7144041673115378e-05,1.7336705241177697e-05,1.6665645640993414e-05,2.263024756151329e-05
IPSL-CM6A-LR,pr,MAE,2007,1.754379203096808e-05,1.7421243304246065e-05,1.740555740070704e-05,2.3213807404924108e-05
IPSL-CM6A-LR,pr,MAE,2008,1.7735139257032035e-05,1.7946682495069883e-05,1.7324676643208175e-05,2.3636792927087907e-05
IPSL-CM6A-LR,pr,MAE,2009,1.7133810918797583e-05,1.7353119346807944e-05,1.6625811137297813e-05,2.225631230127571e-05
IPSL-CM6A-LR,pr,MAE,2010,1.787754717952339e-05,1.7998504593682203e-05,1.7498658886931178e-05,2.3933990784523e-05
IPSL-CM6A-LR,pr,MAE,2011,1.818003784137545e-05,1.8624669640606342e-05,1.7456700409942034e-05,2.4545343573360395e-05
IPSL-CM6A-LR,pr,MAE,2012,1.750314731907565e-05,1.7863751660722e-05,1.68332852202487e-05,2.3228256698833626e-05
IPSL-CM6A-LR,pr,MAE,2013,1.7140018978049436e-05,1.7740901057550218e-05,1.6263217958112364e-05,2.276258207227026e-05
IPSL-CM6A-LR,pr,MAE,2014,1.7618961616487166e-05,1.7705672235024394e-05,1.718780140436138e-05,2.344079727360319e-05
IPSL-CM6A-LR,pr,MAE,2015,1.8165441360906694e-05,1.8423010184657567e-05,1.7429206764063565e-05,2.452982425893424e-05
IPSL-CM6A-LR,pr,MAE,2016,1.768178951048564e-05,1.7803946169199964e-05,1.7235401022238268e-05,2.3586217594129263e-05
IPSL-CM6A-LR,pr,MAE,2017,1.69303160267494e-05,1.7270040492197342e-05,1.635707205120222e-05,2.2357750064353848e-05
IPSL-CM6A-LR,pr,MAE,2018,1.7581031443114625e-05,1.7549961815651233e-05,1.7322747604945714e-05,2.3544428889484457e-05
IPSL-CM6A-LR,pr,MAE,2019,1.7434571115397073e-05,1.7270682747039245e-05,1.7233038609750413e-05,2.3216090085043103e-05
IPSL-CM6A-LR,pr,MAE,2020,1.73075948926756e-05,1.7531037504644093e-05,1.6853313354658894e-05,2.25728746651536e-05
IPSL-CM6A-LR,pr,MAE,2021,1.7275772582555266e-05,1.721023613754369e-05,1.711633118854176e-05,2.261756314207257e-05
IPSL-CM6A-LR,pr,MAE,2022,1.761622449218218e-05,1.767453985242658e-05,1.7383958720529336e-05,2.3485607622812193e-05
IPSL-CM6A-LR,pr,MAE,2023,1.8531590285419952e-05,1.907338097832205e-05,1.7667974968086735e-05,2.491885591856165e-05
IPSL-CM6A-LR,pr,MAE,2024,1.7718347559518104e-05,1.8080330543549888e-05,1.7053771443897858e-05,2.3412318114424124e-05
IPSL-CM6A-LR,pr,RMSE,2005,2.976967880385928e-05,2.860904472375599e-05,2.9843256773650257e-05,3.865497941054249e-05
IPSL-CM6A-LR,pr,RMSE,2006,2.93408046066664e-05,2.828845208568964e-05,2.9285783360440593e-05,3.776845672594694e-05
IPSL-CM6A-LR,pr,RMSE,2007,2.9754164036906634e-05,2.871510029459993e-05,2.9839735664912343e-05,3.832581478491193e-05
IPSL-CM6A-LR,pr,RMSE,2008,2.9208761740543803e-05,2.8760629750953132e-05,2.893693347990241e-05,3.755859173300754e-05
IPSL-CM6A-LR,pr,RMSE,2009,3.000415108544985e-05,2.8806630931891657e-05,3.003583105964935e-05,3.8594179386564065e-05
IPSL-CM6A-LR,pr,RMSE,2010,3.090504939488407e-05,2.938150934520915e-05,3.1307144126913045e-05,4.022074851188032e-05
IPSL-CM6A-LR,pr,RMSE,2011,3.0648033164955755e-05,3.0406403463227132e-05,2.9859704833749372e-05,3.980612715774138e-05
IPSL-CM6A-LR,pr,RMSE,2012,3.003124584211037e-05,2.9662594746090083e-05,2.9468742620035e-05,3.890483397602414e-05
IPSL-CM6A-LR,pr,RMSE,2013,2.985652902983323e-05,2.9451930913637625e-05,2.9169416848162655e-05,3.8711895285814535e-05
IPSL-CM6A-LR,pr,RMSE,2014,2.9920243529583484e-05,2.9135893479785107e-05,2.955253133526033e-05,3.868592921207892e-05
IPSL-CM6A-LR,pr,RMSE,2015,3.145974490810962e-05,3.050768236789736e-05,3.1031275436059026e-05,4.101134466812558e-05
IPSL-CM6A-LR,pr,RMSE,2016,3.121099719768002e-05,3.0142503116318647e-05,3.11851601206096e-05,4.058084293016387e-05
IPSL-CM6A-LR,pr,RMSE,2017,2.9099573415199604e-05,2.8108691518961375e-05,2.900411815668728e-05,3.761516412244722e-05
IPSL-CM6A-LR,pr,RMSE,2018,3.0499985162653804e-05,2.8861437234202945e-05,3.1039276715697874e-05,3.976583411713363e-05
IPSL-CM6A-LR,pr,RMSE,2019,3.0513677150641644e-05,2.91449943385184e-05,3.0726668531618394e-05,3.971188986421718e-05
IPSL-CM6A-LR,pr,RMSE,2020,2.976796668008319e-05,2.8803579274002303e-05,2.9741329854005016e-05,3.82852225205473e-05
IPSL-CM6A-LR,pr,RMSE,2021,2.9824132373808727e-05,2.8180395020172e-05,3.034588538260626e-05,3.83087690352113e-05
IPSL-CM6A-LR,pr,RMSE,2022,3.015793708982528e-05,2.904682605731068e-05,3.037070367402824e-05,3.912651239564487e-05
IPSL-CM6A-LR,pr,RMSE,2023,3.1751603728480404e-05,3.136725157067607e-05,3.106703267500658e-05,4.1339917515870184e-05
IPSL-CM6A-LR,pr,RMSE,2024,3.0457855094330927e-05,2.990568949220081e-05,2.9966419333504742e-05,3.935783934139181e-05
IPSL-CM6A-LR,tas,MAE,2005,1.746425318971137,2.133938711351426,1.3651989187923912,1.2502490746511157
IPSL-CM6A-LR,tas,MAE,2006,1.814664630855939,2.2595140870919947,1.379015567101047,1.206224277124034
IPSL-CM6A-LR,tas,MAE,2007,1.8246500257651417,2.2265109427034693,1.425943384913861,1.2947434491813554
IPSL-CM6A-LR,tas,MAE,2008,1.814698110268453,2.2575546097589165,1.3791933614616008,1.2714376039437807
IPSL-CM6A-LR,tas,MAE,2009,1.7552987290304995,2.1631891637946734,1.362487647371738,1.148871624624764
IPSL-CM6A-LR,tas,MAE,2010,1.7860657982054229,2.200741594642461,1.3814726286631718,1.2611925295071773
IPSL-CM6A-LR,tas,MAE,2011,1.7500451399715242,2.1140148085914627,1.396270539783221,1.1995286880594949
IPSL-CM6A-LR,tas,MAE,2012,1.7662251701691816,2.1456447037073105,1.3999806065068523,1.1924227021963314
IPSL-CM6A-LR,tas,MAE,2013,1.7426439136353562,2.14467317716185,1.3504351290532544,1.1574021653817306
IPSL-CM6A-LR,tas,MAE,2014,1.7814163141253474,2.1588213404664622,1.40663899410838,1.2349187146745768
IPSL-CM6A-LR,tas,MAE,2015,1.8335938261576328,2.234272155149471,1.4348952228960306,1.308928788457792
IPSL-CM6A-LR,tas,MAE,2016,1.8355985910046424,2.2649022360286204,1.4154178268241089,1.3047008471961707
IPSL-CM6A-LR,tas,MAE,2017,1.75484780699324,2.1802451804952785,1.3407946636070165,1.1793566356899927
IPSL-CM6A-LR,tas,MAE,2018,1.7463473339163258,2.1838265731549384,1.3186541781499834,1.1731749916596397
IPSL-CM6A-LR,tas,MAE,2019,1.7785182222203426,2.1530619870305436,1.4121666339918644,1.2234467999237495
IPSL-CM6A-LR,tas,MAE,2020,1.7484205627115177,2.1900660144338584,1.3125476956335296,1.2107452145411255
IPSL-CM6A-LR,tas,MAE,2021,1.824447178022937,2.260203240895668,1.4025871319049854,1.1975243106939992
IPSL-CM6A-LR,tas,MAE,2022,1.745400569376554,2.13679303417123,1.365798552550863,1.185721642538919
IPSL-CM6A-LR,tas,MAE,2023,1.841840505275863,2.2427607416526296,1.4424401865862473,1.328127577053767
IPSL-CM6A-LR,tas,MAE,2024,1.89068732338563,2.351631353204148,1.4364798317827885,1.389645681756735
IPSL-CM6A-LR,tas,RMSE,2005,2.789042830080447,3.280789502721143,2.169913919794071,1.8885623554510125
IPSL-CM6A-LR,tas,RMSE,2006,2.9369047784939215,3.5180379518844376,2.161992003393055,1.8609969544694291
IPSL-CM6A-LR,tas,RMSE,2007,2.9303562179757403,3.449788536495875,2.247507907838537,1.922058298305822
IPSL-CM6A-LR,tas,RMSE,2008,2.8916885657475544,3.433210577219198,2.199112600411418,1.9186462119617176
IPSL-CM6A-LR,tas,RMSE,2009,2.8437027637143237,3.376986511883363,2.167767392694088,1.8046186515203697
IPSL-CM6A-LR,tas,RMSE,2010,2.823341473205314,3.357669517722787,2.134432648172658,1.9361464180768184
IPSL-CM6A-LR,tas,RMSE,2011,2.800920170180211,3.282649034730163,2.196895036537425,1.8288537539240703
IPSL-CM6A-LR,tas,RMSE,2012,2.811476507128898,3.308860869223315,2.1951569579261383,1.8214124732064336
IPSL-CM6A-LR,tas,RMSE,2013,2.848308599721825,3.35487743549878,2.1949915391846475,1.7806555633858143
IPSL-CM6A-LR,tas,RMSE,2014,2.8660349088240733,3.384093714462139,2.19414751582943,1.8564445597900243
IPSL-CM6A-LR,tas,RMSE,2015,2.8926063766040726,3.4497636885489,2.169713376885372,1.941460325666772
IPSL-CM6A-LR,tas,RMSE,2016,2.922773801308921,3.4753334951068413,2.197836180956589,1.938741017001514
IPSL-CM6A-LR,tas,RMSE,2017,2.8080771243237934,3.341887410156945,2.12379696387651,1.8159098536993965
IPSL-CM6A-LR,tas,RMSE,2018,2.8262531624721388,3.3937707028280584,2.0927967025851113,1.836249320811297
IPSL-CM6A-LR,tas,RMSE,2019,2.8182424745367456,3.3168186334512124,2.198144061104682,1.848827162206997
IPSL-CM6A-LR,tas,RMSE,2020,2.7678453540942876,3.2930390052259515,2.095917155035589,1.8327589302922995
IPSL-CM6A-LR,tas,RMSE,2021,2.8859131040117134,3.421520188876134,2.1985185743336406,1.825257993555807
IPSL-CM6A-LR,tas,RMSE,2022,2.7983761494132473,3.3138973812396397,2.1336223279176276,1.8044319254812529
IPSL-CM6A-LR,tas,RMSE,2023,2.894010581860792,3.4151553680889113,2.2093596953556047,1.9677381439350632
IPSL-CM6A-LR,tas,RMSE,2024,2.9666927750213343,3.5434966162390107,2.21991923124129,2.018872644457496
IPSL-CM6A-LR,tos,MAE,2005,1.0035359213749568,1.134608084956805,0.9064421107371649,0.8711898078521093
IPSL-CM6A-LR,tos,MAE,2006,1.0331957091887791,1.158572867512703,0.9402059813340504,0.8760156333446503
IPSL-CM6A-LR,tos,MAE,2007,1.043340300520261,1.1849901626507442,0.9367290635903676,0.90989022453626
IPSL-CM6A-LR,tos,MAE,2008,1.071009541551272,1.2538937032222748,0.9359157383441924,0.9092127233743668
IPSL-CM6A-LR,tos,MAE,2009,1.0534556210041046,1.2018613169590633,0.9450689554214478,0.8586985468864441
IPSL-CM6A-LR,tos,MAE,2010,1.0732800960540771,1.173751066128413,0.999557559688886,0.9224601686000824
IPSL-CM6A-LR,tos,MAE,2011,1.0632731467485428,1.1416317125161488,1.0050921440124512,0.9539782653252284
IPSL-CM6A-LR,tos,MAE,2012,1.050177663564682,1.1650599986314774,0.9661595026652018,0.8937734017769495
IPSL-CM6A-LR,tos,MAE,2013,1.011259396870931,1.1487136135498683,0.9095638692378998,0.8694666922092438
IPSL-CM6A-LR,tos,MAE,2014,0.9984645992517472,1.0453801651795704,0.9611921658118566,0.868655780951182
IPSL-CM6A-LR,tos,MAE,2015,1.0766272495190303,1.15050766368707,1.0186792661746342,0.9381928493579228
IPSL-CM6A-LR,tos,MAE,2016,1.04244531194369,1.1545684734980266,0.9591632982095084,0.9100788434346516
IPSL-CM6A-LR,tos,MAE,2017,1.0337779174248378,1.170404424269994,0.9338618765274684,0.8770476380983988
IPSL-CM6A-LR,tos,MAE,2018,1.0198359588781991,1.133427436153094,0.9353837221860886,0.8733859012524287
IPSL-CM6A-LR,tos,MAE,2019,1.0091871668895085,1.1027008146047592,0.9398086071014404,0.84821288784345
IPSL-CM6A-LR,tos,MAE,2020,1.0249368598063786,1.178802525003751,0.9113073498010636,0.8698052614927292
IPSL-CM6A-LR,tos,MAE,2021,1.123576631148656,1.2689269681771596,1.0178532302379608,0.9146645118792852
IPSL-CM6A-LR,tos,MAE,2022,1.0922545890013378,1.229135473569234,0.9922213157018026,0.953474462032318
IPSL-CM6A-LR,tos,MAE,2023,1.1396637260913849,1.2706492642561595,1.0404431819915771,1.0325899571180344
IPSL-CM6A-LR,tos,MAE,2024,1.0953058898448944,1.3133210837841034,0.934031829237938,0.9732883175214132
IPSL-CM6A-LR,tos,RMSE,2005,1.39608296751976,1.591978092988332,1.2248072723547618,1.1813063323497772
IPSL-CM6A-LR,tos,RMSE,2006,1.4186917940775554,1.6349915166695912,1.2251387635866802,1.143814394871394
IPSL-CM6A-LR,tos,RMSE,2007,1.4456666310628254,1.679117312033971,1.2348520855108898,1.1945360402266183
IPSL-CM6A-LR,tos,RMSE,2008,1.473875254392624,1.7214798827966054,1.248801479736964,1.1833657920360563
IPSL-CM6A-LR,tos,RMSE,2009,1.4629793564478557,1.698927064736684,1.246863732735316,1.1323548555374146
IPSL-CM6A-LR,tos,RMSE,2010,1.467783401409785,1.6423776249090831,1.3160086472829182,1.2317563394705455
IPSL-CM6A-LR,tos,RMSE,2011,1.4399031102657318,1.5772746801376345,1.3183820446332295,1.2312680582205455
IPSL-CM6A-LR,tos,RMSE,2012,1.4417065779368083,1.6173459490140278,1.2826438148816426,1.1875566244125366
IPSL-CM6A-LR,tos,RMSE,2013,1.396392434835434,1.6014495889345806,1.212382862965266,1.1732079088687897
IPSL-CM6A-LR,tos,RMSE,2014,1.3749146958192189,1.4877232313156128,1.2677231232325237,1.14478267232577
IPSL-CM6A-LR,tos,RMSE,2015,1.4917704661687214,1.6331096589565277,1.3537236948808034,1.2654357850551603
IPSL-CM6A-LR,tos,RMSE,2016,1.4147323071956637,1.589933266242345,1.2633527914683025,1.1940136551856997
IPSL-CM6A-LR,tos,RMSE,2017,1.4348990122477214,1.6512962977091472,1.2459252973397572,1.182123839855194
IPSL-CM6A-LR,tos,RMSE,2018,1.4216339786847432,1.6337373753388722,1.2299542327721913,1.155102789402008
IPSL-CM6A-LR,tos,RMSE,2019,1.4137586454550426,1.5984133978684745,1.252843976020813,1.1466041604677837
IPSL-CM6A-LR,tos,RMSE,2020,1.4217994113763173,1.6583779454231262,1.210813691218694,1.1646278500556946
IPSL-CM6A-LR,tos,RMSE,2021,1.5475867092609406,1.768202116092046,1.3507828116416931,1.1959603528181713
IPSL-CM6A-LR,tos,RMSE,2022,1.4964827199776969,1.7026060422261555,1.3200888733069105,1.24644273519516
IPSL-CM6A-LR,tos,RMSE,2023,1.5596123437086742,1.7576412161191304,1.3816824853420258,1.3749156296253204
IPSL-CM6A-LR,tos,RMSE,2024,1.5472444593906405,1.869246284166972,1.2453727026780446,1.3007134000460308
KACE-1-0-G,clt,MAE,2005,13.567168347912167,13.607526168163355,13.526810527660984,14.165609547273233
KACE-1-0-G,clt,MAE,2006,13.218501862464562,13.300902583368805,13.136101141560324,13.78537402460708
KACE-1-0-G,clt,MAE,2007,13.90130777566779,13.9185333780587,13.884082173276886,14.76891515135155
KACE-1-0-G,clt,MAE,2008,13.830024870680964,13.97966349193654,13.68038624942539,14.586768813405447
KACE-1-0-G,clt,MAE,2009,13.398158206324732,13.442094471051568,13.354221941597896,13.678215043916452
KACE-1-0-G,clt,MAE,2010,13.74522982857079,13.643145313496191,13.847314343645388,14.61289084165218
KACE-1-0-G,clt,MAE,2011,13.988242199991133,14.067688148418569,13.908796251563691,14.691249870162665
KACE-1-0-G,clt,MAE,2012,13.551732901551604,13.85892469987472,13.24454110322848,13.932972544960592
KACE-1-0-G,clt,MAE,2013,13.683352345053338,13.741689623881063,13.625015066225616,14.199166090999178
KACE-1-0-G,clt,MAE,2014,13.473703157443817,13.22403716871638,13.723369146171253,14.008901303394268
KACE-1-0-G,clt,MAE,2015,13.364069476971364,13.59026436146572,13.13787459247701,13.976812492884394
KACE-1-0-G,clt,MAE,2016,13.58358197687648,13.634565480953256,13.5325984727997,14.097199544763956
KACE-1-0-G,clt,MAE,2017,13.175296448187195,13.235201172035952,13.115391724338435,13.962955158632246
KACE-1-0-G,clt,MAE,2018,13.300249459843476,13.342209593647942,13.25828932603901,13.906793848280172
KACE-1-0-G,clt,MAE,2019,13.033283725225624,12.894162198845732,13.172405251605516,13.186449565783334
KACE-1-0-G,clt,MAE,2020,13.464451200151336,13.407518029978672,13.521384370323998,14.200249809225584
KACE-1-0-G,clt,MAE,2021,14.041398692679536,14.031781525525608,14.051015859833464,14.87460250013124
KACE-1-0-G,clt,MAE,2022,14.066604548186952,13.714161653283671,14.41904744309023,15.297710673734642
KACE-1-0-G,clt,MAE,2023,13.330979875078013,13.26823431435166,13.393725435804363,14.024242816820566
KACE-1-0-G,clt,MAE,2024,13.728478405108744,13.496185549934674,13.960771260282812,14.600948251937696
KACE-1-0-G,clt,RMSE,2005,18.711819382133093,17.692786697230567,19.57165875289328,17.680837930918596
KACE-1-0-G,clt,RMSE,2006,18.273639903449435,17.25110898090621,19.12077350941905,17.078846446802913
KACE-1-0-G,clt,RMSE,2007,19.161883590396204,18.00278408354139,20.14119813228577,18.404994933496383
KACE-1-0-G,clt,RMSE,2008,19.14354418413482,18.087026705646934,20.057889099872316,18.310589714560965
KACE-1-0-G,clt,RMSE,2009,18.601535700685982,17.57951966566353,19.410770076849833,17.173416431650047
KACE-1-0-G,clt,RMSE,2010,18.879906575230017,17.633988687318624,19.94010059661538,18.08017422441113
KACE-1-0-G,clt,RMSE,2011,19.19613287183255,18.153526063717308,20.12233301308996,18.245772979058604
KACE-1-0-G,clt,RMSE,2012,18.77718495388233,17.95863417057267,19.415613555404416,17.259369364534276
KACE-1-0-G,clt,RMSE,2013,19.05710180070124,18.135617633503365,19.803621366332937,17.710733787823653
KACE-1-0-G,clt,RMSE,2014,18.716666956569277,17.31600479530236,19.871157819466056,17.517293729562702
KACE-1-0-G,clt,RMSE,2015,18.437465384019383,17.610442786061558,19.16633829522664,17.480603992719924
KACE-1-0-G,clt,RMSE,2016,18.819917281042773,17.7090686540589,19.742522556594057,17.545744981609243
KACE-1-0-G,clt,RMSE,2017,18.28007225811836,17.140493713768024,19.2812844291788,17.367769350274475
KACE-1-0-G,clt,RMSE,2018,18.27063091034066,17.295043639148894,19.13078444662065,17.28599445193524
KACE-1-0-G,clt,RMSE,2019,18.14530125717646,16.769591202759266,19.323393739165876,16.459411898097795
KACE-1-0-G,clt,RMSE,2020,18.437333631405,17.258947907239914,19.43876675670712,17.606371420544413
KACE-1-0-G,clt,RMSE,2021,19.16688319933464,18.025544655707943,20.148314160319632,18.4578066293768
KACE-1-0-G,clt,RMSE,2022,19.234618666714635,17.74517223738606,20.518447720004527,19.036434765511633
KACE-1-0-G,clt,RMSE,2023,18.349549569965216,17.140654868591813,19.37829543085204,17.474066230820515
KACE-1-0-G,clt,RMSE,2024,18.81974538019734,17.42606772511311,20.015739166187213,18.141027602315145
KACE-1-0-G,od550aer,MAE,2005,0.092589579109744,0.1251730321165579,0.0639644682603692,0.0903322033928632
KACE-1-0-G,od550aer,MAE,2006,0.0964357974396466,0.131628695199586,0.0651863181671503,0.0983422153039099
KACE-1-0-G,od550aer,MAE,2007,0.0922599038657999,0.1239199257991637,0.0644323349111064,0.0947259834721829
KACE-1-0-G,od550aer,MAE,2008,0.0873683847213566,0.1194550619522931,0.0589348741947887,0.0878709533243312
KACE-1-0-G,od550aer,MAE,2009,0.0865230041505388,0.1162631567075108,0.0606016597915265,0.0937212208747382
KACE-1-0-G,od550aer,MAE,2010,0.091770262466471,0.1203544026978498,0.0668320655799678,0.095720646813172
KACE-1-0-G,od550aer,MAE,2011,0.0823460457663262,0.1105646982344397,0.0577388140100533,0.0875146183102395
KACE-1-0-G,od550aer,MAE,2012,0.089286687056812,0.1210319700504105,0.0610015524739022,0.0905129754035583
KACE-1-0-G,od550aer,MAE,2013,0.0918074986116793,0.1261063834135621,0.0614905575434784,0.0940990788498519
KACE-1-0-G,od550aer,MAE,2014,0.0904865553886034,0.1241012840272565,0.0605086432229269,0.0929322566897742
KACE-1-0-G,od550aer,MAE,2015,0.0790036215239301,0.1032229318804787,0.0575416521792213,0.0878925269465404
KACE-1-0-G,od550aer,MAE,2016,0.0817717758201803,0.1058090333224493,0.060823603043243,0.0901183672854396
KACE-1-0-G,od550aer,MAE,2017,0.0812592556336076,0.1019204736225401,0.0632928550548798,0.0907225165527961
KACE-1-0-G,od550aer,MAE,2018,0.0815287991126966,0.1026080570327824,0.0629131406834403,0.0925699684659105
KACE-1-0-G,od550aer,MAE,2019,0.0741663373374629,0.0927708581676247,0.0580427325280027,0.0831611296461091
KACE-1-0-G,od550aer,MAE,2020,0.074400708950132,0.0934652552451171,0.0570808370589012,0.0833585316084452
KACE-1-0-G,od550aer,MAE,2021,0.0772673241482702,0.0980532039679507,0.0586873074516143,0.088078710968027
KACE-1-0-G,od550aer,MAE,2022,0.0759377283644394,0.0989129231486742,0.0556677159225227,0.0862491829631368
KACE-1-0-G,od550aer,MAE,2023,0.0761027696508949,0.0973828494591531,0.0573203314508296,0.0858728283609279
KACE-1-0-G,od550aer,MAE,2024,0.0775595865109363,0.0989831666662208,0.0585262293115921,0.0869882372879881
KACE-1-0-G,od550aer,RMSE,2005,0.1380575248831795,0.1711289997492157,0.0997318408197872,0.1411580451896252
KACE-1-0-G,od550aer,RMSE,2006,0.1533667849288215,0.1852997863926278,0.1162468609396822,0.1655769860933036
KACE-1-0-G,od550aer,RMSE,2007,0.1429184316834223,0.1762774871553758,0.1031390690298341,0.151864722027191
KACE-1-0-G,od550aer,RMSE,2008,0.1358019737576876,0.1731945979719357,0.090355603327281,0.1407778960379329
KACE-1-0-G,od550aer,RMSE,2009,0.1371377507745298,0.1717087214934943,0.0959374616603973,0.150059298923404
KACE-1-0-G,od550aer,RMSE,2010,0.1430862015797809,0.1714933142782604,0.1098350085723317,0.1549575959481534
KACE-1-0-G,od550aer,RMSE,2011,0.1321606223089434,0.1646709938268899,0.0941600924852013,0.1423107332634042
KACE-1-0-G,od550aer,RMSE,2012,0.1371039116165751,0.1722234999309725,0.0952314719218497,0.1423663880796118
KACE-1-0-G,od550aer,RMSE,2013,0.1438192530538429,0.1841791814447595,0.0944853037282092,0.1519511480993875
KACE-1-0-G,od550aer,RMSE,2014,0.1449075803925874,0.1842689223424265,0.0972144575045304,0.1536388189043954
KACE-1-0-G,od550aer,RMSE,2015,0.1281149398104981,0.1516919289295052,0.101480330688531,0.1460151412940462
KACE-1-0-G,od550aer,RMSE,2016,0.1293128860961126,0.1558244005201691,0.1000700114443216,0.144456998132422
KACE-1-0-G,od550aer,RMSE,2017,0.1271523160478765,0.1495151357953343,0.1027560727163957,0.1441093336244378
KACE-1-0-G,od550aer,RMSE,2018,0.1288371603254252,0.1528338172106517,0.1026013881633514,0.1480740393518776
KACE-1-0-G,od550aer,RMSE,2019,0.1206533407404277,0.1426995426896666,0.0966133557187024,0.1358241999527619
KACE-1-0-G,od550aer,RMSE,2020,0.1223848062253021,0.1432158834198159,0.0987148035546253,0.1377890672458878
KACE-1-0-G,od550aer,RMSE,2021,0.1255098846476145,0.1515720434363798,0.0960893969802485,0.1420102348068332
KACE-1-0-G,od550aer,RMSE,2022,0.1231920133144648,0.1499645603944124,0.0934407990995784,0.1409956761372356
KACE-1-0-G,od550aer,RMSE,2023,0.1258685891828165,0.1497126307510247,0.0990126778360196,0.1415668875373963
KACE-1-0-G,od550aer,RMSE,2024,0.1291512442378035,0.1514373896063199,0.1037453814494698,0.1466275859781558
KACE-1-0-G,pr,MAE,2005,1.807558714425143e-05,1.7697070346393844e-05,1.8454103942109016e-05,2.47059796948737e-05
KACE-1-0-G,pr,MAE,2006,1.729073624579006e-05,1.7385852210750736e-05,1.7195620280829383e-05,2.345924645107014e-05
KACE-1-0-G,pr,MAE,2007,1.849262445065113e-05,1.8451436421821973e-05,1.8533812479480284e-05,2.5299972299668868e-05
KACE-1-0-G,pr,MAE,2008,1.8643500162231565e-05,1.807425040047298e-05,1.9212749923990143e-05,2.566080702777491e-05
KACE-1-0-G,pr,MAE,2009,1.7194821346383584e-05,1.705854196892832e-05,1.7331100723838853e-05,2.317878029974862e-05
KACE-1-0-G,pr,MAE,2010,1.872985757695387e-05,1.827866089324663e-05,1.9181054260661124e-05,2.6167395173221503e-05
KACE-1-0-G,pr,MAE,2011,1.8199299219383188e-05,1.7864116822256906e-05,1.8534481616509463e-05,2.512801095142641e-05
KACE-1-0-G,pr,MAE,2012,1.7466180206924265e-05,1.762887845058228e-05,1.730348196326625e-05,2.357527539990915e-05
KACE-1-0-G,pr,MAE,2013,1.7719375948446684e-05,1.772897632448283e-05,1.7709775572410547e-05,2.4294466451411335e-05
KACE-1-0-G,pr,MAE,2014,1.7623157203369822e-05,1.7706639416709762e-05,1.7539674990029883e-05,2.3946864568400793e-05
KACE-1-0-G,pr,MAE,2015,1.8585111340925035e-05,1.9224916451458417e-05,1.7945306230391653e-05,2.571052446273319e-05
KACE-1-0-G,pr,MAE,2016,1.8050386482665304e-05,1.8035160301061636e-05,1.8065612664268975e-05,2.455721848258474e-05
KACE-1-0-G,pr,MAE,2017,1.7566528191764843e-05,1.748314927914489e-05,1.7649907104384794e-05,2.3957565732932348e-05
KACE-1-0-G,pr,MAE,2018,1.7466344697090483e-05,1.755363568402433e-05,1.7379053710156637e-05,2.390039688707316e-05
KACE-1-0-G,pr,MAE,2019,1.713976320767199e-05,1.7213467585816972e-05,1.7066058829527013e-05,2.296773385135129e-05
KACE-1-0-G,pr,MAE,2020,1.7807570244551016e-05,1.7893436746746847e-05,1.772170374235518e-05,2.427331884651658e-05
KACE-1-0-G,pr,MAE,2021,1.8720731556720587e-05,1.8651980323765895e-05,1.8789482789675275e-05,2.5937663054019848e-05
KACE-1-0-G,pr,MAE,2022,1.9127606626078287e-05,1.81429137469618e-05,2.011229950519477e-05,2.6892692674171004e-05
KACE-1-0-G,pr,MAE,2023,1.8160961769974915e-05,1.7800881089017368e-05,1.8521042450932463e-05,2.4851404905680148e-05
KACE-1-0-G,pr,MAE,2024,1.8067337996340367e-05,1.8049159316218935e-05,1.80855166764618e-05,2.4723658284269204e-05
KACE-1-0-G,pr,RMSE,2005,3.0375346935180803e-05,2.897709366402461e-05,3.088045447706859e-05,3.9567376540418206e-05
KACE-1-0-G,pr,RMSE,2006,2.868775655040385e-05,2.8101694661423267e-05,2.8060825609758455e-05,3.7198503497794976e-05
KACE-1-0-G,pr,RMSE,2007,3.128178860979317e-05,3.049778326574985e-05,3.104972040840636e-05,4.082787374777778e-05
KACE-1-0-G,pr,RMSE,2008,3.15690557841063e-05,2.960292404959335e-05,3.239088672598654e-05,4.1293805758784435e-05
KACE-1-0-G,pr,RMSE,2009,2.8673011575598253e-05,2.7972656888547567e-05,2.8548524471231495e-05,3.709710361218142e-05
KACE-1-0-G,pr,RMSE,2010,3.186985154052913e-05,3.0501876998736688e-05,3.2488486158063294e-05,4.2028866559639656e-05
KACE-1-0-G,pr,RMSE,2011,3.0486651420038275e-05,2.9269097893248104e-05,3.078478374081144e-05,3.985457306574247e-05
KACE-1-0-G,pr,RMSE,2012,2.9058707655664775e-05,2.8561861892390388e-05,2.8574288297825335e-05,3.766852060762034e-05
KACE-1-0-G,pr,RMSE,2013,2.9676469145679792e-05,2.9018690778957177e-05,2.9423838128180105e-05,3.863384592124841e-05
KACE-1-0-G,pr,RMSE,2014,2.946062347471031e-05,2.9002456884099907e-05,2.910032058615867e-05,3.827376617882779e-05
KACE-1-0-G,pr,RMSE,2015,3.142248911186557e-05,3.175464830992088e-05,3.004790569714241e-05,4.1198689351773466e-05
KACE-1-0-G,pr,RMSE,2016,3.028057389116353e-05,3.0000406364244325e-05,2.972536228858922e-05,3.934774675764064e-05
KACE-1-0-G,pr,RMSE,2017,2.93445839454017e-05,2.866695910008814e-05,2.9095021429471745e-05,3.824553567626959e-05
KACE-1-0-G,pr,RMSE,2018,2.933920175511729e-05,2.8797425491476e-05,2.9235484341205692e-05,3.837313274886162e-05
KACE-1-0-G,pr,RMSE,2019,2.8868402568576736e-05,2.8469523431443945e-05,2.824928349058424e-05,3.745529119676451e-05
KACE-1-0-G,pr,RMSE,2020,2.9763170329045728e-05,2.9482119868074556e-05,2.9033472469406793e-05,3.875541225950134e-05
KACE-1-0-G,pr,RMSE,2021,3.1872884487069336e-05,3.066439720164582e-05,3.2069827354927286e-05,4.180572922012675e-05
KACE-1-0-G,pr,RMSE,2022,3.279852636665074e-05,3.0500526533398505e-05,3.413557214407323e-05,4.328064736624901e-05
KACE-1-0-G,pr,RMSE,2023,3.0843693912792714e-05,2.933426285018063e-05,3.099042667009031e-05,4.036829350502803e-05
KACE-1-0-G,pr,RMSE,2024,3.014334905935301e-05,2.9736483971170324e-05,2.941568246625666e-05,3.931502738619097e-05
KACE-1-0-G,tas,MAE,2005,1.6962911089016688,1.862541634760606,1.527796550620587,1.1692817518479284
KACE-1-0-G,tas,MAE,2006,1.6887392145229363,1.8116017449718185,1.5647862875728051,1.0912346456008877
KACE-1-0-G,tas,MAE,2007,1.7406757449687091,1.8839909852523544,1.5964017191026831,1.2127780756681397
KACE-1-0-G,tas,MAE,2008,1.8199988582616309,1.9796213825437643,1.657725830408408,1.304704971095637
KACE-1-0-G,tas,MAE,2009,1.676127777800988,1.819152379713375,1.531306479574604,1.1150375187128645
KACE-1-0-G,tas,MAE,2010,1.714121178667795,1.8740197172473736,1.552901019491736,1.1973535754794418
KACE-1-0-G,tas,MAE,2011,1.766150610369004,1.900361226650504,1.6301256879576165,1.2511545870925167
KACE-1-0-G,tas,MAE,2012,1.768511630598562,1.9693213044469375,1.5657221938486467,1.1972291007765852
KACE-1-0-G,tas,MAE,2013,1.7169421234403472,1.9104743086888023,1.5215423582818233,1.182016062456446
KACE-1-0-G,tas,MAE,2014,1.7437145924524744,1.8583792667583117,1.6280810040501372,1.1994883878503366
KACE-1-0-G,tas,MAE,2015,1.7656707151248028,1.8965536884544376,1.6337849825815585,1.1836416435921555
KACE-1-0-G,tas,MAE,2016,1.7489708795048358,1.9245236180972671,1.5717260959895674,1.1186236677694643
KACE-1-0-G,tas,MAE,2017,1.7612343289255288,1.9426343636226897,1.5775374077631836,1.17701193639759
KACE-1-0-G,tas,MAE,2018,1.7806994675736736,1.9612882060156336,1.5978908855423517,1.2400860227307675
KACE-1-0-G,tas,MAE,2019,1.7334562904760542,1.8732536941559068,1.591939098550743,1.1559283578804678
KACE-1-0-G,tas,MAE,2020,1.7334841174399105,1.8927336526218983,1.5720507817732907,1.157318884841084
KACE-1-0-G,tas,MAE,2021,1.845970064015516,1.998924241433688,1.690485867396864,1.330693566293098
KACE-1-0-G,tas,MAE,2022,1.8817754962807496,2.0148490210553116,1.7463664464173754,1.4476462378140356
KACE-1-0-G,tas,MAE,2023,1.7928016549524155,1.9756848903512776,1.6060627708882125,1.2319957553140568
KACE-1-0-G,tas,MAE,2024,1.7346828261346436,1.901160085698722,1.5662024915600097,1.1799149014230808
KACE-1-0-G,tas,RMSE,2005,2.6168014393933965,2.74543932524553,2.436078221045159,1.714587211875732
KACE-1-0-G,tas,RMSE,2006,2.6561846944976772,2.725428162741991,2.5358241008632754,1.6244046080311527
KACE-1-0-G,tas,RMSE,2007,2.6805448984931117,2.795320095548742,2.5148979811118664,1.772629470684997
KACE-1-0-G,tas,RMSE,2008,2.734450073878555,2.8311138838503425,2.5883923235200736,1.8297189544475656
KACE-1-0-G,tas,RMSE,2009,2.607231885465896,2.700789607358138,2.4653695403707556,1.663952809088142
KACE-1-0-G,tas,RMSE,2010,2.6523575102918797,2.7540893646181126,2.508890603812258,1.7286776652310207
KACE-1-0-G,tas,RMSE,2011,2.6910078100666524,2.788040849382415,2.5480299719452835,1.7839853685380982
KACE-1-0-G,tas,RMSE,2012,2.7347608680018674,2.9112710927629575,2.499937597585421,1.7347154875218618
KACE-1-0-G,tas,RMSE,2013,2.680785636672552,2.870452937065728,2.4187688641408047,1.75209716192719
KACE-1-0-G,tas,RMSE,2014,2.690309506132285,2.750008132266928,2.5891115531956523,1.747135560028826
KACE-1-0-G,tas,RMSE,2015,2.719216132458501,2.814122745855095,2.575049140317878,1.7270508845614156
KACE-1-0-G,tas,RMSE,2016,2.760081243988313,2.9382128025748435,2.517398217995487,1.6959046845082115
KACE-1-0-G,tas,RMSE,2017,2.7451635129812453,2.9072216501301553,2.526347563153472,1.753270120659356
KACE-1-0-G,tas,RMSE,2018,2.752903713396949,2.937286894421751,2.5165200863607664,1.8143471344968267
KACE-1-0-G,tas,RMSE,2019,2.7338850839575546,2.86400965880676,2.5431448064066755,1.7286965782578336
KACE-1-0-G,tas,RMSE,2020,2.6889037609680817,2.839717001562242,2.483229863741364,1.7303635781431317
KACE-1-0-G,tas,RMSE,2021,2.8214707526022607,2.9499994831945267,2.6322366165834103,1.8896354331629317
KACE-1-0-G,tas,RMSE,2022,2.8260388931135125,2.934918337336159,2.6810986977876197,2.013197637418416
KACE-1-0-G,tas,RMSE,2023,2.7534618281581213,2.9554603538354036,2.5036889357469385,1.7721322773055548
KACE-1-0-G,tas,RMSE,2024,2.702790464018948,2.833353087232471,2.5237930152654298,1.7398996200146453
MIROC6,clt,MAE,2005,13.360417366027832,13.339662869771322,13.38117257754008,12.585573275883991
MIROC6,clt,MAE,2006,13.272778034210203,13.319683313369753,13.225872993469238,12.564664125442505
MIROC6,clt,MAE,2007,13.22171139717102,13.306559324264526,13.136863629023232,12.67770012219747
MIROC6,clt,MAE,2008,13.432002305984495,13.453962802886965,13.410041173299154,12.9339972337087
MIROC6,clt,MAE,2009,13.230469306310018,13.13120206197103,13.329736789067589,12.171579281489054
MIROC6,clt,MAE,2010,13.626012643178305,13.854461113611857,13.39756464958191,12.738609870274862
MIROC6,clt,MAE,2011,13.623455127080282,13.695079644521078,13.551830927530924,13.027005195617676
MIROC6,clt,MAE,2012,13.578207731246948,13.640350500742594,13.516064723332724,13.170181115468344
MIROC6,clt,MAE,2013,13.308272202809652,13.392553249994911,13.223991394042969,12.671044826507568
MIROC6,clt,MAE,2014,13.128452698389689,13.011210044225058,13.24569574991862,11.94227902094523
MIROC6,clt,MAE,2015,13.56201457977295,13.482526461283364,13.641502141952516,12.825826168060305
MIROC6,clt,MAE,2016,13.623654047648111,13.573296705881754,13.674010833104452,12.757511377334597
MIROC6,clt,MAE,2017,13.38691751162211,13.626891613006592,13.14694341023763,12.842322905858358
MIROC6,clt,MAE,2018,13.220847606658936,13.496362924575806,12.945332050323486,12.629943688710531
MIROC6,clt,MAE,2019,13.352805217107138,13.306074301401772,13.399535576502482,12.43315076828003
MIROC6,clt,MAE,2020,13.349419832229614,13.225165685017904,13.473674774169922,12.557995716730751
MIROC6,clt,MAE,2021,12.97433344523112,12.851248741149902,13.097418228785196,12.180975675582886
MIROC6,clt,MAE,2022,13.42060891787211,13.177132765452066,13.664085467656454,12.493686755498253
MIROC6,clt,MAE,2023,13.06573255856832,12.690211296081545,13.441253582636516,11.956464370091757
MIROC6,clt,MAE,2024,13.304948329925535,13.1828564008077,13.427040497461954,12.42911450068156
MIROC6,clt,RMSE,2005,16.327166239420574,16.422329664230347,16.080027500788372,15.998292922973633
MIROC6,clt,RMSE,2006,16.143233855565388,16.230608701705933,15.860711733500162,15.827234506607056
MIROC6,clt,RMSE,2007,16.056684414545696,16.201921463012695,15.818453709284464,15.930224498112995
MIROC6,clt,RMSE,2008,16.31659483909607,16.42894180615743,16.09188683827718,16.271763801574707
MIROC6,clt,RMSE,2009,16.098737239837646,16.106812953948975,15.935405333836874,15.345074653625488
MIROC6,clt,RMSE,2010,16.53609363238017,16.896638949712116,16.037954489390057,16.02748966217041
MIROC6,clt,RMSE,2011,16.561135212580364,16.793023188908894,16.20882002512614,16.356786251068115
MIROC6,clt,RMSE,2012,16.47692044576009,16.685303767522175,16.129733562469482,16.489607254664104
MIROC6,clt,RMSE,2013,16.20520345369975,16.363263448079426,15.931994597117106,15.999492088953652
MIROC6,clt,RMSE,2014,16.05538733800252,15.923558712005615,16.045686562856037,15.214254061381022
MIROC6,clt,RMSE,2015,16.604598601659138,16.597333192825317,16.44018578529358,16.303970177968342
MIROC6,clt,RMSE,2016,16.581738233566284,16.596883296966553,16.44971712430318,16.050691207249958
MIROC6,clt,RMSE,2017,16.257099946339924,16.600739161173504,15.794074455897013,16.125194152196247
MIROC6,clt,RMSE,2018,16.19948188463847,16.603298902511597,15.630488475163778,15.943473815917969
MIROC6,clt,RMSE,2019,16.22871430714925,16.291629155476887,16.05791425704956,15.63689915339152
MIROC6,clt,RMSE,2020,16.169691642125446,16.20715061823527,16.020943959554035,15.761222044626871
MIROC6,clt,RMSE,2021,15.803550163904823,15.774877468744911,15.760401646296184,15.419906695683798
MIROC6,clt,RMSE,2022,16.34329319000244,16.23497136433919,16.302313804626465,15.735216776529947
MIROC6,clt,RMSE,2023,15.907278219858805,15.56881594657898,16.10010282198588,15.13325015703837
MIROC6,clt,RMSE,2024,16.145883321762085,16.12183419863383,16.061938047409058,15.703660567601522
MIROC6,pr,MAE,2005,1.7476795922751382e-05,1.7796835436456604e-05,1.715675610588126e-05,2.3340188666528167e-05
MIROC6,pr,MAE,2006,1.6986347115259075e-05,1.7530407376398216e-05,1.6442288066779536e-05,2.238277132467677e-05
MIROC6,pr,MAE,2007,1.722977443326575e-05,1.744061645088853e-05,1.7018933097763995e-05,2.234823568869615e-05
MIROC6,pr,MAE,2008,1.7238999286443384e-05,1.7245077515326557e-05,1.7232921588098787e-05,2.268860953336116e-05
MIROC6,pr,MAE,2009,1.751311447151238e-05,1.773329730288727e-05,1.7292930958016466e-05,2.3312546090892283e-05
MIROC6,pr,MAE,2010,1.8281182292412268e-05,1.8541738275719883e-05,1.8020625778566075e-05,2.449814625530659e-05
MIROC6,pr,MAE,2011,1.7318682239420014e-05,1.7765100968366216e-05,1.6872262676770333e-05,2.300037946649051e-05
MIROC6,pr,MAE,2012,1.762849994217201e-05,1.7782338242492795e-05,1.7474662248181023e-05,2.3653880968292167e-05
MIROC6,pr,MAE,2013,1.7516811870639987e-05,1.7436800438493567e-05,1.7596822848039057e-05,2.34003799353862e-05
MIROC6,pr,MAE,2014,1.7690160651303206e-05,1.7733207869241596e-05,1.764711343336482e-05,2.350210979784606e-05
MIROC6,pr,MAE,2015,1.9175839952367824e-05,1.9355388227874453e-05,1.899629144948752e-05,2.653671435837168e-05
MIROC6,pr,MAE,2016,1.8186643046647077e-05,1.8294094388693335e-05,1.8079191553018365e-05,2.4403958074496284e-05
MIROC6,pr,MAE,2017,1.708514719211962e-05,1.769405056014269e-05,1.6476243748305326e-05,2.2688237095280783e-05
MIROC6,pr,MAE,2018,1.742313497743453e-05,1.8000885650811444e-05,1.6845384228266386e-05,2.3407854769175177e-05
MIROC6,pr,MAE,2019,1.783259025008495e-05,1.7823298170090613e-05,1.7841883542738895e-05,2.3883085153405165e-05
MIROC6,pr,MAE,2020,1.7401099285052624e-05,1.7361874824928236e-05,1.744032404834191e-05,2.2948821879253956e-05
MIROC6,pr,MAE,2021,1.6638876483436132e-05,1.6359584757689543e-05,1.6918169194468646e-05,2.167413625405364e-05
MIROC6,pr,MAE,2022,1.6879389780418325e-05,1.6639425818236003e-05,1.7119353818391875e-05,2.1880510303162737e-05
MIROC6,pr,MAE,2023,1.6740774602415815e-05,1.659798219103929e-05,1.688356852961685e-05,2.1614666062911663e-05
MIROC6,pr,MAE,2024,1.6791740260183968e-05,1.6888678374016308e-05,1.6694801540021825e-05,2.193214504586649e-05
MIROC6,pr,RMSE,2005,2.8779184807111353e-05,3.0077445747641225e-05,2.6797118759229004e-05,3.728306000994053e-05
MIROC6,pr,RMSE,2006,2.726847408969964e-05,2.8480378053548826e-05,2.5408070541743655e-05,3.493446517192448e-05
MIROC6,pr,RMSE,2007,2.7134267232516624e-05,2.779536028659398e-05,2.563227387023896e-05,3.4405943097226555e-05
MIROC6,pr,RMSE,2008,2.707933920949775e-05,2.7598050110100303e-05,2.604356495794491e-05,3.462816069562299e-05
MIROC6,pr,RMSE,2009,2.850024172100045e-05,2.970973249224092e-05,2.668971107292843e-05,3.675981603616189e-05
MIROC6,pr,RMSE,2010,2.9670306200083967e-05,3.096993941653636e-05,2.7754990848431287e-05,3.829948082056944e-05
MIROC6,pr,RMSE,2011,2.738279241990919e-05,2.8660104665808223e-05,2.5515686502330936e-05,3.51508518482054e-05
MIROC6,pr,RMSE,2012,2.7946582425405115e-05,2.8331874849148637e-05,2.6831863275826137e-05,3.604104191860339e-05
MIROC6,pr,RMSE,2013,2.7876092341709107e-05,2.845017676615195e-05,2.6678815932730988e-05,3.591704838375639e-05
MIROC6,pr,RMSE,2014,2.866178040979624e-05,2.941711060581535e-05,2.7308868084219284e-05,3.70031066267984e-05
MIROC6,pr,RMSE,2015,3.189896278854576e-05,3.2812657536851475e-05,3.052035344808246e-05,4.19861914148593e-05
MIROC6,pr,RMSE,2016,3.0113549504070154e-05,3.1027830421711165e-05,2.8505482987384312e-05,3.899998531172363e-05
MIROC6,pr,RMSE,2017,2.767241843078712e-05,2.879410643193599e-05,2.5875515499744026e-05,3.5791077910592627e-05
MIROC6,pr,RMSE,2018,2.8611673163444113e-05,3.0127006539260037e-05,2.6349956442572875e-05,3.721558429485109e-05
MIROC6,pr,RMSE,2019,2.9521427071207047e-05,3.027888972913691e-05,2.807998771459097e-05,3.8397472356640115e-05
MIROC6,pr,RMSE,2020,2.748263644510492e-05,2.784608007762775e-05,2.6565166839039495e-05,3.513996913776888e-05
MIROC6,pr,RMSE,2021,2.671728589120903e-05,2.688063689978056e-05,2.5551757213785706e-05,3.409995861147763e-05
MIROC6,pr,RMSE,2022,2.6984514230813755e-05,2.7210630226666883e-05,2.6182896817772416e-05,3.433418805798283e-05
MIROC6,pr,RMSE,2023,2.690662995519233e-05,2.7345659721807653e-05,2.575903499746346e-05,3.432926253784293e-05
MIROC6,pr,RMSE,2024,2.6702828108682297e-05,2.717624784054351e-05,2.528180599862632e-05,3.4235465894501736e-05
MIROC6,tas,MAE,2005,2.199426433013756,2.2734547533972447,2.124191336269529,1.4305285093153006
MIROC6,tas,MAE,2006,2.18865358903026,2.2285891560459152,2.1479696750261463,1.3730859672950586
MIROC6,tas,MAE,2007,2.259279775538071,2.3313307513677155,2.1866643660972143,1.4954368968051632
MIROC6,tas,MAE,2008,2.3409010956513416,2.4884029226095947,2.19172041914834,1.4901690275049109
MIROC6,tas,MAE,2009,2.2190480577290024,2.3289226164501726,2.107295013210718,1.4249866920334888
MIROC6,tas,MAE,2010,2.2490878932720615,2.2832568251554233,2.214853304829401,1.4661710748219865
MIROC6,tas,MAE,2011,2.285328062291598,2.3676309810167204,2.201922129643868,1.5198580427062378
MIROC6,tas,MAE,2012,2.342417645655892,2.4440700651034546,2.2394053866834063,1.5637369184935614
MIROC6,tas,MAE,2013,2.2815835913973515,2.427769508573298,2.1330256648700225,1.511137329115945
MIROC6,tas,MAE,2014,2.287011991107392,2.369274779085938,2.2036668966942536,1.4712096749668275
MIROC6,tas,MAE,2015,2.295912474160779,2.2871343117989613,2.3048220253388214,1.561251500243449
MIROC6,tas,MAE,2016,2.221782090832539,2.23384612660501,2.208737476873612,1.4527901389939488
MIROC6,tas,MAE,2017,2.187946318103802,2.254481461295535,2.12023466490446,1.434554809705828
MIROC6,tas,MAE,2018,2.2314209508186376,2.3512014593870783,2.109948003696287,1.4737375661185788
MIROC6,tas,MAE,2019,2.2418595698186676,2.296636202639561,2.1867358770085077,1.4738797924484954
MIROC6,tas,MAE,2020,2.2385838711970045,2.331705461919611,2.1430588272654334,1.4752012611337844
MIROC6,tas,MAE,2021,2.2393061155650655,2.2792635642663632,2.198302852106705,1.4452477718275305
MIROC6,tas,MAE,2022,2.194456449473017,2.268896873197825,2.1186616802492018,1.419385013727377
MIROC6,tas,MAE,2023,2.1153925302618712,2.209114653520405,2.0187198575585845,1.35636824959325
MIROC6,tas,MAE,2024,2.1868626041838293,2.267756203297503,2.1037560089308065,1.448083317324793
MIROC6,tas,RMSE,2005,3.3628123826927276,3.339472321732235,3.3733699757774858,2.260520607135105
MIROC6,tas,RMSE,2006,3.39092345809367,3.3127890888357183,3.457212268166009,2.2120301971213836
MIROC6,tas,RMSE,2007,3.4262267551900383,3.389169138881672,3.4523598526762815,2.385191906596734
MIROC6,tas,RMSE,2008,3.5741042426892684,3.600642692888586,3.5252256298432503,2.3971253029903763
MIROC6,tas,RMSE,2009,3.412188955951146,3.4603628838126017,3.3453280711544884,2.2553404208313026
MIROC6,tas,RMSE,2010,3.4156621998271746,3.3431259280454975,3.4790947795878924,2.219671535469844
MIROC6,tas,RMSE,2011,3.4740100246093637,3.4340165125272306,3.499884821440288,2.372894843086061
MIROC6,tas,RMSE,2012,3.5333231564852703,3.5059847158986934,3.550090249198103,2.449133371943745
MIROC6,tas,RMSE,2013,3.49047047115839,3.569446858805758,3.3866986194923125,2.407159946778666
MIROC6,tas,RMSE,2014,3.4956489252008756,3.486141013691956,3.495947339245843,2.2963801919670774
MIROC6,tas,RMSE,2015,3.456302380542448,3.3176714227861193,3.583981723840657,2.2752423153825156
MIROC6,tas,RMSE,2016,3.364733401249808,3.318825700109393,3.3934114784428044,2.2230814409629795
MIROC6,tas,RMSE,2017,3.341533310566503,3.2832714860216714,3.3867799455644287,2.2583457812336833
MIROC6,tas,RMSE,2018,3.4372074776571035,3.4569789893679386,3.405059506033492,2.3953006981314933
MIROC6,tas,RMSE,2019,3.404518369534212,3.3671582065597785,3.4305735005009583,2.286852144678559
MIROC6,tas,RMSE,2020,3.383159884050287,3.401687547578545,3.3581109502838142,2.315034481306255
MIROC6,tas,RMSE,2021,3.431649525833288,3.337522056939482,3.5153754305523286,2.3187757606990167
MIROC6,tas,RMSE,2022,3.3987160917360373,3.350440712579038,3.435138094199465,2.2850902481305497
MIROC6,tas,RMSE,2023,3.2996338921735364,3.2628887073906583,3.3212855802850516,2.2018867269836595
MIROC6,tas,RMSE,2024,3.3626778683360805,3.293932962698838,3.4138852438461575,2.2917852638411476
MIROC6,tos,MAE,2005,1.4010095000267029,1.2149049242337544,1.5340624451637268,1.0901844302813213
MIROC6,tos,MAE,2006,1.3513556321461997,1.174717366695404,1.477640708287557,0.9746623784303664
MIROC6,tos,MAE,2007,1.4174778064092,1.2749602099259694,1.519368827342987,1.0332536747058232
MIROC6,tos,MAE,2008,1.4074329137802124,1.282514085372289,1.4967419703801472,1.0066129962603252
MIROC6,tos,MAE,2009,1.4158467749754589,1.2507678667704265,1.5338677167892456,1.1309917370478313
MIROC6,tos,MAE,2010,1.4228912989298503,1.2106871902942655,1.574603756268819,1.1347815493742626
MIROC6,tos,MAE,2011,1.4095236659049988,1.2481610178947449,1.52488774061203,1.054807186126709
MIROC6,tos,MAE,2012,1.453705370426178,1.3371440370877583,1.5370394388834636,1.0754200617472331
MIROC6,tos,MAE,2013,1.3965197602907815,1.2406157503525417,1.507981300354004,1.0788116206725438
MIROC6,tos,MAE,2014,1.4331655899683635,1.243031879266103,1.569099058707555,1.1814120213190715
MIROC6,tos,MAE,2015,1.561210572719574,1.3824590941270192,1.6890065272649128,1.3986054062843325
MIROC6,tos,MAE,2016,1.4807820717493694,1.2727574209372203,1.629506448904673,1.2009344448645909
MIROC6,tos,MAE,2017,1.3845718304316204,1.2611392835776012,1.4728183249632518,1.0634971608718236
MIROC6,tos,MAE,2018,1.37984832127889,1.2685788422822952,1.4593990047772725,1.0308185418446858
MIROC6,tos,MAE,2019,1.439042051633199,1.2447338004906972,1.5779600540796916,1.155483106772105
MIROC6,tos,MAE,2020,1.4476736783981323,1.3106091717878978,1.545666128396988,1.148232142130534
MIROC6,tos,MAE,2021,1.4128824373086293,1.2797011931737263,1.508098731438319,1.0414438396692276
MIROC6,tos,MAE,2022,1.372179538011551,1.243664135535558,1.4640599985917409,1.0204676787058513
MIROC6,tos,MAE,2023,1.397472719351451,1.3024207204580307,1.4654289384682972,1.0322890629371009
MIROC6,tos,MAE,2024,1.4172456363836925,1.3750210205713909,1.4474336008230846,1.080508013566335
MIROC6,tos,RMSE,2005,1.8839722474416096,1.6030788918336232,2.0505884488423667,1.4048107365767162
MIROC6,tos,RMSE,2006,1.837849090496699,1.5770708322525024,1.9943137367566424,1.2737147212028503
MIROC6,tos,RMSE,2007,1.9230978389581044,1.680473615725835,2.07173282901446,1.3844261566797893
MIROC6,tos,RMSE,2008,1.9011403024196625,1.675435225168864,2.040260076522827,1.2980926831563313
MIROC6,tos,RMSE,2009,1.885475993156433,1.624196390310923,2.0443797012170157,1.4520156880219777
MIROC6,tos,RMSE,2010,1.885292053222656,1.57421471675237,2.0748914380868277,1.4449988504250844
MIROC6,tos,RMSE,2011,1.9076306621233623,1.6508981883525848,2.063435653845469,1.3737427294254303
MIROC6,tos,RMSE,2012,1.955050677061081,1.7658769587675731,2.0680914322535195,1.4076021909713743
MIROC6,tos,RMSE,2013,1.872671276330948,1.6049375633398693,2.033647527297338,1.4014267027378082
MIROC6,tos,RMSE,2014,1.920626034339269,1.5996936559677124,2.1086522340774536,1.507418562968572
MIROC6,tos,RMSE,2015,2.021600137154261,1.7289084295431774,2.1967308719952903,1.7301105161507924
MIROC6,tos,RMSE,2016,1.9488650759061177,1.6456526517868042,2.1338592072327933,1.4883987208207448
MIROC6,tos,RMSE,2017,1.8541821142037709,1.6596503953138988,1.9755473931630452,1.3873817722002666
MIROC6,tos,RMSE,2018,1.861309955517451,1.6726281344890594,1.9791726072629292,1.3411764403184254
MIROC6,tos,RMSE,2019,1.908159007628759,1.649680028359095,2.0648936132589975,1.4829585750897725
MIROC6,tos,RMSE,2020,1.9053703149159749,1.7025843461354573,2.0284126897652945,1.46717565258344
MIROC6,tos,RMSE,2021,1.8999900420506797,1.6822209358215332,2.033369908730189,1.3440881371498108
MIROC6,tos,RMSE,2022,1.8643709222475688,1.6529487669467926,1.991146792968114,1.3422572612762451
MIROC6,tos,RMSE,2023,1.8881352146466572,1.7150707344214122,1.9848020672798157,1.3103961646556854
MIROC6,tos,RMSE,2024,1.9110546211401624,1.814682016770045,1.9599734644095104,1.3852958182493846
MPI-ESM1-2-LR,clt,MAE,2005,13.66268308957418,12.999617020289104,14.32574780782064,14.775623321533203
MPI-ESM1-2-LR,clt,MAE,2006,13.531071027119957,12.970456759134928,14.091683864593506,14.65502905845642
MPI-ESM1-2-LR,clt,MAE,2007,13.494993448257446,12.814646561940512,14.175338188807167,14.470757881800331
MPI-ESM1-2-LR,clt,MAE,2008,13.782938480377195,13.315487066904703,14.250388701756796,15.144725799560549
MPI-ESM1-2-LR,clt,MAE,2009,13.846505800882976,13.20131508509318,14.491695165634155,14.860001961390177
MPI-ESM1-2-LR,clt,MAE,2010,14.487053632736206,13.873427152633669,15.10067892074585,16.15508159001668
MPI-ESM1-2-LR,clt,MAE,2011,14.329323609670004,13.78629231452942,14.872354745864868,15.865295886993408
MPI-ESM1-2-LR,clt,MAE,2012,13.669254620869957,13.2295614083608,14.108947038650513,14.765287399291992
MPI-ESM1-2-LR,clt,MAE,2013,13.561972538630169,13.258342107137045,13.865602731704712,14.683586597442629
MPI-ESM1-2-LR,clt,MAE,2014,13.516407410303753,12.864353815714518,14.16845973332723,14.601618528366089
MPI-ESM1-2-LR,clt,MAE,2015,13.75477679570516,13.064172188440958,14.445380528767904,15.058863004048666
MPI-ESM1-2-LR,clt,MAE,2016,13.794331471125284,13.198341687520346,14.390319267908732,14.924033403396606
MPI-ESM1-2-LR,clt,MAE,2017,13.178047259648642,12.593179941177368,13.7629132270813,14.40613055229187
MPI-ESM1-2-LR,clt,MAE,2018,13.75710916519165,13.147892475128174,14.36632482210795,15.020856857299805
MPI-ESM1-2-LR,clt,MAE,2019,13.588659842809042,12.623640775680542,14.553677399953209,14.660646200180054
MPI-ESM1-2-LR,clt,MAE,2020,13.673057556152344,12.94501574834188,14.401098489761353,15.0108060836792
MPI-ESM1-2-LR,clt,MAE,2021,13.896266063054403,13.03549838066101,14.757033109664915,15.210306406021118
MPI-ESM1-2-LR,clt,MAE,2022,13.93674890200297,13.006806453069052,14.866690556208292,15.27015479405721
MPI-ESM1-2-LR,clt,MAE,2023,13.648232460021973,12.681678613026936,14.614785114924112,14.73510511716207
MPI-ESM1-2-LR,clt,MAE,2024,13.83361260096232,13.01974352200826,14.647480567296348,15.130761623382568
MPI-ESM1-2-LR,clt,RMSE,2005,17.716911633809406,16.591169436772663,18.51263960202535,18.623111883799236
MPI-ESM1-2-LR,clt,RMSE,2006,17.574927012125652,16.403079907099407,18.381673018137615,18.469146569569904
MPI-ESM1-2-LR,clt,RMSE,2007,17.716180324554443,16.219364007314045,18.906400442123413,18.585535208384197
MPI-ESM1-2-LR,clt,RMSE,2008,17.878779808680218,16.87498966852824,18.59784499804179,19.013655185699463
MPI-ESM1-2-LR,clt,RMSE,2009,18.047231992085777,16.834392547607422,18.90771158536275,18.923370202382404
MPI-ESM1-2-LR,clt,RMSE,2010,18.65876531600952,17.440150499343872,19.568443059921265,20.110822041829422
MPI-ESM1-2-LR,clt,RMSE,2011,18.469838619232178,17.405301491419475,19.319305578867596,19.78299919764201
MPI-ESM1-2-LR,clt,RMSE,2012,17.83195956548055,16.81686743100484,18.506086190541584,18.786827564239506
MPI-ESM1-2-LR,clt,RMSE,2013,17.693827788035076,16.8555584748586,18.253732919692993,18.51778237024943
MPI-ESM1-2-LR,clt,RMSE,2014,17.754157702128094,16.478772799173992,18.658321777979538,18.696077982584637
MPI-ESM1-2-LR,clt,RMSE,2015,17.861916462580364,16.63476053873698,18.860931555430096,19.062559763590496
MPI-ESM1-2-LR,clt,RMSE,2016,18.0055570602417,16.83409635225932,18.851536830266316,18.88783582051595
MPI-ESM1-2-LR,clt,RMSE,2017,17.244091510772705,16.052250862121582,18.17639970779419,18.270800828933716
MPI-ESM1-2-LR,clt,RMSE,2018,17.859118302663166,16.727970520655315,18.714833815892536,19.003501256306965
MPI-ESM1-2-LR,clt,RMSE,2019,17.639757951100666,15.878602902094524,19.07906158765157,18.435932477315266
MPI-ESM1-2-LR,clt,RMSE,2020,17.819061120351154,16.450800736745197,18.9422926902771,19.112058798472088
MPI-ESM1-2-LR,clt,RMSE,2021,18.095843474070232,16.69831116994222,19.19809627532959,19.30627822875977
MPI-ESM1-2-LR,clt,RMSE,2022,18.102905591328938,16.556336959203083,19.26712505022685,19.37665828069051
MPI-ESM1-2-LR,clt,RMSE,2023,17.765466054280598,16.1910297870636,19.04156255722046,18.71351385116577
MPI-ESM1-2-LR,clt,RMSE,2024,17.91419728597005,16.4330415725708,19.14760160446167,19.064499537150063
MPI-ESM1-2-LR,od550aer,MAE,2005,0.0700100051860014,0.0825701883683601,0.058585390759011,0.0835466260711351
MPI-ESM1-2-LR,od550aer,MAE,2006,0.0684554868688185,0.0826034688701231,0.0555221922695636,0.0782351077844698
MPI-ESM1-2-LR,od550aer,MAE,2007,0.0715450389931598,0.0848261279364426,0.0594986705109476,0.0840679612010716
MPI-ESM1-2-LR,od550aer,MAE,2008,0.0712285495052734,0.0893875462934374,0.0546201824521024,0.0811674824605385
MPI-ESM1-2-LR,od550aer,MAE,2009,0.0702451253309845,0.086725562190016,0.0549282152205705,0.0801344284166891
MPI-ESM1-2-LR,od550aer,MAE,2010,0.0718888193368911,0.0850375117734074,0.0601225259403387,0.0840990611662466
MPI-ESM1-2-LR,od550aer,MAE,2011,0.0745397449160615,0.0905854801336923,0.0595649229362606,0.0872163089613119
MPI-ESM1-2-LR,od550aer,MAE,2012,0.0759051299343506,0.0951674425353606,0.0580582196513811,0.0858729034662246
MPI-ESM1-2-LR,od550aer,MAE,2013,0.0705458819866179,0.086450155203541,0.0559229323019583,0.0813927787045637
MPI-ESM1-2-LR,od550aer,MAE,2014,0.0705804874499638,0.0847956935564676,0.0573337636888026,0.0815770359088976
MPI-ESM1-2-LR,od550aer,MAE,2015,0.0773398140445351,0.0907459054142236,0.0647323767965038,0.0914703806241353
MPI-ESM1-2-LR,od550aer,MAE,2016,0.0685707374165455,0.0829789303243159,0.0553450612351297,0.0792298130691051
MPI-ESM1-2-LR,od550aer,MAE,2017,0.0660477525865037,0.0790210825701554,0.0542599776138861,0.0750460270792245
MPI-ESM1-2-LR,od550aer,MAE,2018,0.0707310354337095,0.0872275251895188,0.055427634778122,0.0813445753107467
MPI-ESM1-2-LR,od550aer,MAE,2019,0.0714799963558713,0.0856399734814961,0.0579091602315504,0.0774334979554016
MPI-ESM1-2-LR,od550aer,MAE,2020,0.0715602909525234,0.0829727932189901,0.0601910597955186,0.077554549401005
MPI-ESM1-2-LR,od550aer,MAE,2021,0.0668421862646936,0.0859865884607036,0.0488527982185283,0.0715076994771758
MPI-ESM1-2-LR,od550aer,MAE,2022,0.0707210361336668,0.0764744986469546,0.065192624926567,0.0830768241236606
MPI-ESM1-2-LR,od550aer,MAE,2023,0.0732555718471606,0.08752687027057,0.0592981735244392,0.0778750656172632
MPI-ESM1-2-LR,od550aer,MAE,2024,0.0716543241093555,0.0804765556628504,0.0634201578795909,0.0812421590089797
MPI-ESM1-2-LR,od550aer,RMSE,2005,0.106391493231058,0.1163677219301461,0.09312481743594,0.1187799641241629
MPI-ESM1-2-LR,od550aer,RMSE,2006,0.1067322889963785,0.1211129551132519,0.0872895028442143,0.1142363225420315
MPI-ESM1-2-LR,od550aer,RMSE,2007,0.1095185739298661,0.1194854689141114,0.0930841350927948,0.119942316164573
MPI-ESM1-2-LR,od550aer,RMSE,2008,0.1079269132266441,0.1288021902243295,0.0795067480454841,0.1131164307395616
MPI-ESM1-2-LR,od550aer,RMSE,2009,0.1018476579338312,0.1184324162701765,0.0804449922094742,0.1078590005636214
MPI-ESM1-2-LR,od550aer,RMSE,2010,0.1086572973678509,0.1215826788296301,0.0897537916898727,0.1164963965614636
MPI-ESM1-2-LR,od550aer,RMSE,2011,0.1105848805358011,0.1259608858575423,0.0895114069183666,0.1196015744159618
MPI-ESM1-2-LR,od550aer,RMSE,2012,0.1130685688306887,0.1340404916554689,0.0845089362313349,0.11597391217947
MPI-ESM1-2-LR,od550aer,RMSE,2013,0.1050951853394508,0.1238692346960305,0.0815803334116935,0.1094130643953879
MPI-ESM1-2-LR,od550aer,RMSE,2014,0.1046918692688146,0.1198775023221969,0.0855271207789579,0.1120700656125942
MPI-ESM1-2-LR,od550aer,RMSE,2015,0.1214512418955564,0.1342098228633403,0.1046841939290364,0.1378901197264591
MPI-ESM1-2-LR,od550aer,RMSE,2016,0.1046198507150013,0.1235242790232101,0.081234773620963,0.1108843398590882
MPI-ESM1-2-LR,od550aer,RMSE,2017,0.0976265252878268,0.1121877140055099,0.0801067644109328,0.103756995871663
MPI-ESM1-2-LR,od550aer,RMSE,2018,0.1033343585828939,0.1226274048288662,0.0783462530622879,0.111305826033155
MPI-ESM1-2-LR,od550aer,RMSE,2019,0.1053787743051846,0.1215875353664159,0.0842584290852149,0.1066809576004743
MPI-ESM1-2-LR,od550aer,RMSE,2020,0.1051615631828705,0.1189765309294064,0.085659286007285,0.1076041019211212
MPI-ESM1-2-LR,od550aer,RMSE,2021,0.1014344903330007,0.1237053051590919,0.0717354354759057,0.0980347574998934
MPI-ESM1-2-LR,od550aer,RMSE,2022,0.0986446117361386,0.1081493496894836,0.0867533941442767,0.10658186301589
MPI-ESM1-2-LR,od550aer,RMSE,2023,0.1126195924977461,0.1293115373700857,0.088537227983276,0.1117838416248559
MPI-ESM1-2-LR,od550aer,RMSE,2024,0.1167899693051973,0.1221740283071994,0.1049744474391142,0.1275720540434121
MPI-ESM1-2-LR,pr,MAE,2005,1.726620090873136e-05,1.7956010348522494e-05,1.6576389877324498e-05,2.3469280070761062e-05
MPI-ESM1-2-LR,pr,MAE,2006,1.730891744955443e-05,1.799873719695218e-05,1.6619096944244422e-05,2.352409622593162e-05
MPI-ESM1-2-LR,pr,MAE,2007,1.7427579299085966e-05,1.809938809553084e-05,1.6755769972102524e-05,2.3500635810099382e-05
MPI-ESM1-2-LR,pr,MAE,2008,1.767374639409051e-05,1.824337474924202e-05,1.710411788735655e-05,2.444117050496667e-05
MPI-ESM1-2-LR,pr,MAE,2009,1.6948202452719368e-05,1.7217644047680853e-05,1.6678759872471954e-05,2.281928558052944e-05
MPI-ESM1-2-LR,pr,MAE,2010,1.831019138383757e-05,1.8855882444768213e-05,1.776449895866487e-05,2.5564161357275832e-05
MPI-ESM1-2-LR,pr,MAE,2011,1.81924004512742e-05,1.880931813502684e-05,1.757548178223563e-05,2.537087038945174e-05
MPI-ESM1-2-LR,pr,MAE,2012,1.764820520596307e-05,1.8295824020242435e-05,1.7000584648485528e-05,2.4453400025474064e-05
MPI-ESM1-2-LR,pr,MAE,2013,1.6643450029126445e-05,1.725920196804509e-05,1.60276965743833e-05,2.262718498968752e-05
MPI-ESM1-2-LR,pr,MAE,2014,1.7345252066055156e-05,1.8016601567675632e-05,1.6673899608576903e-05,2.3603693989571184e-05
MPI-ESM1-2-LR,pr,MAE,2015,1.8265261587657733e-05,1.929353402374545e-05,1.723698763574551e-05,2.5547428322170163e-05
MPI-ESM1-2-LR,pr,MAE,2016,1.7332927427560207e-05,1.770176580369783e-05,1.6964088066136657e-05,2.378518396047487e-05
MPI-ESM1-2-LR,pr,MAE,2017,1.6606059034529608e-05,1.716326770898983e-05,1.6048848313706305e-05,2.245100783208424e-05
MPI-ESM1-2-LR,pr,MAE,2018,1.6822041895162936e-05,1.6938065452147082e-05,1.6706017959222663e-05,2.307923159605707e-05
MPI-ESM1-2-LR,pr,MAE,2019,1.718279008855461e-05,1.7423156502142472e-05,1.694242117385632e-05,2.3400571990350727e-05
MPI-ESM1-2-LR,pr,MAE,2020,1.7145075920173742e-05,1.7503694759094895e-05,1.678645700546137e-05,2.309896596367859e-05
MPI-ESM1-2-LR,pr,MAE,2021,1.7357958161786275e-05,1.7476880733132322e-05,1.723903445357185e-05,2.3713977801283665e-05
MPI-ESM1-2-LR,pr,MAE,2022,1.7246508605239796e-05,1.7027853573381435e-05,1.746516234864733e-05,2.3617144658298155e-05
MPI-ESM1-2-LR,pr,MAE,2023,1.7667470425900927e-05,1.834859616186198e-05,1.6986344083610067e-05,2.412681972903859e-05
MPI-ESM1-2-LR,pr,MAE,2024,1.6845887406210142e-05,1.7443011377811974e-05,1.6248761615618907e-05,2.281636943735066e-05
MPI-ESM1-2-LR,pr,RMSE,2005,2.8612145039611885e-05,2.9176896532590035e-05,2.690037642120539e-05,3.720350741787115e-05
MPI-ESM1-2-LR,pr,RMSE,2006,2.8850096744766535e-05,2.9203649167660235e-05,2.73557375294331e-05,3.752791235456243e-05
MPI-ESM1-2-LR,pr,RMSE,2007,2.8830099381593755e-05,2.95129116238968e-05,2.7266804863756988e-05,3.730139511996337e-05
MPI-ESM1-2-LR,pr,RMSE,2008,2.953341163447476e-05,2.9923893483404147e-05,2.802035805871128e-05,3.8702097905722134e-05
MPI-ESM1-2-LR,pr,RMSE,2009,2.7900872737518512e-05,2.790354907726093e-05,2.6864092281660607e-05,3.6059599248498366e-05
MPI-ESM1-2-LR,pr,RMSE,2010,3.071065157200792e-05,3.132012686061595e-05,2.936796257320869e-05,4.0453644335987825e-05
MPI-ESM1-2-LR,pr,RMSE,2011,3.0185690775397234e-05,3.096332511631772e-05,2.8497968893740715e-05,3.965242315947156e-05
MPI-ESM1-2-LR,pr,RMSE,2012,2.932285921512327e-05,2.9637155724534143e-05,2.7794735615316313e-05,3.84243482282424e-05
MPI-ESM1-2-LR,pr,RMSE,2013,2.7287995180813596e-05,2.774205556003532e-05,2.571453918183882e-05,3.545296992039463e-05
MPI-ESM1-2-LR,pr,RMSE,2014,2.8728256590208428e-05,2.9291324456911145e-05,2.675362156878691e-05,3.7395497808271706e-05
MPI-ESM1-2-LR,pr,RMSE,2015,3.065832606807817e-05,3.1806365313968854e-05,2.8318981700673856e-05,4.032446607501091e-05
MPI-ESM1-2-LR,pr,RMSE,2016,2.8939899645289795e-05,2.9547658111065782e-05,2.76689171793502e-05,3.774245639457755e-05
MPI-ESM1-2-LR,pr,RMSE,2017,2.7330646389600588e-05,2.778231964839506e-05,2.5982778424804565e-05,3.54692141020981e-05
MPI-ESM1-2-LR,pr,RMSE,2018,2.7928851977776503e-05,2.7461258014227496e-05,2.72480853406402e-05,3.660064673264666e-05
MPI-ESM1-2-LR,pr,RMSE,2019,2.8609159016923513e-05,2.82238967580876e-05,2.7968086214968935e-05,3.7351317587308586e-05
MPI-ESM1-2-LR,pr,RMSE,2020,2.8123765635731008e-05,2.825237561410177e-05,2.68565205866859e-05,3.638102043623803e-05
MPI-ESM1-2-LR,pr,RMSE,2021,2.8721489646462334e-05,2.828794989303181e-05,2.7977642275800463e-05,3.739271414815448e-05
MPI-ESM1-2-LR,pr,RMSE,2022,2.825499859682168e-05,2.752643331405125e-05,2.8114556092380855e-05,3.683175282276352e-05
MPI-ESM1-2-LR,pr,RMSE,2023,2.936125656560762e-05,2.9884498720396852e-05,2.780002372067732e-05,3.83241070570269e-05
MPI-ESM1-2-LR,pr,RMSE,2024,2.7729955187775584e-05,2.8291712927360397e-05,2.601719855495806e-05,3.600741335200534e-05
MPI-ESM1-2-LR,tas,MAE,2005,1.718054239674932,1.8641852517411115,1.5700047623509796,1.2141632017808108
MPI-ESM1-2-LR,tas,MAE,2006,1.739231553955987,1.8531504743361975,1.6248332803985133,1.192907689364292
MPI-ESM1-2-LR,tas,MAE,2007,1.7273987522300545,1.8476717682130113,1.6065229921117388,1.2494215629198682
MPI-ESM1-2-LR,tas,MAE,2008,1.7099404206727125,1.844118523101369,1.574577301629854,1.236017757598168
MPI-ESM1-2-LR,tas,MAE,2009,1.7057685220996897,1.8267320818672932,1.5840721730856837,1.1955053539024376
MPI-ESM1-2-LR,tas,MAE,2010,1.7884863935212243,1.9214117828415005,1.655266035336061,1.3325529831217036
MPI-ESM1-2-LR,tas,MAE,2011,1.825818325420268,1.9604486730625923,1.6904796380203049,1.3384056268640647
MPI-ESM1-2-LR,tas,MAE,2012,1.7908636412359007,1.9143268588801792,1.6670439078575257,1.27648860070596
MPI-ESM1-2-LR,tas,MAE,2013,1.752595431098823,1.8997549655497712,1.6043494365734638,1.2067745231527682
MPI-ESM1-2-LR,tas,MAE,2014,1.79845010806288,1.9148549315606136,1.681383707024792,1.2016614708945423
MPI-ESM1-2-LR,tas,MAE,2015,1.8046554810018656,1.903670219662101,1.705566183656682,1.274275689690487
MPI-ESM1-2-LR,tas,MAE,2016,1.8086004628185608,1.97762560922673,1.6379216019640868,1.2753056385975736
MPI-ESM1-2-LR,tas,MAE,2017,1.7584563706370693,1.8755643805483688,1.6411794874633954,1.212457789318827
MPI-ESM1-2-LR,tas,MAE,2018,1.7740396425906009,1.9247989455583268,1.6225504556205568,1.1888802340799598
MPI-ESM1-2-LR,tas,MAE,2019,1.757864489805156,1.902121619162335,1.612391431206645,1.2226960804141067
MPI-ESM1-2-LR,tas,MAE,2020,1.7710408056116629,1.9475739246668635,1.592763026386696,1.2703304143330678
MPI-ESM1-2-LR,tas,MAE,2021,1.7884570826594584,1.9330704439209168,1.6425590442840887,1.217688052513316
MPI-ESM1-2-LR,tas,MAE,2022,1.7410462361583392,1.905755247748363,1.5743413607256702,1.1810705626222242
MPI-ESM1-2-LR,tas,MAE,2023,1.7989766923294308,1.9839108483478216,1.6110373680075876,1.316494090656115
MPI-ESM1-2-LR,tas,MAE,2024,1.7878973812954706,1.9477214673914531,1.6263458491862897,1.306210977406001
MPI-ESM1-2-LR,tas,RMSE,2005,2.5616215077099667,2.6383912514091623,2.4469430647136927,1.7431985105086811
MPI-ESM1-2-LR,tas,RMSE,2006,2.6430846941575865,2.672222136275765,2.546506740462242,1.7468490493171231
MPI-ESM1-2-LR,tas,RMSE,2007,2.5595587510967,2.6347043491710926,2.447490887774757,1.76894473531108
MPI-ESM1-2-LR,tas,RMSE,2008,2.547650851598767,2.6186270133243927,2.432705599605901,1.7518740772083428
MPI-ESM1-2-LR,tas,RMSE,2009,2.5326821913041724,2.613030244431497,2.420252780930635,1.7426583920666774
MPI-ESM1-2-LR,tas,RMSE,2010,2.6379281117366307,2.719564291680928,2.5001059580480844,1.8468422934939497
MPI-ESM1-2-LR,tas,RMSE,2011,2.646131647217304,2.7385822513873683,2.5197356628140812,1.8347417827237529
MPI-ESM1-2-LR,tas,RMSE,2012,2.64242558623002,2.6935818735706984,2.5475530837641274,1.7873262493917288
MPI-ESM1-2-LR,tas,RMSE,2013,2.623324796838429,2.709877092176056,2.4870650787548993,1.7253025227762626
MPI-ESM1-2-LR,tas,RMSE,2014,2.678567874821937,2.717393302941472,2.589152085843374,1.7227450962494786
MPI-ESM1-2-LR,tas,RMSE,2015,2.667896794733783,2.673437338376772,2.61647900584752,1.808345617694996
MPI-ESM1-2-LR,tas,RMSE,2016,2.656312953095299,2.7951391740012625,2.4583644299485568,1.8140791213529104
MPI-ESM1-2-LR,tas,RMSE,2017,2.6097248812515343,2.630759940378115,2.5412299100868996,1.715606738970744
MPI-ESM1-2-LR,tas,RMSE,2018,2.6262299137632037,2.7471335125352687,2.4610883729940816,1.693041647862201
MPI-ESM1-2-LR,tas,RMSE,2019,2.588534665160126,2.6693567427014444,2.472456727806007,1.733664062216999
MPI-ESM1-2-LR,tas,RMSE,2020,2.603689269140932,2.7269357713634528,2.441414955838319,1.7746488374864755
MPI-ESM1-2-LR,tas,RMSE,2021,2.6563030518387873,2.721573407022466,2.546196482391661,1.7271761376763133
MPI-ESM1-2-LR,tas,RMSE,2022,2.5647946189793234,2.673435584653929,2.419921345922402,1.6992187583040508
MPI-ESM1-2-LR,tas,RMSE,2023,2.600522005386978,2.737261038684741,2.4255448917168816,1.8678615436339625
MPI-ESM1-2-LR,tas,RMSE,2024,2.580619262462581,2.6719717394069957,2.455633515837904,1.8329228432859948
MPI-ESM1-2-LR,tos,MAE,2005,1.2324516872564952,1.2612588306268055,1.2112674911816914,1.0639844586451848
MPI-ESM1-2-LR,tos,MAE,2006,1.1954005857308705,1.1734513541062672,1.211541712284088,1.0185686647891998
MPI-ESM1-2-LR,tos,MAE,2007,1.210271139939626,1.2010271747907002,1.2170689503351848,1.09482308725516
MPI-ESM1-2-LR,tos,MAE,2008,1.2003725965817769,1.2586738765239716,1.1574989755948384,1.0558317999045057
MPI-ESM1-2-LR,tos,MAE,2009,1.1863532662391665,1.1714423497517903,1.1973184446493783,1.0199545870224636
MPI-ESM1-2-LR,tos,MAE,2010,1.2582972645759585,1.2282347480456035,1.280404676993688,1.1577066282431283
MPI-ESM1-2-LR,tos,MAE,2011,1.2833982209364574,1.2666863699754078,1.295687844355901,1.151826709508896
MPI-ESM1-2-LR,tos,MAE,2012,1.2403057018915813,1.2344565788904829,1.244607081015905,1.064486200610797
MPI-ESM1-2-LR,tos,MAE,2013,1.216879775126775,1.2248784005641935,1.2109976808230083,1.014479140440623
MPI-ESM1-2-LR,tos,MAE,2014,1.29190989335378,1.27072141567866,1.3074914415677388,1.0524249027172723
MPI-ESM1-2-LR,tos,MAE,2015,1.3341165880362194,1.3749140600363414,1.304114838441213,1.1791200389464696
MPI-ESM1-2-LR,tos,MAE,2016,1.321250130732854,1.3528446157773335,1.298016120990117,1.1848734120527904
MPI-ESM1-2-LR,tos,MAE,2017,1.2692781388759613,1.314653505881627,1.2359099090099337,1.1226069629192352
MPI-ESM1-2-LR,tos,MAE,2018,1.251649796962738,1.252464880545934,1.2510504325230916,1.0323089510202408
MPI-ESM1-2-LR,tos,MAE,2019,1.2795362671216328,1.3391284843285878,1.235713243484497,1.1306431293487549
MPI-ESM1-2-LR,tos,MAE,2020,1.3114262322584789,1.407617300748825,1.2406890988349917,1.1869753102461498
MPI-ESM1-2-LR,tos,MAE,2021,1.304582705100377,1.322502960761388,1.291404535373052,1.0773497174183528
MPI-ESM1-2-LR,tos,MAE,2022,1.3119722207387288,1.400004218022029,1.2472350696722667,1.0717650453249614
MPI-ESM1-2-LR,tos,MAE,2023,1.3913123706976571,1.521189997593562,1.2958027323087056,1.2579708993434906
MPI-ESM1-2-LR,tos,MAE,2024,1.3740362425645192,1.4957827031612396,1.284506191809972,1.222665439049403
MPI-ESM1-2-LR,tos,RMSE,2005,1.6003766755263011,1.654829353094101,1.557317058245341,1.342634509007136
MPI-ESM1-2-LR,tos,RMSE,2006,1.56534011165301,1.5697873433430989,1.5599907735983531,1.3165850341320038
MPI-ESM1-2-LR,tos,RMSE,2007,1.5706513027350109,1.596981167793274,1.547595997651418,1.3911362290382383
MPI-ESM1-2-LR,tos,RMSE,2008,1.5750577946503956,1.6600455443064372,1.506361057360967,1.350284308195114
MPI-ESM1-2-LR,tos,RMSE,2009,1.5508240063985188,1.583525429169337,1.52080895503362,1.3128203650315602
MPI-ESM1-2-LR,tos,RMSE,2010,1.6178175508975985,1.61345370610555,1.6185883979002635,1.4472429951032002
MPI-ESM1-2-LR,tos,RMSE,2011,1.669648140668869,1.682028303543727,1.6559965709845226,1.4561897019545238
MPI-ESM1-2-LR,tos,RMSE,2012,1.6284292836983998,1.6511082549889882,1.6076729396979017,1.3716341853141785
MPI-ESM1-2-LR,tos,RMSE,2013,1.5981620649496715,1.6465476353963215,1.5570152898629506,1.3050983150800068
MPI-ESM1-2-LR,tos,RMSE,2014,1.6854092578093212,1.672822246948878,1.691752940416336,1.366966446240743
MPI-ESM1-2-LR,tos,RMSE,2015,1.7077007591724396,1.7574607630570729,1.6675739188989005,1.4752252995967865
MPI-ESM1-2-LR,tos,RMSE,2016,1.67337362964948,1.7483666638533275,1.6153316497802734,1.4622054000695546
MPI-ESM1-2-LR,tos,RMSE,2017,1.6387376884619396,1.7050582071145377,1.5819733142852783,1.424389551083247
MPI-ESM1-2-LR,tos,RMSE,2018,1.631953587134679,1.6859785715738933,1.5892249445120494,1.3121110995610554
MPI-ESM1-2-LR,tos,RMSE,2019,1.6426517168680828,1.7444465458393097,1.5607464114824932,1.4232943058013916
MPI-ESM1-2-LR,tos,RMSE,2020,1.6734748284022014,1.8058425386746724,1.5644111533959706,1.4824614822864532
MPI-ESM1-2-LR,tos,RMSE,2021,1.694195161263148,1.7747189700603485,1.628773669401805,1.3755676249663036
MPI-ESM1-2-LR,tos,RMSE,2022,1.7234801451365154,1.871416260798772,1.6033312877019246,1.3699481586615243
MPI-ESM1-2-LR,tos,RMSE,2023,1.7725976705551147,1.9302078187465668,1.6434082488218944,1.5342932244141896
MPI-ESM1-2-LR,tos,RMSE,2024,1.7466287016868591,1.9036765197912853,1.6193661789099376,1.4996945559978485
MRI-ESM2-0,pr,MAE,2005,1.799223673515371e-05,0.0,1.7559322714078007e-05,2.495914532119059e-05
MRI-ESM2-0,pr,MAE,2006,1.7734213239843182e-05,0.0,1.7425406667825882e-05,2.459152119627106e-05
MRI-ESM2-0,pr,MAE,2007,1.7800063536318096e-05,0.0,1.7419284101076e-05,2.431100710964529e-05
MRI-ESM2-0,pr,MAE,2008,1.872863822427462e-05,0.0,1.8375280812203226e-05,2.6167915772627264e-05
MRI-ESM2-0,pr,MAE,2009,1.8829567579814462e-05,0.0,1.892413085139803e-05,2.642089066284825e-05
MRI-ESM2-0,pr,MAE,2010,1.871501278098246e-05,0.0,1.844836181893091e-05,2.6562787600899657e-05
MRI-ESM2-0,pr,MAE,2011,1.8351562327249365e-05,0.0,1.754391450958792e-05,2.5797716261877213e-05
MRI-ESM2-0,pr,MAE,2012,1.802270283709125e-05,0.0,1.7476016031044612e-05,2.5199133991312312e-05
MRI-ESM2-0,pr,MAE,2013,1.8022962194663705e-05,0.0,1.7593449153234058e-05,2.5217724214599e-05
MRI-ESM2-0,pr,MAE,2014,1.7752248216614436e-05,0.0,1.6771443294298177e-05,2.463279042785871e-05
MRI-ESM2-0,pr,MAE,2015,1.885297130381029e-05,0.0,1.7624794054427184e-05,2.678731758957535e-05
MRI-ESM2-0,pr,MAE,2016,1.8128792817151407e-05,0.0,1.7536827651080483e-05,2.518499150028219e-05
MRI-ESM2-0,pr,MAE,2017,1.7681360532151302e-05,0.0,1.761361894144405e-05,2.4429587332027346e-05
MRI-ESM2-0,pr,MAE,2018,1.718277841670594e-05,0.0,1.675887301644252e-05,2.35499398210474e-05
MRI-ESM2-0,pr,MAE,2019,1.7207716761428553e-05,0.0,1.66730138365286e-05,2.369593312323559e-05
MRI-ESM2-0,pr,MAE,2020,1.8251007228779297e-05,0.0,1.7806642138869695e-05,2.530930699625363e-05
MRI-ESM2-0,pr,MAE,2021,1.8793382423609728e-05,0.0,1.830946204487797e-05,2.6098069914345008e-05
MRI-ESM2-0,pr,MAE,2022,1.941049625505305e-05,0.0,1.9828491379788225e-05,2.731209769990528e-05
MRI-ESM2-0,pr,MAE,2023,1.8014765070499077e-05,0.0,1.7077376999926248e-05,2.4751335786277195e-05
MRI-ESM2-0,pr,MAE,2024,1.7583937885016592e-05,0.0,1.6655560633201578e-05,2.4301929897774244e-05
MRI-ESM2-0,pr,RMSE,2005,3.0501581780602766e-05,3.030602420039941e-05,2.9780509673097793e-05,4.004619586339686e-05
MRI-ESM2-0,pr,RMSE,2006,3.0037692492138984e-05,2.901847832011602e-05,2.9915863554682193e-05,3.936107411088111e-05
MRI-ESM2-0,pr,RMSE,2007,3.0305670406960417e-05,2.9811762184787465e-05,2.9923123141391745e-05,3.9604609204009954e-05
MRI-ESM2-0,pr,RMSE,2008,3.204951796457559e-05,3.141567594866501e-05,3.171337448293343e-05,4.2177975653127454e-05
MRI-ESM2-0,pr,RMSE,2009,3.2491673967645816e-05,3.1028150260681286e-05,3.3086702993993335e-05,4.280527809896739e-05
MRI-ESM2-0,pr,RMSE,2010,3.209653065520494e-05,3.142669766020845e-05,3.219226831182217e-05,4.253453910981383e-05
MRI-ESM2-0,pr,RMSE,2011,3.088372735267816e-05,3.1491662412008736e-05,2.9433389196735032e-05,4.069173549699675e-05
MRI-ESM2-0,pr,RMSE,2012,3.05311991724011e-05,2.999474963871762e-05,3.005750295415055e-05,4.014451254382342e-05
MRI-ESM2-0,pr,RMSE,2013,3.1037086197708654e-05,3.0528269993131595e-05,3.04203161552626e-05,4.0884241267728307e-05
MRI-ESM2-0,pr,RMSE,2014,3.03710166917881e-05,3.1256739172628535e-05,2.8640231751827137e-05,3.9948647099663503e-05
MRI-ESM2-0,pr,RMSE,2015,3.2767068205430405e-05,3.387277320143767e-05,3.0441207854892127e-05,4.346339149681929e-05
MRI-ESM2-0,pr,RMSE,2016,3.122179972100033e-05,3.13170218457041e-05,3.042072057723999e-05,4.104022870402938e-05
MRI-ESM2-0,pr,RMSE,2017,3.052414482832925e-05,2.9522927889047423e-05,3.0633527330792276e-05,4.013245537256201e-05
MRI-ESM2-0,pr,RMSE,2018,2.925149025638045e-05,2.8435332145212065e-05,2.9191372050263453e-05,3.8346849881539434e-05
MRI-ESM2-0,pr,RMSE,2019,2.926158867921913e-05,2.8882952998780336e-05,2.83132338457411e-05,3.8308163008575015e-05
MRI-ESM2-0,pr,RMSE,2020,3.147513643853017e-05,3.1405150821228744e-05,3.0600357149523916e-05,4.1405925609675855e-05
MRI-ESM2-0,pr,RMSE,2021,3.193493269767108e-05,3.124462864434463e-05,3.174104813297163e-05,4.19023684420002e-05
MRI-ESM2-0,pr,RMSE,2022,3.314938627833423e-05,3.155557245311987e-05,3.417452489884454e-05,4.378267749416409e-05
MRI-ESM2-0,pr,RMSE,2023,3.049683482458931e-05,3.071448312160404e-05,2.893572627726826e-05,3.988630336001128e-05
MRI-ESM2-0,pr,RMSE,2024,3.019884828366533e-05,3.061193334967053e-05,2.8740208260084423e-05,3.965084882414279e-05
MRI-ESM2-0,tas,MAE,2005,1.643197971420394,1.8648111299961927,1.4192125757288194,1.2643011921958467
MRI-ESM2-0,tas,MAE,2006,1.7247994852676334,2.0125556059989065,1.4344588307814312,1.242309342192094
MRI-ESM2-0,tas,MAE,2007,1.6679641889485417,1.8992721274654716,1.4351975692596664,1.2207725161080172
MRI-ESM2-0,tas,MAE,2008,1.7707858419002769,2.0528137526612547,1.4862568381748238,1.3484879637664708
MRI-ESM2-0,tas,MAE,2009,1.7214949606590848,1.9780313859170544,1.4633967869984934,1.243273277661994
MRI-ESM2-0,tas,MAE,2010,1.6965649536684448,1.9241286851903945,1.468054583571342,1.2593178940654104
MRI-ESM2-0,tas,MAE,2011,1.7757320337467792,1.98595552480713,1.56425175266498,1.3493375853187068
MRI-ESM2-0,tas,MAE,2012,1.7251107594058432,1.989837651754814,1.4584651455456072,1.2827074870140869
MRI-ESM2-0,tas,MAE,2013,1.6729437216931098,1.9156794755447069,1.4282200150723714,1.203704211557861
MRI-ESM2-0,tas,MAE,2014,1.6278119653371277,1.8229587355638908,1.4314983899687392,1.1449352154919328
MRI-ESM2-0,tas,MAE,2015,1.6334313933612077,1.8348598954619977,1.4303627166514268,1.1409415102216909
MRI-ESM2-0,tas,MAE,2016,1.7070172014088516,1.9207671368100812,1.4921180572851809,1.233000327799071
MRI-ESM2-0,tas,MAE,2017,1.6691455790385403,1.9155054894011552,1.4208244123998144,1.2083848103918384
MRI-ESM2-0,tas,MAE,2018,1.713986205671518,1.9721277232721008,1.4537519604346425,1.2142595801326717
MRI-ESM2-0,tas,MAE,2019,1.640550301375594,1.875567925669424,1.4038030786309823,1.1575417778133934
MRI-ESM2-0,tas,MAE,2020,1.6445212699531313,1.9136644986107672,1.3722899004643403,1.188630746809246
MRI-ESM2-0,tas,MAE,2021,1.8180383496157269,2.092226701200882,1.5415414722191858,1.3728196601158016
MRI-ESM2-0,tas,MAE,2022,1.8834110646816908,2.136016273652127,1.627939106303666,1.4860855736739262
MRI-ESM2-0,tas,MAE,2023,1.723315583385541,1.9577290651388817,1.4849419924725105,1.2560028884185983
MRI-ESM2-0,tas,MAE,2024,1.6712969073013466,1.9249401034307585,1.415662611570282,1.1842820109331704
MRI-ESM2-0,tas,RMSE,2005,2.45436229183383,2.716937404035658,2.1212154888922283,1.849532358381207
MRI-ESM2-0,tas,RMSE,2006,2.6476752229517544,2.978104126410615,2.2034110048653703,1.8300661008578296
MRI-ESM2-0,tas,RMSE,2007,2.5048154181030435,2.7621515630621327,2.1766553053738047,1.7921310644123445
MRI-ESM2-0,tas,RMSE,2008,2.6259504279399555,2.9538368359824982,2.1968292425109266,1.8829767066997023
MRI-ESM2-0,tas,RMSE,2009,2.595064516265169,2.894504373634355,2.206034475316041,1.8229567388417836
MRI-ESM2-0,tas,RMSE,2010,2.5516001925048575,2.844812710913679,2.15176925084198,1.8507491375208565
MRI-ESM2-0,tas,RMSE,2011,2.596314968246636,2.8551437857985085,2.259559431125797,1.9202083560372405
MRI-ESM2-0,tas,RMSE,2012,2.5744245479416104,2.8790730315243755,2.17170272621147,1.835026331747396
MRI-ESM2-0,tas,RMSE,2013,2.517716712285036,2.805678690001409,2.1450235444831542,1.7796678655319562
MRI-ESM2-0,tas,RMSE,2014,2.527123887657421,2.799162937123155,2.1604741612432963,1.7252594884580976
MRI-ESM2-0,tas,RMSE,2015,2.5056766958475216,2.792586159488899,2.1474012968694987,1.748379442700165
MRI-ESM2-0,tas,RMSE,2016,2.623005197674655,2.8762480156387737,2.2908700639328985,1.8261443462063272
MRI-ESM2-0,tas,RMSE,2017,2.5082014799072714,2.8243988681259515,2.116563827663363,1.796775322204332
MRI-ESM2-0,tas,RMSE,2018,2.5889405785789283,2.899610120760439,2.1963266471655056,1.8134858838321648
MRI-ESM2-0,tas,RMSE,2019,2.51466567866454,2.791030029790512,2.159700165676941,1.7486505890344928
MRI-ESM2-0,tas,RMSE,2020,2.506201024957551,2.8059504279087393,2.11557176306214,1.7844524130197836
MRI-ESM2-0,tas,RMSE,2021,2.700006849924557,3.005016950737007,2.297569518496576,1.9384515826660655
MRI-ESM2-0,tas,RMSE,2022,2.7328459906762856,3.0481477439344116,2.3301587255021885,2.036206066875421
MRI-ESM2-0,tas,RMSE,2023,2.557817888904617,2.852120637818956,2.185422495984888,1.8388870926831864
MRI-ESM2-0,tas,RMSE,2024,2.5304279990870397,2.8397775245613115,2.134031812167775,1.786617133091152
NorESM2-LM,clt,MAE,2005,14.830866813659668,14.34186633427938,15.31986697514852,15.368001619974772
NorESM2-LM,clt,MAE,2006,14.908868471781412,14.47284166018168,15.344894647598268,15.444423278172811
NorESM2-LM,clt,MAE,2007,14.447043577829996,13.745564937591553,15.14852213859558,14.859068552652994
NorESM2-LM,clt,MAE,2008,14.743829250335692,14.119900782903036,15.36775835355123,15.44521951675415
NorESM2-LM,clt,MAE,2009,14.803006331125896,14.28521458307902,15.320797602335611,15.086208820343018
NorESM2-LM,clt,MAE,2010,14.942846457163492,14.579448223114014,15.306244850158691,15.502327998479208
NorESM2-LM,clt,MAE,2011,14.980716625849404,14.388724168141684,15.57270916302999,15.514304637908936
NorESM2-LM,clt,MAE,2012,14.736807028452557,14.209275086720783,15.264338493347168,14.923582474390663
NorESM2-LM,clt,MAE,2013,14.57903265953064,14.252506653467814,14.905559221903482,14.702656586964926
NorESM2-LM,clt,MAE,2014,14.528625647226969,14.14855400721232,14.908697048823038,14.758597215016684
NorESM2-LM,clt,MAE,2015,14.781474590301514,14.522109031677246,15.040839910507202,15.472972631454468
NorESM2-LM,clt,MAE,2016,14.732940912246704,14.252958059310911,15.212923685709637,15.14765167236328
NorESM2-LM,clt,MAE,2017,14.265668153762816,13.761935154596964,14.76940107345581,14.777942498524984
NorESM2-LM,clt,MAE,2018,14.356578906377155,14.036401748657228,14.676756143569946,14.659438451131184
NorESM2-LM,clt,MAE,2019,14.413380146026611,13.925505002339682,14.901254971822103,14.89969539642334
NorESM2-LM,clt,MAE,2020,14.11470341682434,13.386475006739298,14.842931747436523,14.689095179239908
NorESM2-LM,clt,MAE,2021,14.38245670000712,13.967727025349935,14.797186295191446,14.77547804514567
NorESM2-LM,clt,MAE,2022,14.665417830149332,13.96499800682068,15.365838050842283,15.234904209772743
NorESM2-LM,clt,MAE,2023,14.287642240524292,13.683394511540731,14.891890128453571,14.766998052597046
NorESM2-LM,clt,MAE,2024,14.75813897450765,13.974323193232218,15.54195499420166,15.315788189570108
NorESM2-LM,clt,RMSE,2005,18.96393251419067,18.419313192367554,19.3434050877889,19.66779136657715
NorESM2-LM,clt,RMSE,2006,18.890031178792317,18.364241282145183,19.23888889948527,19.53025770187378
NorESM2-LM,clt,RMSE,2007,18.462454477945965,17.582996050516766,19.150365034739178,19.021527608235676
NorESM2-LM,clt,RMSE,2008,18.746114412943523,17.994194666544598,19.33730713526408,19.39916467666626
NorESM2-LM,clt,RMSE,2009,18.780817190806072,18.18577289581299,19.222431818644207,19.08343442281087
NorESM2-LM,clt,RMSE,2010,19.022018750508625,18.591347376505535,19.304417451222736,19.618655840555828
NorESM2-LM,clt,RMSE,2011,18.98155117034912,18.318564732869465,19.50416390101115,19.5099835395813
NorESM2-LM,clt,RMSE,2012,18.73451217015584,18.163272221883137,19.075927734375,18.934309641520183
NorESM2-LM,clt,RMSE,2013,18.55839188893636,18.12305720647176,18.827260335286457,18.61780579884847
NorESM2-LM,clt,RMSE,2014,18.51125733057658,18.074509461720783,18.761853853861492,18.86974811553955
NorESM2-LM,clt,RMSE,2015,18.701670328776043,18.40573183695475,18.8623210589091,19.446770985921223
NorESM2-LM,clt,RMSE,2016,18.792287667592365,18.23158343633016,19.212018966674805,19.282265027364097
NorESM2-LM,clt,RMSE,2017,18.261279741923016,17.56300115585327,18.803980827331543,18.889259815216064
NorESM2-LM,clt,RMSE,2018,18.21371603012085,17.847885211308796,18.447465419769287,18.591068744659424
NorESM2-LM,clt,RMSE,2019,18.40785264968872,17.642784357070923,18.97894891103109,18.886810620625813
NorESM2-LM,clt,RMSE,2020,17.95079469680786,17.068141142527264,18.698783715566,18.61504173278809
NorESM2-LM,clt,RMSE,2021,18.407771110534668,17.828264395395916,18.81976079940796,18.857806364695232
NorESM2-LM,clt,RMSE,2022,18.631632169087727,17.720421075820923,19.353350798288982,19.241652011871334
NorESM2-LM,clt,RMSE,2023,18.09511836369832,17.338094154993694,18.72279644012451,18.591745058695476
NorESM2-LM,clt,RMSE,2024,18.825246651967365,17.92696173985799,19.59135230382283,19.56720050175985
NorESM2-LM,pr,MAE,2005,1.657070924920845e-05,1.6744725674773992e-05,1.6396692444686778e-05,2.243680880080016e-05
NorESM2-LM,pr,MAE,2006,1.6416729067714186e-05,1.64042436760307e-05,1.642921438360645e-05,2.228446980249525e-05
NorESM2-LM,pr,MAE,2007,1.59257396414129e-05,1.5133392328910608e-05,1.6718086726541515e-05,2.117145337858043e-05
NorESM2-LM,pr,MAE,2008,1.677616978668084e-05,1.613842634166455e-05,1.7413913231697126e-05,2.293596223050069e-05
NorESM2-LM,pr,MAE,2009,1.627090341571602e-05,1.63696695381077e-05,1.6172137065950665e-05,2.190722913534652e-05
NorESM2-LM,pr,MAE,2010,1.7256395949516445e-05,1.701815487346418e-05,1.7494637177151162e-05,2.378383487666724e-05
NorESM2-LM,pr,MAE,2011,1.6971717892981058e-05,1.686761349143732e-05,1.707582237031602e-05,2.3628076329866115e-05
NorESM2-LM,pr,MAE,2012,1.623930271913802e-05,1.6587422351221903e-05,1.5891183693383937e-05,2.205290820711525e-05
NorESM2-LM,pr,MAE,2013,1.5485974927287316e-05,1.5808725189951172e-05,1.5163225346744488e-05,2.056467201327905e-05
NorESM2-LM,pr,MAE,2014,1.6098266390448163e-05,1.629111883024355e-05,1.5905413041158074e-05,2.178562969371948e-05
NorESM2-LM,pr,MAE,2015,1.7026873441257823e-05,1.7712751741782995e-05,1.6340995064941428e-05,2.3609655575758857e-05
NorESM2-LM,pr,MAE,2016,1.6075552593974862e-05,1.647182549883534e-05,1.5679280143861735e-05,2.190451914430014e-05
NorESM2-LM,pr,MAE,2017,1.5311125101410045e-05,1.557746948795587e-05,1.5044780032743196e-05,2.0700069247444237e-05
NorESM2-LM,pr,MAE,2018,1.5479318941894842e-05,1.547558766408959e-05,1.5483050295491314e-05,2.089808140226523e-05
NorESM2-LM,pr,MAE,2019,1.6046664086388773e-05,1.6303026238044065e-05,1.5790302086315933e-05,2.1823997334043572e-05
NorESM2-LM,pr,MAE,2020,1.5712466923408403e-05,1.5034712456933145e-05,1.639022131409244e-05,2.1305746031430317e-05
NorESM2-LM,pr,MAE,2021,1.592317986857476e-05,1.6247130664244953e-05,1.559922945186069e-05,2.1757371087005595e-05
NorESM2-LM,pr,MAE,2022,1.607414575725367e-05,1.580183644970627e-05,1.634645529217475e-05,2.199031799439884e-05
NorESM2-LM,pr,MAE,2023,1.6684667874263443e-05,1.7202255700491758e-05,1.616708042699126e-05,2.293302441103151e-05
NorESM2-LM,pr,MAE,2024,1.6356533251382643e-05,1.7064633311747457e-05,1.564843319101783e-05,2.244755599652611e-05
NorESM2-LM,pr,RMSE,2005,2.699096679255793e-05,2.705795198683821e-05,2.6269360811663017e-05,3.484298546633605e-05
NorESM2-LM,pr,RMSE,2006,2.6663315717693575e-05,2.633306106266294e-05,2.636405239779075e-05,3.44501598495602e-05
NorESM2-LM,pr,RMSE,2007,2.5630098207329866e-05,2.4063943177073572e-05,2.664458573538771e-05,3.278366405841856e-05
NorESM2-LM,pr,RMSE,2008,2.750559148504787e-05,2.5714387144641176e-05,2.8546053575458547e-05,3.568414043305287e-05
NorESM2-LM,pr,RMSE,2009,2.6720191878363646e-05,2.6282595172233417e-05,2.619945280457614e-05,3.4503312538921214e-05
NorESM2-LM,pr,RMSE,2010,2.8527350271663934e-05,2.786408928538246e-05,2.8862878934887704e-05,3.72140999994978e-05
NorESM2-LM,pr,RMSE,2011,2.774897499572641e-05,2.7116517533916824e-05,2.7800072378643865e-05,3.632091890419057e-05
NorESM2-LM,pr,RMSE,2012,2.6341014593829943e-05,2.6396689918328775e-05,2.561082586301685e-05,3.4067702623967e-05
NorESM2-LM,pr,RMSE,2013,2.4899261006794404e-05,2.5526095669192728e-05,2.3725904005308017e-05,3.187356060152524e-05
NorESM2-LM,pr,RMSE,2014,2.6342625763694137e-05,2.651218831791387e-05,2.542755388882749e-05,3.410469995894042e-05
NorESM2-LM,pr,RMSE,2015,2.8512708922789894e-05,2.917469237218029e-05,2.6957722487471376e-05,3.7332392215224296e-05
NorESM2-LM,pr,RMSE,2016,2.65907160610368e-05,2.7224446057516616e-05,2.5178583200613502e-05,3.451146524942791e-05
NorESM2-LM,pr,RMSE,2017,2.4776732061582152e-05,2.4973788792218936e-05,2.3897277211896533e-05,3.1983599607580494e-05
NorESM2-LM,pr,RMSE,2018,2.503158460361495e-05,2.4510542213344404e-05,2.4825027897653246e-05,3.237717328374856e-05
NorESM2-LM,pr,RMSE,2019,2.6141750064804608e-05,2.631223257291519e-05,2.5227262691866297e-05,3.390224583199597e-05
NorESM2-LM,pr,RMSE,2020,2.601236565169529e-05,2.4349732029804727e-05,2.695882161181847e-05,3.376451862398729e-05
NorESM2-LM,pr,RMSE,2021,2.6174437152803876e-05,2.580860488402929e-05,2.5632832754733197e-05,3.389438658511305e-05
NorESM2-LM,pr,RMSE,2022,2.6202912370839233e-05,2.563608101506058e-05,2.6387875247261643e-05,3.396226369053087e-05
NorESM2-LM,pr,RMSE,2023,2.772965217445744e-05,2.8276931971049635e-05,2.6255919237883063e-05,3.621101253277933e-05
NorESM2-LM,pr,RMSE,2024,2.6923994028038575e-05,2.8303301254103037e-05,2.4587026321872447e-05,3.500738997293714e-05
NorESM2-LM,tas,MAE,2005,1.578459422826774,1.7317222996286892,1.423578581674726,1.1501460458657902
NorESM2-LM,tas,MAE,2006,1.5695264198619665,1.7380501925605645,1.399913241432042,1.0876142198188046
NorESM2-LM,tas,MAE,2007,1.6163489033856493,1.719141272946515,1.513748716797761,1.1511515799601924
NorESM2-LM,tas,MAE,2008,1.6394483763542962,1.7784222170588435,1.4997924782064835,1.1970832855439189
NorESM2-LM,tas,MAE,2009,1.5993455019667178,1.7837735306140512,1.41411915776483,1.1021387981931026
NorESM2-LM,tas,MAE,2010,1.6754252198976198,1.9007025549245145,1.4488942180447613,1.2244339240427824
NorESM2-LM,tas,MAE,2011,1.6504114162126846,1.8275252628018723,1.4720330026570154,1.2102578759771594
NorESM2-LM,tas,MAE,2012,1.6200030787347028,1.84160408635596,1.3971094260614023,1.0749467466698857
NorESM2-LM,tas,MAE,2013,1.6398803782161926,1.888272017673734,1.390139821938706,1.1227702402804565
NorESM2-LM,tas,MAE,2014,1.6199450360553624,1.7883411118873298,1.4506457691961228,1.1159711238398486
NorESM2-LM,tas,MAE,2015,1.5665638749848052,1.6776043814675778,1.4552237106432797,1.1173843947537618
NorESM2-LM,tas,MAE,2016,1.595505231582972,1.7588279080120754,1.4309837436751949,1.0673284186941028
NorESM2-LM,tas,MAE,2017,1.5008452755220667,1.617068978501604,1.3841528296412138,1.0235151665440383
NorESM2-LM,tas,MAE,2018,1.5614329328561674,1.744297618123583,1.3775848479477495,1.0911083900295098
NorESM2-LM,tas,MAE,2019,1.5991471737707683,1.7485483420454309,1.4490092945545678,1.1557693942505836
NorESM2-LM,tas,MAE,2020,1.5549227892836914,1.711853294378166,1.3963981675026935,1.133981187871328
NorESM2-LM,tas,MAE,2021,1.653277560097693,1.8855269003618291,1.4193785195894015,1.13430597194246
NorESM2-LM,tas,MAE,2022,1.6288798405363212,1.8012404178968398,1.454574797912384,1.2084634897422524
NorESM2-LM,tas,MAE,2023,1.49598720158826,1.6674689333953543,1.3219143541999707,1.0942207062481832
NorESM2-LM,tas,MAE,2024,1.500851076149997,1.6485634357089622,1.352172558338002,1.1214169997356631
NorESM2-LM,tas,RMSE,2005,2.335710395068542,2.4798881884559556,2.1289419308665978,1.676499954784984
NorESM2-LM,tas,RMSE,2006,2.346741354690677,2.5046453001743045,2.1131156889735547,1.570347306925316
NorESM2-LM,tas,RMSE,2007,2.377651441707586,2.4407940681417157,2.246181886380899,1.627173371425006
NorESM2-LM,tas,RMSE,2008,2.390357660242086,2.5130423791596503,2.1907389660705263,1.6572314587017667
NorESM2-LM,tas,RMSE,2009,2.420679309799713,2.6126705037089333,2.131211528427035,1.605722630586915
NorESM2-LM,tas,RMSE,2010,2.5112972410590175,2.752159676672596,2.157356302287149,1.7672595668436677
NorESM2-LM,tas,RMSE,2011,2.441032192196249,2.5890985584858788,2.2113447108245996,1.7202614678471069
NorESM2-LM,tas,RMSE,2012,2.49010876275668,2.7294840148520585,2.1288672525095063,1.5518589730648131
NorESM2-LM,tas,RMSE,2013,2.4821213260085293,2.7308091969236834,2.1166436356645577,1.6484904789266115
NorESM2-LM,tas,RMSE,2014,2.424858022725727,2.5631540809032756,2.205000768513871,1.5944440043315973
NorESM2-LM,tas,RMSE,2015,2.3100087667341813,2.4003639637227567,2.169242924513951,1.5919050243234922
NorESM2-LM,tas,RMSE,2016,2.3992850219276587,2.5804639249987393,2.1399948626729617,1.5902876075937342
NorESM2-LM,tas,RMSE,2017,2.263644726402463,2.3510454551759508,2.1135718453294854,1.5000858111936572
NorESM2-LM,tas,RMSE,2018,2.3769900339130414,2.557943121958126,2.1103073124524783,1.5869989936880238
NorESM2-LM,tas,RMSE,2019,2.357836649266474,2.455524883046738,2.1931158395074313,1.6267697375672168
NorESM2-LM,tas,RMSE,2020,2.288224363651423,2.442908308397005,2.075923928417021,1.613730102283147
NorESM2-LM,tas,RMSE,2021,2.5361223558112695,2.7895939410183583,2.145210175656057,1.6209243514806342
NorESM2-LM,tas,RMSE,2022,2.392545680062672,2.530251785823517,2.181692336493929,1.6975388324725964
NorESM2-LM,tas,RMSE,2023,2.266211479287454,2.4335997016734097,2.0249381107003503,1.5837590555821237
NorESM2-LM,tas,RMSE,2024,2.23422096866171,2.3431924604668413,2.0740093770243564,1.6109874079836108
NorESM2-LM,tos,MAE,2005,1.190465897321701,1.1282383054494858,1.2349935273329418,1.0592716336250303
NorESM2-LM,tos,MAE,2006,1.180828074614207,1.0923462212085724,1.2459460496902466,1.0353987962007525
NorESM2-LM,tos,MAE,2007,1.2683335840702057,1.1763362487157183,1.3370063304901123,1.1614868541558585
NorESM2-LM,tos,MAE,2008,1.33315176765124,1.2543292740980785,1.3909701605637868,1.2989732325077057
NorESM2-LM,tos,MAE,2009,1.233287254969279,1.155148163437843,1.290530542532603,1.1360649367173512
NorESM2-LM,tos,MAE,2010,1.2465028762817385,1.1651852230230968,1.3062751491864522,1.188133309284846
NorESM2-LM,tos,MAE,2011,1.2989817261695862,1.266087681055069,1.323744038740794,1.2795843482017517
NorESM2-LM,tos,MAE,2012,1.2378878593444824,1.19906884431839,1.2671096722284954,1.113065297404925
NorESM2-LM,tos,MAE,2013,1.2428265114625294,1.1652982234954834,1.3013336857159932,1.1534610092639923
NorESM2-LM,tos,MAE,2014,1.2441937526067095,1.1426857858896255,1.3184372286001842,1.1720235546429951
NorESM2-LM,tos,MAE,2015,1.2208557228247323,1.1274445454279582,1.2881026764710743,1.109220564365387
NorESM2-LM,tos,MAE,2016,1.1743729710578918,1.1312281588713329,1.2061730523904164,0.9591010014216104
NorESM2-LM,tos,MAE,2017,1.1441451112429302,1.0491526474555333,1.2140337228775024,1.005395789941152
NorESM2-LM,tos,MAE,2018,1.1984680394331615,1.1104282140731812,1.2639435331026714,1.1524620552857716
NorESM2-LM,tos,MAE,2019,1.2606594661871593,1.221138874689738,1.2899282276630402,1.2154420216878254
NorESM2-LM,tos,MAE,2020,1.2296586434046428,1.1265807549158733,1.3051505088806152,1.1875142355759938
NorESM2-LM,tos,MAE,2021,1.1976683338483174,1.1454498718182249,1.2364776929219563,1.1522076576948166
NorESM2-LM,tos,MAE,2022,1.265419751405716,1.21338847776254,1.304094096024831,1.2791128357251484
NorESM2-LM,tos,MAE,2023,1.1352250774701436,1.074594115217527,1.178076257308324,1.081701358159383
NorESM2-LM,tos,MAE,2024,1.071035196383794,1.0354386915763218,1.0963918616374333,0.9751374622186024
NorESM2-LM,tos,RMSE,2005,1.5927205383777618,1.5339236954847972,1.630501389503479,1.4314894179503124
NorESM2-LM,tos,RMSE,2006,1.5678077538808186,1.4890720943609874,1.6223314106464386,1.3696448008219402
NorESM2-LM,tos,RMSE,2007,1.6784725387891133,1.6104566951592765,1.7255066136519115,1.5419134398301442
NorESM2-LM,tos,RMSE,2008,1.7060044705867767,1.6332437098026276,1.7562098900477092,1.6359301408131917
NorESM2-LM,tos,RMSE,2009,1.610798845688502,1.5615401168664296,1.6429521441459656,1.4822161098321278
NorESM2-LM,tos,RMSE,2010,1.650436560312907,1.5928977032502492,1.6903590162595112,1.5771932005882263
NorESM2-LM,tos,RMSE,2011,1.692555805047353,1.6862553159395854,1.695199151833852,1.6654401123523712
NorESM2-LM,tos,RMSE,2012,1.625601331392924,1.6218884587287905,1.6263216733932495,1.470243513584137
NorESM2-LM,tos,RMSE,2013,1.644651899735133,1.5852591395378113,1.6876657903194427,1.5270483096440632
NorESM2-LM,tos,RMSE,2014,1.628025084733963,1.514248788356781,1.7037010888258617,1.5204560657342274
NorESM2-LM,tos,RMSE,2015,1.6078695754210155,1.5171175301074982,1.666577359040578,1.456886311372121
NorESM2-LM,tos,RMSE,2016,1.5873695810635884,1.5593395034472148,1.6052221059799194,1.2981595794359844
NorESM2-LM,tos,RMSE,2017,1.5532249609629314,1.465993235508601,1.6123635570208232,1.365915060043335
NorESM2-LM,tos,RMSE,2018,1.57340207695961,1.4914864699045818,1.630993276834488,1.4969557921091716
NorESM2-LM,tos,RMSE,2019,1.658130536476771,1.6228250761826832,1.6826614538828533,1.576404462258021
NorESM2-LM,tos,RMSE,2020,1.6047039131323495,1.4857271413008373,1.6853423813978832,1.5211422840754192
NorESM2-LM,tos,RMSE,2021,1.574235608180364,1.5312900145848591,1.6021336317062378,1.489923934141795
NorESM2-LM,tos,RMSE,2022,1.6570816338062286,1.5894129872322085,1.703482349713643,1.6445032358169556
NorESM2-LM,tos,RMSE,2023,1.5246689816315968,1.500889132420222,1.5344923039277394,1.456400732199351
NorESM2-LM,tos,RMSE,2024,1.4840772052605946,1.4868551691373189,1.478880614042282,1.3572608530521393
ACCESS-CM2,clt,CRPS,2005,12.212873791140597,12.19521897298299,12.230528606975527,12.386899376160583
ACCESS-CM2,pr,CRPS,2005,1.4821540698356605e-05,1.4922640587773016e-05,1.4720440822240906e-05,2.265013344222421e-05
ACCESS-CM2,tas,CRPS,2005,1.4731095937513208,1.6850487698015568,1.2576909308886015,0.9765373531465156
ACCESS-CM2,tos,CRPS,2005,1.7004633744557698,1.5615057150522869,1.8226834932963056,0.978168805440267
CESM2-WACCM,clt,CRPS,2005,11.026139041989843,11.509840443484658,10.542439402824549,11.481262193918283
CESM2-WACCM,od550aer,CRPS,2005,0.0645513633039411,0.0806355173849239,0.0496797110367067,0.0776021504683587
CESM2-WACCM,pr,CRPS,2005,1.285380334160082e-05,1.3675402918767844e-05,1.203220559848693e-05,1.8208842493120812e-05
CESM2-WACCM,tas,CRPS,2005,1.2785275949766366,1.4539042855139748,1.1005366104266163,0.8454123994534043
CESM2-WACCM,tos,CRPS,2005,3.7622246742248535,4.546707550684611,3.120160897572835,1.0413780212402344
CanESM5,clt,CRPS,2005,11.320454668023553,11.520279559913,11.120628260523224,13.01283457427796
CanESM5,od550aer,CRPS,2005,0.0733430857084473,0.0952158973393122,0.0533404672865946,0.0826830058477567
CanESM5,pr,CRPS,2005,1.4626424502951091e-05,1.5274263927088727e-05,1.3978583069327443e-05,2.2812523366273535e-05
CanESM5,tas,CRPS,2005,1.5636954304351558,1.8560862844025596,1.2673743863811635,1.308199324932209
CanESM5,tos,CRPS,2005,0.1463483969370523,2.708857615788778,1.486917495727539,0.8332494099934896
EC-Earth3-Veg,pr,CRPS,2005,1.386425135427688e-05,1.3987596925521414e-05,1.374091044879201e-05,2.108025998913894e-05
EC-Earth3-Veg,tas,CRPS,2005,1.7600556174108677,1.666302117058101,1.8562309059109443,1.1021077669954502
EC-Earth3-Veg-LR,clt,CRPS,2005,11.783801040293833,10.646984842653174,12.920621889097388,12.569878858666051
EC-Earth3-Veg-LR,pr,CRPS,2005,1.3808779034535896e-05,1.3938190763349894e-05,1.3679372756160208e-05,2.0791227112282243e-05
EC-Earth3-Veg-LR,tas,CRPS,2005,1.976178207662753,1.9791661251292825,1.973433392496811,1.442322085742825
EC-Earth3-Veg-LR,tos,CRPS,2005,0.9320306777954102,2.373568932215373,0.4833029111226399,0.5914316177368164
FGOALS-g3,clt,CRPS,2005,16.386320256303303,14.69518683116445,18.077453681442055,15.446760690249578
FGOALS-g3,pr,CRPS,2005,1.562570800585277e-05,1.6329945757147573e-05,1.4921470254557882e-05,2.323901459290021e-05
FGOALS-g3,tas,CRPS,2005,1.5315867919546868,1.9061027169974465,1.1517264422163334,0.9520317610715328
FGOALS-g3,tos,CRPS,2005,0.6271488666534424,5.49970285097758,1.7931925455729167,0.6982755661010742
FIO-ESM-2-0,clt,CRPS,2005,11.15908509980153,10.49042588061528,11.827744318987802,12.03409025059735
FIO-ESM-2-0,pr,CRPS,2005,1.3799231712964274e-05,1.3993035664733882e-05,1.36054277611947e-05,2.027531029507541e-05
FIO-ESM-2-0,tas,CRPS,2005,1.3169042783834206,1.5172201557804543,1.1136371703214067,0.861980205569119
FIO-ESM-2-0,tos,CRPS,2005,3.366245905558268,3.974275827407837,2.8681984742482505,0.4248115221659342
GFDL-ESM4,pr,CRPS,2005,1.3830083757683802e-05,1.4455787072180556e-05,1.3204385445000091e-05,2.092373575218313e-05
GFDL-ESM4,tas,CRPS,2005,1.4253387992455624,1.6508490956426825,1.1969013674806968,1.0370781089646826
GFDL-ESM4,tos,CRPS,2005,1.2027442455291748,0.7786378860473633,1.4895222981770833,0.3691058158874511
IPSL-CM6A-LR,clt,CRPS,2005,12.548109693369277,13.427511582510704,11.553818788381031,14.576450716026873
IPSL-CM6A-LR,od550aer,CRPS,2005,0.0854059760005667,0.1014453608367455,0.068961067788372,0.1122952208230787
IPSL-CM6A-LR,pr,CRPS,2005,1.4067023645847376e-05,1.4208164973370978e-05,1.368246031031596e-05,2.0336298239759305e-05
IPSL-CM6A-LR,tas,CRPS,2005,1.4946681214829522,1.8158941341320436,1.1795724418228806,1.0053831887818965
IPSL-CM6A-LR,tos,CRPS,2005,0.2458175023396809,2.8375333150227866,1.386896053949992,0.3479463259379069
KACE-1-0-G,clt,CRPS,2005,11.786456269170031,11.725006682935982,11.847905855404086,12.10977462097545
KACE-1-0-G,od550aer,CRPS,2005,0.0801320032940853,0.1086202853170422,0.0550612781528563,0.0766120095500567
KACE-1-0-G,pr,CRPS,2005,1.4745636431872808e-05,1.4626646977121305e-05,1.4864625886624314e-05,2.2103746793274703e-05
KACE-1-0-G,tas,CRPS,2005,1.4684030453473529,1.5955494792200875,1.339534500421209,0.9875781059738974
MIROC6,clt,CRPS,2005,11.543815723585451,11.467843252043744,11.619787430483449,10.641102663371589
MIROC6,pr,CRPS,2005,1.4198682206561838e-05,1.45047500955925e-05,1.3892613403323436e-05,2.034874218983884e-05
MIROC6,tas,CRPS,2005,1.9533911917379392,1.9781721310650964,1.9280895386788437,1.1454316983733832
MIROC6,tos,CRPS,2005,0.1679442723592122,0.2612775961558023,0.1550072034200032,0.1857158342997232
MPI-ESM1-2-LR,clt,CRPS,2005,11.610722269839073,10.997784223241649,12.223647853584463,12.411185231294226
MPI-ESM1-2-LR,od550aer,CRPS,2005,0.0699999717018894,0.0825516904759869,0.0585827602346419,0.0884905733330752
MPI-ESM1-2-LR,pr,CRPS,2005,1.433381474976766e-05,1.499119771065455e-05,1.36764169612308e-05,2.1095028038714847e-05
MPI-ESM1-2-LR,tas,CRPS,2005,1.4736347189471282,1.579705516510554,1.3661903817858498,1.0041680548453356
MPI-ESM1-2-LR,tos,CRPS,2005,3.712991635004679,4.070584416389465,3.342256704966227,0.7998150189717611
MRI-ESM2-0,pr,CRPS,2005,1.4812889502194105e-05,1.5203444036276896e-05,1.4422346764416936e-05,2.287793251447203e-05
MRI-ESM2-0,tas,CRPS,2005,1.406555215141417,1.6021229191520054,1.208700123525233,1.042270683746305
NorESM2-LM,clt,CRPS,2005,12.543244906188638,12.123335517076669,12.963142742380285,12.60582299846449
NorESM2-LM,pr,CRPS,2005,1.357587999265146e-05,1.3899442309217e-05,1.3252305172059956e-05,2.0204242234548855e-05
NorESM2-LM,tas,CRPS,2005,1.349595465299731,1.4597461133723977,1.238427865491451,0.8980283587644021
NorESM2-LM,tos,CRPS,2005,2.5188024838765464,3.3204201062520347,1.9361309210459392,1.0365370114644368
ACCESS-CM2,clt,CRPS,2006,11.915695271880066,11.863730636572596,11.96765990035106,12.19452811391042
ACCESS-CM2,pr,CRPS,2006,1.4732047203361012e-05,1.4853752575498556e-05,1.4610341847235044e-05,2.2220116186779057e-05
ACCESS-CM2,tas,CRPS,2006,1.4421870942062904,1.602688963222252,1.279713616609501,0.911044271236726
ACCESS-CM2,tos,CRPS,2006,1.7357872327168782,1.590885877609253,1.8647042910257976,0.9852617581685384
CESM2-WACCM,clt,CRPS,2006,10.798412248402103,11.38602330577091,10.210802819561078,11.133803234713833
CESM2-WACCM,od550aer,CRPS,2006,0.0641214446449932,0.0822085952800038,0.0476128872468544,0.0729817365733338
CESM2-WACCM,pr,CRPS,2006,1.2168174026180405e-05,1.2868391819743684e-05,1.146795803516545e-05,1.6835500593590384e-05
CESM2-WACCM,tas,CRPS,2006,1.3117712519581577,1.4904132147770126,1.1313665386855096,0.8146598196417325
CESM2-WACCM,tos,CRPS,2006,3.770622968673706,4.578429778416951,3.1074488957722983,1.0412619908650715
CanESM5,clt,CRPS,2006,11.026305057612452,11.204288816322988,10.848319824862855,12.429586823025945
CanESM5,od550aer,CRPS,2006,0.0645115359218739,0.0797568659794803,0.0501031270624143,0.0735959990248867
CanESM5,pr,CRPS,2006,1.421618235749668e-05,1.4901477488676196e-05,1.353088526587503e-05,2.2037260686212057e-05
CanESM5,tas,CRPS,2006,1.5588413807409047,1.8331738379406577,1.2820428358775406,1.230514823201461
CanESM5,tos,CRPS,2006,0.1486218770345051,2.7816126346588135,1.5283137957255046,0.7712429364522299
EC-Earth3-Veg,pr,CRPS,2006,1.3035176036442455e-05,1.3599957076662764e-05,1.2470399766795472e-05,1.909881251719099e-05
EC-Earth3-Veg,tas,CRPS,2006,1.8075124167473315,1.7254298322591242,1.8915626042793352,1.063947804548988
EC-Earth3-Veg-LR,clt,CRPS,2006,11.14957399830113,10.207353405840369,12.091798991590176,11.294054082236212
EC-Earth3-Veg-LR,pr,CRPS,2006,1.2984702270153498e-05,1.3402883667524062e-05,1.2566525997951388e-05,1.8899377589262588e-05
EC-Earth3-Veg-LR,tas,CRPS,2006,1.9622360469732585,1.9880618027661587,1.9368831126640005,1.3116231707283166
EC-Earth3-Veg-LR,tos,CRPS,2006,1.0127575397491455,2.467209895451864,0.495360533396403,0.6475397745768229
FGOALS-g3,clt,CRPS,2006,16.17811721676878,14.749333203623072,17.60690122991438,15.089017098259967
FGOALS-g3,pr,CRPS,2006,1.4927094071402304e-05,1.6118817984370218e-05,1.373537015843431e-05,2.210547116939501e-05
FGOALS-g3,tas,CRPS,2006,1.4690774488458913,1.8473969241149495,1.086144800175164,0.8568462110734522
FGOALS-g3,tos,CRPS,2006,0.5652403036753336,5.4666658242543535,1.8693923155466716,0.5677536328633627
FIO-ESM-2-0,clt,CRPS,2006,10.756288085278392,10.211840210751058,11.300735959805747,11.480910491505028
FIO-ESM-2-0,pr,CRPS,2006,1.323704253365225e-05,1.3759573994475665e-05,1.2714511072828869e-05,1.9167710071545692e-05
FIO-ESM-2-0,tas,CRPS,2006,1.301756800347318,1.4969974531102406,1.1046865377363952,0.7764673938818144
FIO-ESM-2-0,tos,CRPS,2006,3.3115689754486084,3.964106957117716,2.7748848597208657,0.2944159507751464
GFDL-ESM4,pr,CRPS,2006,1.311387938964666e-05,1.3763105610225794e-05,1.2464657952326268e-05,1.953996429394533e-05
GFDL-ESM4,tas,CRPS,2006,1.3739897139799992,1.5919910251745792,1.1539839840351152,0.941462084398106
GFDL-ESM4,tos,CRPS,2006,1.1614201068878174,0.719815174738566,1.4652485847473145,0.4023319880167643
IPSL-CM6A-LR,clt,CRPS,2006,12.41250867016752,13.283995771163722,11.420169808975425,14.37862591447047
IPSL-CM6A-LR,od550aer,CRPS,2006,0.0839540006210986,0.1034588428054696,0.0643166660570856,0.1058771500047699
IPSL-CM6A-LR,pr,CRPS,2006,1.3948861285224822e-05,1.4170883308530704e-05,1.3487799235709536e-05,1.9955891005769496e-05
IPSL-CM6A-LR,tas,CRPS,2006,1.5480704279198072,1.9421168856207025,1.1625668189874598,0.9231687363440324
IPSL-CM6A-LR,tos,CRPS,2006,0.3208789825439453,3.0063110987345376,1.384844700495402,0.3780295054117839
KACE-1-0-G,clt,CRPS,2006,11.476317956715905,11.492631997507765,11.460003915924052,11.748013154488026
KACE-1-0-G,od550aer,CRPS,2006,0.0832724220426143,0.1136116033118155,0.0562944472776138,0.0837203214873548
KACE-1-0-G,pr,CRPS,2006,1.4059575055814116e-05,1.4268951952512155e-05,1.3850198159116075e-05,2.0649769322447207e-05
KACE-1-0-G,tas,CRPS,2006,1.4551913887357897,1.5446679397846017,1.3649346130388509,0.8947540354753037
MIROC6,clt,CRPS,2006,11.340025341885218,11.354932525136729,11.325117413380845,10.601211197303256
MIROC6,pr,CRPS,2006,1.359055445243924e-05,1.4052766904139464e-05,1.3128341136824452e-05,1.9071776043241425e-05
MIROC6,tas,CRPS,2006,1.928711188560401,1.9301441342265484,1.926972830559588,1.0887877958247774
MIROC6,tos,CRPS,2006,0.1092556317647297,0.121910015741984,0.1962200005849202,0.0945669809977213
MPI-ESM1-2-LR,clt,CRPS,2006,11.470417748754883,10.92980837419357,12.011014836691055,12.293384455170504
MPI-ESM1-2-LR,od550aer,CRPS,2006,0.0684450706627171,0.0825841032458084,0.05551950121598,0.0825245966369954
MPI-ESM1-2-LR,pr,CRPS,2006,1.4387942854574524e-05,1.5076093275060448e-05,1.3699777561609996e-05,2.12866362650694e-05
MPI-ESM1-2-LR,tas,CRPS,2006,1.4977753257732935,1.5653449785205062,1.430079238862089,0.979007849217414
MPI-ESM1-2-LR,tos,CRPS,2006,3.6521783669789634,3.9582732915878296,3.330142339070638,0.7419519424438477
MRI-ESM2-0,pr,CRPS,2006,1.4532529700579102e-05,1.491748809466851e-05,1.414758288000217e-05,2.2416188982038223e-05
MRI-ESM2-0,tas,CRPS,2006,1.4902400671144995,1.7508218085179603,1.2271788063840998,1.0229343578681498
NorESM2-LM,clt,CRPS,2006,12.551513218265333,12.155897060202436,12.94711781579239,12.498533060790344
NorESM2-LM,pr,CRPS,2006,1.3398972776970077e-05,1.3559810079106227e-05,1.3238123133747852e-05,1.9987483306624048e-05
NorESM2-LM,tas,CRPS,2006,1.3392199307417656,1.4661136053880195,1.2116497752666628,0.8398325898757028
NorESM2-LM,tos,CRPS,2006,2.5977834860483804,3.4436492919921875,1.978692849477132,1.1591590245564778
ACCESS-CM2,clt,CRPS,2007,12.13628187425426,12.08007922513128,12.192484515983212,12.31616129749338
ACCESS-CM2,pr,CRPS,2007,1.4790712699068927e-05,1.4686826149104798e-05,1.4894599235365726e-05,2.2360184390779432e-05
ACCESS-CM2,tas,CRPS,2007,1.4717302557295726,1.629142013062874,1.3126902894283596,0.9671613178804904
ACCESS-CM2,tos,CRPS,2007,1.725852409998576,1.5550747712453206,1.8777369658152263,0.989387353261312
CESM2-WACCM,clt,CRPS,2007,11.141980078173702,11.5323324029869,10.751629618380337,11.752522661924775
CESM2-WACCM,od550aer,CRPS,2007,0.064251291570314,0.0810458117016241,0.0487659704606029,0.0733874973812491
CESM2-WACCM,pr,CRPS,2007,1.304925869147218e-05,1.342848849439294e-05,1.2670031139478858e-05,1.8340537820752133e-05
CESM2-WACCM,tas,CRPS,2007,1.3598362294420374,1.559148467951753,1.1584542390123158,0.9244031641774636
CESM2-WACCM,tos,CRPS,2007,3.88962451616923,4.700215419133504,3.2250094413757324,1.2872145970662434
CanESM5,clt,CRPS,2007,10.97264569385512,11.144410709358144,10.800879212190615,12.42450560716198
CanESM5,od550aer,CRPS,2007,0.0703509994250507,0.0874676523443258,0.0545961339897565,0.0802931456592771
CanESM5,pr,CRPS,2007,1.453684175979184e-05,1.4979019318271224e-05,1.4094662230668905e-05,2.2333981601251255e-05
CanESM5,tas,CRPS,2007,1.5646796457400862,1.868702186059961,1.2576484964524812,1.2822359538924557
CanESM5,tos,CRPS,2007,0.1853531996409098,2.812150716781616,1.4887166023254397,0.8918588956197103
EC-Earth3-Veg,pr,CRPS,2007,1.3827694337275252e-05,1.396953072140822e-05,1.3685862622690843e-05,2.043522798233154e-05
EC-Earth3-Veg,tas,CRPS,2007,1.7751841518621312,1.6957637576460922,1.8568318413401783,1.1261132721250562
EC-Earth3-Veg-LR,clt,CRPS,2007,11.48877207415135,10.241703087661778,12.735845595353467,12.138390828041636
EC-Earth3-Veg-LR,pr,CRPS,2007,1.3897524972521374e-05,1.3970899962245606e-05,1.3824155468264209e-05,2.049119621975251e-05
EC-Earth3-Veg-LR,tas,CRPS,2007,1.9751951544516544,2.0208167514808664,1.9297939397470767,1.3267531456241244
EC-Earth3-Veg-LR,tos,CRPS,2007,1.0180114110310872,2.4642199675242105,0.5329616864522299,0.6697610219319662
FGOALS-g3,clt,CRPS,2007,16.512110528747986,14.96821008385381,18.056010973642056,15.633802532717448
FGOALS-g3,pr,CRPS,2007,1.559489142716601e-05,1.650824679303746e-05,1.468153606129448e-05,2.270862974087617e-05
FGOALS-g3,tas,CRPS,2007,1.5347838394038982,1.9248114161515395,1.1410895042022675,0.944266449808968
FGOALS-g3,tos,CRPS,2007,0.6294836203257242,5.5136557420094805,1.803872346878052,0.6689011255900065
FIO-ESM-2-0,clt,CRPS,2007,10.816547666231328,10.05765430484349,11.575441027619185,11.509410266187052
FIO-ESM-2-0,pr,CRPS,2007,1.3356091685024275e-05,1.3593450597327952e-05,1.3118732772720634e-05,1.8983651063407316e-05
FIO-ESM-2-0,tas,CRPS,2007,1.3287025615724086,1.5140486986791892,1.142096621251261,0.7832882061595815
FIO-ESM-2-0,tos,CRPS,2007,3.3043113549550376,3.910682598749797,2.8067102432250977,0.2776285807291666
GFDL-ESM4,pr,CRPS,2007,1.3543152986010838e-05,1.3977082675067943e-05,1.3109228065615271e-05,1.983041100603061e-05
GFDL-ESM4,tas,CRPS,2007,1.425682003251935,1.6425082921173322,1.206861490827524,1.016069481771984
GFDL-ESM4,tos,CRPS,2007,1.1718583901723223,0.7363061110178629,1.470699628194173,0.3579748471577962
IPSL-CM6A-LR,clt,CRPS,2007,12.761884353774375,13.365299101484384,11.97966810109539,15.04719254970878
IPSL-CM6A-LR,od550aer,CRPS,2007,0.0872738466728359,0.105524962248563,0.0693648482792481,0.1111698852548077
IPSL-CM6A-LR,pr,CRPS,2007,1.433644329107348e-05,1.4202925780665828e-05,1.422897044356421e-05,2.0610460334292e-05
IPSL-CM6A-LR,tas,CRPS,2007,1.5640803219392367,1.923117252122858,1.2083939225776437,1.0382123387228022
IPSL-CM6A-LR,tos,CRPS,2007,0.2138455708821614,2.844189723332723,1.46188751856486,0.1297238667805989
KACE-1-0-G,clt,CRPS,2007,12.164785027682134,12.09582007346682,12.233749981897452,12.790766040102652
KACE-1-0-G,od550aer,CRPS,2007,0.0799452122936824,0.1074234755705185,0.0557761442489833,0.080365639721761
KACE-1-0-G,pr,CRPS,2007,1.517312811022758e-05,1.5267444152065195e-05,1.5078812068389969e-05,2.284230595478006e-05
KACE-1-0-G,tas,CRPS,2007,1.5102175965350524,1.6204105331830554,1.3992520918446127,1.0488058493364931
MIROC6,clt,CRPS,2007,11.231924942532274,11.244508892857768,11.219340253914616,10.586134422868104
MIROC6,pr,CRPS,2007,1.367129169994836e-05,1.3923868215116272e-05,1.3418714301757789e-05,1.8756530781061665e-05
MIROC6,tas,CRPS,2007,1.981968552607438,2.00519765884876,1.9585278201889305,1.1760859956297642
MIROC6,tos,CRPS,2007,0.201428731282552,0.1346666812896728,0.3234848976135254,0.269876480102539
MPI-ESM1-2-LR,clt,CRPS,2007,11.47149468815087,10.802208393758832,12.140768643994418,12.19149282450519
MPI-ESM1-2-LR,od550aer,CRPS,2007,0.0715339245196014,0.0848049421234988,0.0594961484692475,0.0882234509304467
MPI-ESM1-2-LR,pr,CRPS,2007,1.4469511362016445e-05,1.5087409139618276e-05,1.385159859835142e-05,2.1281363381913185e-05
MPI-ESM1-2-LR,tas,CRPS,2007,1.4879845334139048,1.5654891946182294,1.4101889444592306,1.0344575824825004
MPI-ESM1-2-LR,tos,CRPS,2007,3.654600222905477,3.95645542939504,3.341601610183716,0.7728605270385742
MRI-ESM2-0,pr,CRPS,2007,1.4733777408590123e-05,1.496533997751438e-05,1.4502226531682164e-05,2.248096670447675e-05
MRI-ESM2-0,tas,CRPS,2007,1.429550316374716,1.6304406193386602,1.2272855535209717,1.0031826334501357
NorESM2-LM,clt,CRPS,2007,12.14399336728539,11.52313101102603,12.764844538353929,12.009631148372184
NorESM2-LM,pr,CRPS,2007,1.2936992342289766e-05,1.2417907641179224e-05,1.345606512782002e-05,1.876611792382778e-05
NorESM2-LM,tas,CRPS,2007,1.3806766294550965,1.444666158189862,1.3171621184243048,0.8974792959709545
NorESM2-LM,tos,CRPS,2007,2.7638679345448813,3.6009252071380615,2.15427835782369,1.4177692731221516
ACCESS-CM2,clt,CRPS,2008,12.335976291702924,12.443283967040845,12.228668630482415,12.74004358613078
ACCESS-CM2,pr,CRPS,2008,1.5139956103480787e-05,1.4950310615591446e-05,1.5329601566420347e-05,2.309499554916186e-05
ACCESS-CM2,tas,CRPS,2008,1.4896954648945435,1.6629701977365692,1.3132238382919932,1.000669674865146
ACCESS-CM2,tos,CRPS,2008,1.7571744124094646,1.5982035795847576,1.898319164911906,1.005435784657796
CESM2-WACCM,clt,CRPS,2008,11.141585700887092,11.510909669017291,10.77226361568173,11.861063455122668
CESM2-WACCM,od550aer,CRPS,2008,0.0664188499388787,0.0853065371894515,0.0491361255709912,0.0756224330421507
CESM2-WACCM,pr,CRPS,2008,1.345610947470066e-05,1.3816684783155749e-05,1.3095536513416624e-05,1.936502420953139e-05
CESM2-WACCM,tas,CRPS,2008,1.3602105250869052,1.5467878103309067,1.1711903489356816,0.958716306115497
CESM2-WACCM,tos,CRPS,2008,3.8564817110697422,4.597970485687256,3.2489471435546875,1.2023736635843914
CanESM5,clt,CRPS,2008,11.133703966995164,11.24917673806489,11.018229715980908,12.635308430862835
CanESM5,od550aer,CRPS,2008,0.0671588232945335,0.084422475540559,0.051140504981871,0.0767143657770422
CanESM5,pr,CRPS,2008,1.4588547389590898e-05,1.50171164480602e-05,1.4159976355465971e-05,2.287204081277907e-05
CanESM5,tas,CRPS,2008,1.5900384985445302,1.8878413850886957,1.2884232527294095,1.398602157337498
CanESM5,tos,CRPS,2008,0.3057185808817545,2.9779791831970215,1.392734130223592,1.0596125920613606
EC-Earth3-Veg,pr,CRPS,2008,1.3833218981049027e-05,1.4144457720238904e-05,1.3521985058097862e-05,2.072520245519702e-05
EC-Earth3-Veg,tas,CRPS,2008,1.7833992289016072,1.719131527092454,1.8497070037104368,1.0292491155743382
EC-Earth3-Veg-LR,clt,CRPS,2008,11.571291022800107,10.588757476903975,12.55382913597969,12.035764578158956
EC-Earth3-Veg-LR,pr,CRPS,2008,1.3695603627309815e-05,1.3824591702811856e-05,1.3566620957574827e-05,2.034317635852612e-05
EC-Earth3-Veg-LR,tas,CRPS,2008,1.9470480472746896,1.972304395729599,1.9215162062421016,1.2701150680512223
EC-Earth3-Veg-LR,tos,CRPS,2008,1.0325414339701335,2.471099774042765,0.562849998474121,0.6528650919596354
FGOALS-g3,clt,CRPS,2008,16.46411663780329,15.034948873242657,17.893284402363825,15.67923055987204
FGOALS-g3,pr,CRPS,2008,1.6219790260207874e-05,1.6793278715346914e-05,1.564630180506874e-05,2.445044212591105e-05
FGOALS-g3,tas,CRPS,2008,1.5560068244957037,1.930720558653573,1.1763552475800794,1.0096776006473156
FGOALS-g3,tos,CRPS,2008,0.6662367979685465,5.583786487579346,1.7448163827260337,0.7570915222167969
FIO-ESM-2-0,clt,CRPS,2008,10.94762569404224,10.417442350510653,11.477809037573849,11.637332158669777
FIO-ESM-2-0,pr,CRPS,2008,1.3698968666952936e-05,1.4150902754409526e-05,1.3247034579496385e-05,1.9982964227336585e-05
FIO-ESM-2-0,tas,CRPS,2008,1.3367275532224692,1.5345520455578157,1.1361761735715394,0.8393909307040087
FIO-ESM-2-0,tos,CRPS,2008,3.3940583864847818,3.9979774157206216,2.898465394973755,0.4086270332336426
GFDL-ESM4,pr,CRPS,2008,1.3350437384687612e-05,1.3882884765116476e-05,1.281799478082211e-05,1.990150938655569e-05
GFDL-ESM4,tas,CRPS,2008,1.3842341388896624,1.6051629486866126,1.1611290643467225,0.9759025376755668
GFDL-ESM4,tos,CRPS,2008,1.1014188130696614,0.6486177444458008,1.4132875601450603,0.4661115010579427
IPSL-CM6A-LR,clt,CRPS,2008,12.968181575134544,13.928314410672971,11.86940563744278,15.231822422798702
IPSL-CM6A-LR,od550aer,CRPS,2008,0.0863753845064426,0.1087464683027442,0.0644951606714603,0.1064596769635569
IPSL-CM6A-LR,pr,CRPS,2008,1.452965465847873e-05,1.4705049275546363e-05,1.4174752917025516e-05,2.1137196840925932e-05
IPSL-CM6A-LR,tas,CRPS,2008,1.5655420985121518,1.9544967588287292,1.181909102606612,1.0290250590730128
IPSL-CM6A-LR,tos,CRPS,2008,0.3171572685241699,2.92488964398702,1.3336656093597412,0.2700634002685546
KACE-1-0-G,clt,CRPS,2008,12.113810979809315,12.1795607966775,12.048061162941138,12.739348212918625
KACE-1-0-G,od550aer,CRPS,2008,0.0759105129360179,0.1034730291076392,0.0514902056744851,0.0755010747234447
KACE-1-0-G,pr,CRPS,2008,1.5304079482395534e-05,1.4990975036206412e-05,1.5617183928584663e-05,2.3168736765896785e-05
KACE-1-0-G,tas,CRPS,2008,1.57910196976532,1.702449263689248,1.4535194224608723,1.1498835116668562
MIROC6,clt,CRPS,2008,11.403682083599527,11.38341195710332,11.423951458339063,10.818719580480495
MIROC6,pr,CRPS,2008,1.3543963271615038e-05,1.3643105228958866e-05,1.344482042953063e-05,1.8672906725547997e-05
MIROC6,tas,CRPS,2008,2.0628479737618473,2.1478155915141808,1.9770886679400157,1.1606755338918613
MIROC6,tos,CRPS,2008,0.2228967348734537,0.170590321222941,0.33484681447347,0.2432618141174316
MPI-ESM1-2-LR,clt,CRPS,2008,11.685346791744593,11.229640071932216,12.141041032219013,12.784875312237718
MPI-ESM1-2-LR,od550aer,CRPS,2008,0.0712180549691911,0.0893681685953814,0.054617358666178,0.0848532751228087
MPI-ESM1-2-LR,pr,CRPS,2008,1.4685739612381593e-05,1.5316728414758704e-05,1.4054735601516345e-05,2.2085348710671435e-05
MPI-ESM1-2-LR,tas,CRPS,2008,1.4728661851752995,1.569326103949621,1.3756482813905642,1.017755879548501
MPI-ESM1-2-LR,tos,CRPS,2008,3.5854678948720298,3.842328270276388,3.3229055404663086,0.6832958857218424
MRI-ESM2-0,pr,CRPS,2008,1.5466244957936314e-05,1.5753899535063373e-05,1.5178602665807322e-05,2.4127599107502403e-05
MRI-ESM2-0,tas,CRPS,2008,1.5166704910574762,1.7579137492218846,1.273122635151697,1.128556724002696
NorESM2-LM,clt,CRPS,2008,12.37956958800509,11.81609781465292,12.94302995918962,12.60967014509891
NorESM2-LM,pr,CRPS,2008,1.3492908657455004e-05,1.325659458221896e-05,1.3729210305085595e-05,2.009538135551404e-05
NorESM2-LM,tas,CRPS,2008,1.3971395175675134,1.4989350319238082,1.295016492589026,0.9481664713166834
NorESM2-LM,tos,CRPS,2008,2.883632024129232,3.773366928100586,2.2335830529530845,1.6979163487752278
ACCESS-CM2,clt,CRPS,2009,12.14483063543309,11.96686371101932,12.322797536433512,12.186453236805075
ACCESS-CM2,pr,CRPS,2009,1.4624179083096796e-05,1.4378979971987766e-05,1.4869378161947396e-05,2.233179700685925e-05
ACCESS-CM2,tas,CRPS,2009,1.391917829116398,1.549629379507521,1.2327312433362536,0.9106822460098052
ACCESS-CM2,tos,CRPS,2009,1.7134583791097004,1.6181405385335286,1.7984124024709065,0.8795574506123861
CESM2-WACCM,clt,CRPS,2009,10.97999073369214,11.696462605673988,10.263520415874044,11.073206071972844
CESM2-WACCM,od550aer,CRPS,2009,0.0649428736456415,0.0844869870663583,0.0468508813115779,0.0751177413521263
CESM2-WACCM,pr,CRPS,2009,1.2827630400734312e-05,1.360733654299152e-05,1.2047926123191132e-05,1.794793873484796e-05
CESM2-WACCM,tas,CRPS,2009,1.3350506050902191,1.47747178330063,1.1913558980190997,0.8488132167141705
CESM2-WACCM,tos,CRPS,2009,3.710328181584676,4.527818441390991,3.0374244848887124,0.7832013765970866
CanESM5,clt,CRPS,2009,11.040252426090367,11.243967099099732,10.836536273821856,12.253139693520238
CanESM5,od550aer,CRPS,2009,0.0665069531931907,0.0831496763560066,0.0505351345442955,0.0737425157522384
CanESM5,pr,CRPS,2009,1.4134139367131914e-05,1.4199545198607054e-05,1.4068731667561033e-05,2.1879824608734623e-05
CanESM5,tas,CRPS,2009,1.5775549454058444,1.872008193338137,1.280640761315871,1.3166127764065605
CanESM5,tos,CRPS,2009,0.2968188126881917,3.0141597588857016,1.4419681231180828,0.9894903500874838
EC-Earth3-Veg,pr,CRPS,2009,1.3014616512314466e-05,1.3430141068691324e-05,1.2599096592104214e-05,1.898841683209542e-05
EC-Earth3-Veg,tas,CRPS,2009,1.7161676753488233,1.647084709418419,1.787238494952618,1.0496724872042895
EC-Earth3-Veg-LR,clt,CRPS,2009,11.475369927816756,10.596587886955303,12.354156498100815,11.752856681729456
EC-Earth3-Veg-LR,pr,CRPS,2009,1.3267082511617534e-05,1.364456410644397e-05,1.288960615341735e-05,1.9531981616351967e-05
EC-Earth3-Veg-LR,tas,CRPS,2009,1.9620338425745296,1.9798279026051144,1.9445550295698455,1.4270241598604896
EC-Earth3-Veg-LR,tos,CRPS,2009,0.9927539825439452,2.4370622634887695,0.5586110750834147,0.4460503260294596
FGOALS-g3,clt,CRPS,2009,16.292277607813,14.63367776066188,17.95087745496402,15.12665473349744
FGOALS-g3,pr,CRPS,2009,1.5559186158869178e-05,1.6136292451572236e-05,1.4982079866166037e-05,2.316820850897084e-05
FGOALS-g3,tas,CRPS,2009,1.5042211281366786,1.8799992847561295,1.1241792560876094,0.9101066996104769
FGOALS-g3,tos,CRPS,2009,0.6292358239491781,5.599079688390096,1.8210864861806233,0.6219582557678223
FIO-ESM-2-0,clt,CRPS,2009,10.971835469513882,10.318987429968866,11.624683509058915,11.26843528912052
FIO-ESM-2-0,pr,CRPS,2009,1.3168420117894276e-05,1.355157954065524e-05,1.278526069513334e-05,1.870759280016098e-05
FIO-ESM-2-0,tas,CRPS,2009,1.3207096006640553,1.5312459750851273,1.108364191590984,0.7812189349974709
FIO-ESM-2-0,tos,CRPS,2009,3.3754537105560303,4.035784482955933,2.830669562021891,0.3066299756368001
GFDL-ESM4,pr,CRPS,2009,1.3191735497895818e-05,1.359818773243659e-05,1.2785287896543694e-05,1.9487819196324485e-05
GFDL-ESM4,tas,CRPS,2009,1.392426048023166,1.6186603725974835,1.1648654970417514,0.9714899397483188
GFDL-ESM4,tos,CRPS,2009,1.1414175828297932,0.6175712744394938,1.5143791834513347,0.3388468424479167
IPSL-CM6A-LR,clt,CRPS,2009,12.51214867225971,13.583198895227634,11.36826887132962,14.281278590973194
IPSL-CM6A-LR,od550aer,CRPS,2009,0.088114251759193,0.1136482303722312,0.06322180507922,0.1074689118716947
IPSL-CM6A-LR,pr,CRPS,2009,1.3933295803902344e-05,1.4120204070042208e-05,1.3519920132887273e-05,1.960310109194515e-05
IPSL-CM6A-LR,tas,CRPS,2009,1.5061034036296583,1.8775090515061803,1.147402960840045,0.8853256450370632
IPSL-CM6A-LR,tos,CRPS,2009,0.4832518895467122,3.2096649010976157,1.2516982555389404,0.5922792752583822
KACE-1-0-G,clt,CRPS,2009,11.672906403021544,11.64710331601144,11.698709490031645,11.674693846959372
KACE-1-0-G,od550aer,CRPS,2009,0.0744257285281496,0.0992926343687468,0.0527826658032487,0.0795646213332551
KACE-1-0-G,pr,CRPS,2009,1.4022061982656226e-05,1.3974200376928665e-05,1.4069923588383792e-05,2.0434644513860818e-05
KACE-1-0-G,tas,CRPS,2009,1.4464221828590669,1.5555091944868418,1.335912124987015,0.9264819723476504
MIROC6,clt,CRPS,2009,11.349291354319028,11.18848596250948,11.510095988703137,10.16731595350304
MIROC6,pr,CRPS,2009,1.4156461813049932e-05,1.4368335213335377e-05,1.394458749513658e-05,2.0116940756631164e-05
MIROC6,tas,CRPS,2009,1.9669500338927195,2.0313409546274923,1.9011570487651364,1.137940294253342
MIROC6,tos,CRPS,2009,0.2152036825815836,0.2079424063364664,0.2018926938374836,0.3037093480428059
MPI-ESM1-2-LR,clt,CRPS,2009,11.805837558913725,11.191334896940573,12.42032755204776,12.4399334803149
MPI-ESM1-2-LR,od550aer,CRPS,2009,0.0702353994986803,0.08670737201011,0.0549258251093109,0.0838679749910625
MPI-ESM1-2-LR,pr,CRPS,2009,1.4039614968143268e-05,1.4286768764012676e-05,1.3792446492364515e-05,2.0315277535460354e-05
MPI-ESM1-2-LR,tas,CRPS,2009,1.4749868806636934,1.5586435082057726,1.390888003514366,0.971912156060113
MPI-ESM1-2-LR,tos,CRPS,2009,3.6604432264963784,3.902220845222473,3.402097384134928,0.7948942184448242
MRI-ESM2-0,pr,CRPS,2009,1.5521670197959198e-05,1.541092181372266e-05,1.563243080611213e-05,2.4323621351603013e-05
MRI-ESM2-0,tas,CRPS,2009,1.4734158473138117,1.6975827629897915,1.2477337694352133,1.0003939073071804
NorESM2-LM,clt,CRPS,2009,12.485334039126634,12.07530653196443,12.895350046707152,12.230587704414942
NorESM2-LM,pr,CRPS,2009,1.3284136553354231e-05,1.3497371851484788e-05,1.3070889019907187e-05,1.9852714491903165e-05
NorESM2-LM,tas,CRPS,2009,1.3722468229264424,1.5189707369227945,1.2249578993986308,0.8561380530136092
NorESM2-LM,tos,CRPS,2009,2.763709783554077,3.687522013982137,2.0802711645762124,1.3962904612223308
ACCESS-CM2,clt,CRPS,2010,12.29195920000766,12.154007390601288,12.429910991265071,12.494408115609492
ACCESS-CM2,pr,CRPS,2010,1.579216960635224e-05,1.5649114550106138e-05,1.5935224643778e-05,2.489237975730056e-05
ACCESS-CM2,tas,CRPS,2010,1.5074715400877217,1.6838513534700477,1.3291722047079777,1.0049237512127165
ACCESS-CM2,tos,CRPS,2010,1.790202220280965,1.6472763220469158,1.918380896250407,1.0108771324157717
CESM2-WACCM,clt,CRPS,2010,11.189230747524308,11.863739425374623,10.51472370101636,11.591291804870536
CESM2-WACCM,od550aer,CRPS,2010,0.0653292770392641,0.0844747411654413,0.0479504201500618,0.0757952352891059
CESM2-WACCM,pr,CRPS,2010,1.313899903707681e-05,1.398562705937807e-05,1.2292372883707644e-05,1.8439053540339067e-05
CESM2-WACCM,tas,CRPS,2010,1.4011595346681716,1.6175558075714436,1.182739018322129,0.8749770390541749
CESM2-WACCM,tos,CRPS,2010,3.721607049306234,4.552951733271281,3.037445863087972,0.8901217778523763
CanESM5,clt,CRPS,2010,11.539957742784209,11.723745565037907,11.356168378151589,13.13420387496643
CanESM5,od550aer,CRPS,2010,0.0663656692953989,0.0785869151056256,0.0547251066516576,0.0767899757113469
CanESM5,pr,CRPS,2010,1.545089905404465e-05,1.577429481622523e-05,1.512750121659387e-05,2.4667597035393996e-05
CanESM5,tas,CRPS,2010,1.653611292382393,2.0180711214339593,1.2855869636673405,1.4675198982112816
CanESM5,tos,CRPS,2010,0.3818725744883219,3.161722262700399,1.3968759377797444,1.204500675201416
EC-Earth3-Veg,pr,CRPS,2010,1.4859061011390064e-05,1.5323992258818777e-05,1.4394135049061248e-05,2.3023642005181828e-05
EC-Earth3-Veg,tas,CRPS,2010,1.9131044133803297,1.8544698671335231,1.974016331327646,1.3334717483516991
EC-Earth3-Veg-LR,clt,CRPS,2010,12.300677480502136,11.295354182330442,13.30600563385209,13.49609974759179
EC-Earth3-Veg-LR,pr,CRPS,2010,1.5008109514660382e-05,1.5067035132946396e-05,1.4949189820198256e-05,2.341903056371771e-05
EC-Earth3-Veg-LR,tas,CRPS,2010,2.074218367765036,2.0848637733144155,2.0641655132895287,1.555282475514372
EC-Earth3-Veg-LR,tos,CRPS,2010,1.0453440348307292,2.498194138209025,0.5045881271362305,0.5878415107727051
FGOALS-g3,clt,CRPS,2010,16.911252161219572,15.11890999385078,18.703594328588256,16.278610570171285
FGOALS-g3,pr,CRPS,2010,1.681853512400269e-05,1.760682986468215e-05,1.6030240383323135e-05,2.5746728135843785e-05
FGOALS-g3,tas,CRPS,2010,1.5502006397394137,1.9070093657958285,1.1894096913653138,1.0594544427946782
FGOALS-g3,tos,CRPS,2010,0.6011951764424642,5.610540151596069,1.840537389119466,0.6610415776570638
FIO-ESM-2-0,clt,CRPS,2010,11.508524285795197,10.825504622425605,12.19154394916481,12.566137450327483
FIO-ESM-2-0,pr,CRPS,2010,1.4724415597997954e-05,1.4842246137242987e-05,1.460658505875296e-05,2.2043990925754702e-05
FIO-ESM-2-0,tas,CRPS,2010,1.4378763875200529,1.6593123712547078,1.2144329867753367,1.00651793779688
FIO-ESM-2-0,tos,CRPS,2010,3.392519474029541,4.08670957883199,2.819852352142334,0.3576798439025879
GFDL-ESM4,pr,CRPS,2010,1.461591756064098e-05,1.4793468334478245e-05,1.4438371722798645e-05,2.2818467548866655e-05
GFDL-ESM4,tas,CRPS,2010,1.441927833691618,1.6380245153176949,1.2439928916959009,1.1174428992083856
GFDL-ESM4,tos,CRPS,2010,1.1125357151031494,0.6217113335927328,1.4581974347432454,0.3804586728413899
IPSL-CM6A-LR,clt,CRPS,2010,12.690583260365436,13.892884064746797,11.37826942515738,14.542976045885927
IPSL-CM6A-LR,od550aer,CRPS,2010,0.0864729186218919,0.1055486332714893,0.0680842460192894,0.1091463417949369
IPSL-CM6A-LR,pr,CRPS,2010,1.4569296657079063e-05,1.4723328459711376e-05,1.4199599569137644e-05,2.1268010629420816e-05
IPSL-CM6A-LR,tas,CRPS,2010,1.5335299179366717,1.9067659663340233,1.1693961210470083,0.9962948356437628
IPSL-CM6A-LR,tos,CRPS,2010,0.394501527150472,3.0661730766296387,1.307047923405965,0.4500552813212077
KACE-1-0-G,clt,CRPS,2010,11.91827827714259,11.72627134615898,12.110285208126204,12.281030649082822
KACE-1-0-G,od550aer,CRPS,2010,0.0786857695857039,0.1027324119082143,0.0576634022064503,0.0808342914112082
KACE-1-0-G,pr,CRPS,2010,1.526759121271892e-05,1.5020224064457836e-05,1.551495836098001e-05,2.355861200785658e-05
KACE-1-0-G,tas,CRPS,2010,1.473265427806551,1.5874199647296343,1.3581506164675368,0.998678119195755
MIROC6,clt,CRPS,2010,11.76629917144003,11.903564512879475,11.62903306474845,10.779095240632666
MIROC6,pr,CRPS,2010,1.488168165272714e-05,1.5140081758579005e-05,1.4623280584585758e-05,2.1473145983149196e-05
MIROC6,tas,CRPS,2010,2.0034415621370347,1.992040295224008,2.0151915168758148,1.2098504975219802
MIROC6,tos,CRPS,2010,0.1163028875986734,0.2017355759938557,0.0985414187113443,0.2668811480204264
MPI-ESM1-2-LR,clt,CRPS,2010,12.377590329252511,11.737099827039732,13.018067550567492,13.618596028028934
MPI-ESM1-2-LR,od550aer,CRPS,2010,0.071878122072368,0.0850173518248585,0.0601198639267588,0.088127026269825
MPI-ESM1-2-LR,pr,CRPS,2010,1.533709862564723e-05,1.58138673655278e-05,1.4860313930815623e-05,2.3355941321826065e-05
MPI-ESM1-2-LR,tas,CRPS,2010,1.5605515913335124,1.6542298823000576,1.4668765639767285,1.1347756855483475
MPI-ESM1-2-LR,tos,CRPS,2010,3.6581159432729087,3.9157180786132817,3.382954756418864,0.6971309979756674
MRI-ESM2-0,pr,CRPS,2010,1.5487782241325475e-05,1.5691959214939187e-05,1.5283617547745514e-05,2.4737504069061153e-05
MRI-ESM2-0,tas,CRPS,2010,1.4538230924897366,1.6495523028598624,1.2571735514061078,1.0297072655444186
NorESM2-LM,clt,CRPS,2010,12.596712916384677,12.274882831897584,12.918531398704893,12.569526660265796
NorESM2-LM,pr,CRPS,2010,1.4114234083979169e-05,1.4044540686071597e-05,1.418391448201126e-05,2.161401577685425e-05
NorESM2-LM,tas,CRPS,2010,1.438814728527002,1.6161356992861045,1.26058704281805,0.968879976360522
NorESM2-LM,tos,CRPS,2010,2.736664613087972,3.669679880142212,2.046574831008911,1.41553529103597
ACCESS-CM2,clt,CRPS,2011,12.643438003068756,12.677151848204456,12.609724162368453,12.79663110505068
ACCESS-CM2,pr,CRPS,2011,1.5239923996109835e-05,1.5304649208002167e-05,1.5175198792732765e-05,2.335433914756991e-05
ACCESS-CM2,tas,CRPS,2011,1.5199199610783796,1.7321650678510003,1.3051973398056484,1.088753168955064
ACCESS-CM2,tos,CRPS,2011,1.8262464205423992,1.7243906656901042,1.9166582425435383,1.2055474917093914
CESM2-WACCM,clt,CRPS,2011,11.502021144425592,12.01354262894705,10.990501492356694,12.118934713607064
CESM2-WACCM,od550aer,CRPS,2011,0.0668357290632297,0.086348324534387,0.0488540098445524,0.0772121133842961
CESM2-WACCM,pr,CRPS,2011,1.2947606754803224e-05,1.3822311574106196e-05,1.2072903742651172e-05,1.874485258634965e-05
CESM2-WACCM,tas,CRPS,2011,1.4119413262689149,1.648688299667813,1.1723959431412465,1.016887433541927
CESM2-WACCM,tos,CRPS,2011,3.92290711402893,4.790623108545939,3.2092140515645347,1.3501728375752766
CanESM5,clt,CRPS,2011,11.21603783400182,11.293846748483393,11.138227433698924,12.606034211980583
CanESM5,od550aer,CRPS,2011,0.0716516906646558,0.0872577653556314,0.0570371276458517,0.0837156126527352
CanESM5,pr,CRPS,2011,1.4612863837408816e-05,1.5471361673677577e-05,1.3754363965723816e-05,2.3042453152248107e-05
CanESM5,tas,CRPS,2011,1.6427291457229165,1.9595186164170049,1.3228514351230751,1.5625734168641332
CanESM5,tos,CRPS,2011,0.4170048236846924,3.18631903330485,1.3554027080535889,1.3320353825887044
EC-Earth3-Veg,pr,CRPS,2011,1.3909744771565326e-05,1.4188873880808786e-05,1.3630620476271516e-05,2.0733897786665255e-05
EC-Earth3-Veg,tas,CRPS,2011,1.8312912125137213,1.7404611338921114,1.923636841766628,1.168301168226882
EC-Earth3-Veg-LR,clt,CRPS,2011,11.7622079352506,10.57917145669878,12.94524905644234,12.063381801699832
EC-Earth3-Veg-LR,pr,CRPS,2011,1.388775929662713e-05,1.4108095345912338e-05,1.3667428728954397e-05,2.0667563862253263e-05
EC-Earth3-Veg-LR,tas,CRPS,2011,1.9766655717228825,1.99708176698641,1.9562522811467031,1.349508747274138
EC-Earth3-Veg-LR,tos,CRPS,2011,1.13291597366333,2.583920955657959,0.567577600479126,0.8236303329467773
FGOALS-g3,clt,CRPS,2011,16.775298387868926,15.41377496384449,18.136821811893252,16.113871266640974
FGOALS-g3,pr,CRPS,2011,1.6236421025091616e-05,1.712158350958839e-05,1.5351258540594762e-05,2.4729918553369743e-05
FGOALS-g3,tas,CRPS,2011,1.60554614981132,1.9797284632759489,1.2275210027889971,1.0627643436132443
FGOALS-g3,tos,CRPS,2011,0.6628046035766602,5.656687180201213,1.7485965092976887,0.899317741394043
FIO-ESM-2-0,clt,CRPS,2011,11.293059955771492,10.575564892861568,12.010555018681435,12.064577097625872
FIO-ESM-2-0,pr,CRPS,2011,1.3966326424912131e-05,1.4342389516199015e-05,1.3590263333625288e-05,2.0628686831439033e-05
FIO-ESM-2-0,tas,CRPS,2011,1.394611463401531,1.6274496749197898,1.1595848243398532,0.9030013684053833
FIO-ESM-2-0,tos,CRPS,2011,3.452941338221232,4.1148873170216875,2.907499154408773,0.5490905443827311
GFDL-ESM4,pr,CRPS,2011,1.3392114263147477e-05,1.3884247605049668e-05,1.2899985682344647e-05,1.9856278988779247e-05
GFDL-ESM4,tas,CRPS,2011,1.4172999104927897,1.6416832111356563,1.1910046378656167,0.9917048521597612
GFDL-ESM4,tos,CRPS,2011,1.0475753943125408,0.570590098698934,1.3818186124165852,0.6126963297526041
IPSL-CM6A-LR,clt,CRPS,2011,12.98262681126763,14.046106194171186,11.790962992089684,15.14248053298514
IPSL-CM6A-LR,od550aer,CRPS,2011,0.09067134748463,0.112876299505665,0.0683854057944891,0.1137666881693386
IPSL-CM6A-LR,pr,CRPS,2011,1.484539459075095e-05,1.52308594327447e-05,1.4211703394483248e-05,2.184946754182486e-05
IPSL-CM6A-LR,tas,CRPS,2011,1.5048570932547525,1.8348016938122016,1.183991586144519,0.9590242841426708
IPSL-CM6A-LR,tos,CRPS,2011,0.3687175114949544,3.0461299419403076,1.3358792463938396,0.5138176282246908
KACE-1-0-G,clt,CRPS,2011,12.223330646964078,12.242051684783888,12.20460960914427,12.583309988905205
KACE-1-0-G,od550aer,CRPS,2011,0.0709670355012521,0.0952065113627707,0.0498354801245534,0.0749660610145583
KACE-1-0-G,pr,CRPS,2011,1.4912790005261725e-05,1.4822542830296714e-05,1.5003037180226735e-05,2.231823857986639e-05
KACE-1-0-G,tas,CRPS,2011,1.532850417798978,1.6322096706989229,1.4319814493813257,1.0959789544099077
MIROC6,clt,CRPS,2011,11.655092332106344,11.687816813012,11.62236708638722,10.948262883101885
MIROC6,pr,CRPS,2011,1.3793017129650108e-05,1.4190965764350818e-05,1.339506761348281e-05,1.930202937251098e-05
MIROC6,tas,CRPS,2011,2.018371002024681,2.060758166116665,1.9752526340952803,1.2091332394323837
MIROC6,tos,CRPS,2011,0.1671056747436523,0.1251447995503743,0.2856169541676839,0.2594873110453287
MPI-ESM1-2-LR,clt,CRPS,2011,12.255300039820003,11.689717467020447,12.82086949000575,13.49624459041876
MPI-ESM1-2-LR,od550aer,CRPS,2011,0.0745300450372186,0.090567506778829,0.0595623480187928,0.0915850234169003
MPI-ESM1-2-LR,pr,CRPS,2011,1.5199850412849744e-05,1.5790343626087606e-05,1.4609341434010068e-05,2.303058886919173e-05
MPI-ESM1-2-LR,tas,CRPS,2011,1.594767541928163,1.6874425914031932,1.5016863942255851,1.1490642302321183
MPI-ESM1-2-LR,tos,CRPS,2011,3.5634034474690757,3.802671670913696,3.3114291032155356,0.4186110496520996
MRI-ESM2-0,pr,CRPS,2011,1.512576205316985e-05,1.579245140661315e-05,1.4459084815680614e-05,2.356212998122437e-05
MRI-ESM2-0,tas,CRPS,2011,1.5177548155916032,1.6991681050998542,1.3350908936861987,1.1211802404598592
NorESM2-LM,clt,CRPS,2011,12.65543003687924,12.096328577193011,13.21451984031735,12.652227919205606
NorESM2-LM,pr,CRPS,2011,1.392212977654918e-05,1.3995128046210488e-05,1.3849118683949523e-05,2.129429480438121e-05
NorESM2-LM,tas,CRPS,2011,1.4225830469694871,1.5530545325988565,1.291249415697305,0.9912333056677922
NorESM2-LM,tos,CRPS,2011,2.8096913496653237,3.7467917601267495,2.115830421447754,1.6266137758890789
ACCESS-CM2,clt,CRPS,2012,11.976796629932217,12.09252495022293,11.861068324866734,12.162593406597756
ACCESS-CM2,pr,CRPS,2012,1.4797910173689984e-05,1.4578164843265294e-05,1.501765547520495e-05,2.227426162754305e-05
ACCESS-CM2,tas,CRPS,2012,1.5459003491931058,1.7193176715169125,1.3696449009457663,1.0438178487027587
ACCESS-CM2,tos,CRPS,2012,1.875235080718994,1.685519456863403,2.044550577799479,1.2541235287984211
CESM2-WACCM,clt,CRPS,2012,11.314908251261132,11.935843477674473,10.693974726806712,12.049864532415135
CESM2-WACCM,od550aer,CRPS,2012,0.068591841966167,0.0898140082785633,0.0490773601954571,0.0773463106373105
CESM2-WACCM,pr,CRPS,2012,1.3315945737216873e-05,1.424165861577695e-05,1.2390234694877736e-05,1.954698381649891e-05
CESM2-WACCM,tas,CRPS,2012,1.473594597322636,1.7254863943798118,1.218333377095705,1.098167747478991
CESM2-WACCM,tos,CRPS,2012,4.0165665944417315,4.8122546672821045,3.3639989693959556,1.517060915629069
CanESM5,clt,CRPS,2012,11.19558300679345,11.4244361438252,10.966728366760009,12.510198085138311
CanESM5,od550aer,CRPS,2012,0.0743529009879016,0.0964235774286211,0.0536043783642821,0.0826377331317125
CanESM5,pr,CRPS,2012,1.4344844214394814e-05,1.5057360076535042e-05,1.3632326371304503e-05,2.2598529469901556e-05
CanESM5,tas,CRPS,2012,1.608900781163827,1.9449426482306944,1.2689508746298996,1.4497867143559322
CanESM5,tos,CRPS,2012,0.3697700500488281,3.118965228398641,1.38218887646993,1.2044254938761394
EC-Earth3-Veg,pr,CRPS,2012,1.3703471825182873e-05,1.3946159070178336e-05,1.3460789295123995e-05,2.077898243908876e-05
EC-Earth3-Veg,tas,CRPS,2012,1.836827313421885,1.7498951106153973,1.92660933333658,1.070014785721202
EC-Earth3-Veg-LR,clt,CRPS,2012,11.638581322142825,10.782122484764008,12.49504475336512,12.172156678384178
EC-Earth3-Veg-LR,pr,CRPS,2012,1.3664726586482622e-05,1.3854786628193152e-05,1.347467193835172e-05,2.0409130019687617e-05
EC-Earth3-Veg-LR,tas,CRPS,2012,1.944982947020378,1.9132242335741272,1.9778989677676675,1.2720883698718777
EC-Earth3-Veg-LR,tos,CRPS,2012,1.1509945392608645,2.61402161916097,0.5931642055511475,0.8367807070414225
FGOALS-g3,clt,CRPS,2012,16.334870133416228,14.969641911634676,17.700098355197678,15.276501966519634
FGOALS-g3,pr,CRPS,2012,1.4966858610912146e-05,1.6205918476403055e-05,1.372779874542116e-05,2.206568250395685e-05
FGOALS-g3,tas,CRPS,2012,1.5271706352503729,1.964858508115115,1.0844543977131582,0.917664390106968
FGOALS-g3,tos,CRPS,2012,0.6593203544616699,5.534827629725139,1.803791681925456,0.696479320526123
FIO-ESM-2-0,clt,CRPS,2012,10.850819399077023,10.325291459238375,11.376347338915688,11.161239148653609
FIO-ESM-2-0,pr,CRPS,2012,1.3642324618306608e-05,1.4484571623185632e-05,1.2800077613427623e-05,2.0138585312636066e-05
FIO-ESM-2-0,tas,CRPS,2012,1.3241333062660952,1.5584263174590962,1.0869643929091368,0.8120164764806205
FIO-ESM-2-0,tos,CRPS,2012,3.394992192586263,3.9960219860076904,2.9015633265177407,0.45975128809611
GFDL-ESM4,pr,CRPS,2012,1.3265575032081983e-05,1.4032898618846203e-05,1.2498256363931626e-05,1.9928747510439015e-05
GFDL-ESM4,tas,CRPS,2012,1.4207474497926216,1.6838309981097497,1.1551824172770202,0.9531111760542004
GFDL-ESM4,tos,CRPS,2012,1.0870872338612874,0.6196577548980713,1.4104358355204265,0.6053681373596191
IPSL-CM6A-LR,clt,CRPS,2012,12.948021496466495,14.020060792214158,11.716471553875456,15.104823884925551
IPSL-CM6A-LR,od550aer,CRPS,2012,0.0908773086152581,0.1134528806145532,0.0684757512341351,0.111599653150108
IPSL-CM6A-LR,pr,CRPS,2012,1.4350325147218443e-05,1.469157276945262e-05,1.3736420165562016e-05,2.0890927546154333e-05
IPSL-CM6A-LR,tas,CRPS,2012,1.5265945705838246,1.864070384549432,1.1993316222228174,0.9577701443633752
IPSL-CM6A-LR,tos,CRPS,2012,0.4210710525512695,3.0934653282165527,1.2711786429087322,0.5609920819600424
KACE-1-0-G,clt,CRPS,2012,11.787256632787845,12.024786292722784,11.5497269728529,11.82111231896227
KACE-1-0-G,od550aer,CRPS,2012,0.0769768216343012,0.1039289110594277,0.0528880596942343,0.0765842791948425
KACE-1-0-G,pr,CRPS,2012,1.4116533231912716e-05,1.4365338152176528e-05,1.3867728311648908e-05,2.0716608969701346e-05
KACE-1-0-G,tas,CRPS,2012,1.5320113726964235,1.6968190692669192,1.3654401503080458,1.0132276140204448
MIROC6,clt,CRPS,2012,11.583070161582222,11.627167973846204,11.53897158999264,11.115805860806525
MIROC6,pr,CRPS,2012,1.3987595541619198e-05,1.416954732030228e-05,1.3805642854451504e-05,1.987856531097815e-05
MIROC6,tas,CRPS,2012,2.0554956442701378,2.1128083788785563,1.997296601902909,1.2334556731744497
MIROC6,tos,CRPS,2012,0.2254300912221273,0.160852829615275,0.3491190274556477,0.391936461130778
MPI-ESM1-2-LR,clt,CRPS,2012,11.652634380940148,11.217134304091651,12.088122020858007,12.59985810665058
MPI-ESM1-2-LR,od550aer,CRPS,2012,0.0758957760213153,0.0951504009084585,0.0580554926580922,0.090020580617484
MPI-ESM1-2-LR,pr,CRPS,2012,1.4670618695947224e-05,1.5220279129137752e-05,1.4120943038083206e-05,2.215595595968154e-05
MPI-ESM1-2-LR,tas,CRPS,2012,1.5593410397416878,1.6511611233753138,1.467323400284994,1.0793239721624932
MPI-ESM1-2-LR,tos,CRPS,2012,3.611007531483968,3.8994624614715576,3.3117499351501465,0.5414592425028483
MRI-ESM2-0,pr,CRPS,2012,1.4740386085239096e-05,1.519776294753794e-05,1.4283020979594044e-05,2.2885687119648755e-05
MRI-ESM2-0,tas,CRPS,2012,1.4825568130761977,1.7147531493279349,1.2485419423451576,1.051259340459837
NorESM2-LM,clt,CRPS,2012,12.406812348578732,11.977512754887684,12.836100515010274,12.06443075679308
NorESM2-LM,pr,CRPS,2012,1.3211651383099057e-05,1.352766667647029e-05,1.2895623921173602e-05,1.969839364761943e-05
NorESM2-LM,tas,CRPS,2012,1.3929950568490317,1.5669585710207394,1.2181560494534136,0.8560555515600371
NorESM2-LM,tos,CRPS,2012,2.7370659510294595,3.652251323064168,2.0631235440572104,1.4705748558044434
ACCESS-CM2,clt,CRPS,2013,12.009515895346162,12.063786877111754,11.955244920720467,11.954024167705448
ACCESS-CM2,pr,CRPS,2013,1.4958620229190464e-05,1.5275164475711136e-05,1.4642076024314397e-05,2.3124165601083e-05
ACCESS-CM2,tas,CRPS,2013,1.4737621009405892,1.6415834675839427,1.303796139437564,0.9872497500538868
ACCESS-CM2,tos,CRPS,2013,1.7860795656840007,1.5928134123484294,1.9580517609914143,1.1011667251586914
CESM2-WACCM,clt,CRPS,2013,10.777069451734103,11.098508245548118,10.455632509858702,10.91369200645631
CESM2-WACCM,od550aer,CRPS,2013,0.0639478485295448,0.0814671467289144,0.047884062250905,0.0740583685871749
CESM2-WACCM,pr,CRPS,2013,1.2932656279835696e-05,1.3373987384472716e-05,1.2491327350007742e-05,1.868278245303126e-05
CESM2-WACCM,tas,CRPS,2013,1.3945169510462152,1.601136441140781,1.185606570774499,0.9570076193019578
CESM2-WACCM,tos,CRPS,2013,3.948628425598145,4.667962869008382,3.359992583592733,1.3912591934204102
CanESM5,clt,CRPS,2013,11.101285465485432,11.246813647322616,10.955755804014608,12.506052362515533
CanESM5,od550aer,CRPS,2013,0.0689704049126189,0.0869553389878971,0.051922099324043,0.0791304149004795
CanESM5,pr,CRPS,2013,1.4255602261811796e-05,1.4721498953346017e-05,1.3789703633513466e-05,2.2303697386369793e-05
CanESM5,tas,CRPS,2013,1.605705948800009,1.9324342406175945,1.2754331371000145,1.450191129304276
CanESM5,tos,CRPS,2013,0.4102621078491211,3.191999673843384,1.3594131469726562,1.2498647371927898
EC-Earth3-Veg,pr,CRPS,2013,1.3658136611703509e-05,1.4121764405856942e-05,1.3194513706523306e-05,2.071261521216047e-05
EC-Earth3-Veg,tas,CRPS,2013,1.763259382077152,1.6882101471989062,1.8404868532738143,1.1060586322892771
EC-Earth3-Veg-LR,clt,CRPS,2013,11.433230704483618,10.529196181993631,12.337269739763512,11.99876304739866
EC-Earth3-Veg-LR,pr,CRPS,2013,1.3800298463419686e-05,1.411714492984043e-05,1.3483457444089902e-05,2.0855350431014315e-05
EC-Earth3-Veg-LR,tas,CRPS,2013,1.9011564998126245,1.867757481196531,1.935602576171453,1.311879915705107
EC-Earth3-Veg-LR,tos,CRPS,2013,1.1280797322591145,2.5985263188680015,0.5513324737548828,0.792711098988851
FGOALS-g3,clt,CRPS,2013,16.532775907071205,15.05873796095432,18.006813853187992,15.546244498849603
FGOALS-g3,pr,CRPS,2013,1.566362587875025e-05,1.7024074966506196e-05,1.4303176790994225e-05,2.3508534417961587e-05
FGOALS-g3,tas,CRPS,2013,1.5103689484402467,1.9094648605834588,1.106426236167291,0.9510074048652336
FGOALS-g3,tos,CRPS,2013,0.6259760061899821,5.530677318572998,1.7750081221262617,0.6952549616495768
FIO-ESM-2-0,clt,CRPS,2013,10.880465039744635,10.308378178622194,11.452551900867098,11.335265108846944
FIO-ESM-2-0,pr,CRPS,2013,1.3251375712703303e-05,1.3731002430804052e-05,1.2771748994602592e-05,1.8933696060606306e-05
FIO-ESM-2-0,tas,CRPS,2013,1.3327135049380152,1.5410132597073674,1.1222932696501478,0.792881927066305
FIO-ESM-2-0,tos,CRPS,2013,3.3689699172973633,3.968039353688558,2.8779588540395102,0.391689936319987
GFDL-ESM4,pr,CRPS,2013,1.3385308797421505e-05,1.377803427410556e-05,1.2992588007663734e-05,1.9898647718505955e-05
GFDL-ESM4,tas,CRPS,2013,1.3521244638060714,1.576063990353913,1.1262994915655946,0.9155933809722157
GFDL-ESM4,tos,CRPS,2013,1.0813626448313396,0.5948947270711263,1.4197864532470703,0.6205703417460123
IPSL-CM6A-LR,clt,CRPS,2013,12.878492630191488,13.820387432515837,11.80411561823462,14.960515865890246
IPSL-CM6A-LR,od550aer,CRPS,2013,0.08580732251386,0.1075507824043356,0.0649276376818584,0.1075200236596136
IPSL-CM6A-LR,pr,CRPS,2013,1.409895486609832e-05,1.4593535031494754e-05,1.335598781312707e-05,2.0431621940259037e-05
IPSL-CM6A-LR,tas,CRPS,2013,1.5002250730497997,1.845112107247324,1.162749210592275,0.9138523941455872
IPSL-CM6A-LR,tos,CRPS,2013,0.40467103322347,3.1206790606180825,1.3155091603597004,0.465692679087321
KACE-1-0-G,clt,CRPS,2013,11.971011446213916,11.969192623560396,11.972830268867437,12.270064168346806
KACE-1-0-G,od550aer,CRPS,2013,0.0798876807676589,0.1091608908341543,0.0539455349075686,0.0798673148864716
KACE-1-0-G,pr,CRPS,2013,1.4476561615898518e-05,1.4560003736903612e-05,1.439311949489343e-05,2.1619078092493695e-05
KACE-1-0-G,tas,CRPS,2013,1.4940827123222455,1.6446264317019068,1.3420382368240809,1.021672498878571
MIROC6,clt,CRPS,2013,11.34046602112486,11.34734930355024,11.333581992889608,10.698903956071886
MIROC6,pr,CRPS,2013,1.3893924360227435e-05,1.3911505697655554e-05,1.3876342109662318e-05,1.966872296021666e-05
MIROC6,tas,CRPS,2013,2.000090136686015,2.088860511094885,1.909667185898768,1.1876965776832986
MIROC6,tos,CRPS,2013,0.2001148064931233,0.1845391591389973,0.3028225104014078,0.2701794306437174
MPI-ESM1-2-LR,clt,CRPS,2013,11.523435189366504,11.195933758950927,11.850924361468604,12.416644021999137
MPI-ESM1-2-LR,od550aer,CRPS,2013,0.0705353485602717,0.0864304832109859,0.0559202187188586,0.0852716215483575
MPI-ESM1-2-LR,pr,CRPS,2013,1.3814642385104336e-05,1.4396462704871214e-05,1.3232807754319622e-05,2.0393811628656e-05
MPI-ESM1-2-LR,tas,CRPS,2013,1.5132520870010189,1.6271907150687797,1.3985033907259223,0.9961803277462972
MPI-ESM1-2-LR,tos,CRPS,2013,3.6323864459991455,3.939617474873861,3.3161654472351074,0.6009345054626465
MRI-ESM2-0,pr,CRPS,2013,1.4870452449714206e-05,1.5306484154535065e-05,1.44344325986069e-05,2.3265404091193095e-05
MRI-ESM2-0,tas,CRPS,2013,1.4332468202594184,1.6382208349777436,1.2265417786704615,0.9832181759670052
NorESM2-LM,clt,CRPS,2013,12.208989885996976,11.933369991708789,12.484598535229482,11.81735447949366
NorESM2-LM,pr,CRPS,2013,1.2676195684924757e-05,1.3044518642123015e-05,1.2307861052352233e-05,1.842994540615546e-05
NorESM2-LM,tas,CRPS,2013,1.4012139304332745,1.5991493427208985,1.202382948933483,0.8647658257763297
NorESM2-LM,tos,CRPS,2013,2.7905991872151694,3.688600699106852,2.1328481833140054,1.5458213488260906
ACCESS-CM2,clt,CRPS,2014,11.888489306667571,11.789335323088697,11.98764327720174,11.9197700207743
ACCESS-CM2,pr,CRPS,2014,1.4859281920559208e-05,1.506674148923653e-05,1.4651822379175296e-05,2.2763419457817193e-05
ACCESS-CM2,tas,CRPS,2014,1.489288821149865,1.6090784112876448,1.368466124294036,0.9558368916029468
ACCESS-CM2,tos,CRPS,2014,1.790528933207194,1.5429882208506267,2.0105135440826416,1.000762303670247
CESM2-WACCM,clt,CRPS,2014,10.980939904098278,11.518327511498049,10.443554004197226,11.352630377116844
CESM2-WACCM,od550aer,CRPS,2014,0.067417238291844,0.0861686703602441,0.0500325838313063,0.0800852168294509
CESM2-WACCM,pr,CRPS,2014,1.3371711349027173e-05,1.4390145828409525e-05,1.2353278637578134e-05,1.9252052434026655e-05
CESM2-WACCM,tas,CRPS,2014,1.4099042600741527,1.5941071113916123,1.224306601247229,0.8762191426652514
CESM2-WACCM,tos,CRPS,2014,3.76248550415039,4.504626909891765,3.1570278803507485,1.003528118133545
CanESM5,clt,CRPS,2014,10.926215778630292,11.101036577189753,10.75139351961566,12.063920120239954
CanESM5,od550aer,CRPS,2014,0.065390010584506,0.0780531383800859,0.053366247338432,0.0771143101524512
CanESM5,pr,CRPS,2014,1.402055105625816e-05,1.441546176231065e-05,1.3625638453703889e-05,2.22754534438646e-05
CanESM5,tas,CRPS,2014,1.5902181015232977,1.8904110714298024,1.2873396474407943,1.346691303755076
CanESM5,tos,CRPS,2014,0.3397034804026286,3.077875773111979,1.3939794699350994,1.0714941024780271
EC-Earth3-Veg,pr,CRPS,2014,1.3427417992501282e-05,1.3442139367364128e-05,1.3412701046817997e-05,1.996508397032491e-05
EC-Earth3-Veg,tas,CRPS,2014,1.7732593405654635,1.6290125076857611,1.9209721193164464,1.0480091729547176
EC-Earth3-Veg-LR,clt,CRPS,2014,11.529625877136668,10.366696473193098,12.692559831918116,12.180507944668546
EC-Earth3-Veg-LR,pr,CRPS,2014,1.379867953694618e-05,1.4245699090291815e-05,1.3351665430052506e-05,2.0864975344425083e-05
EC-Earth3-Veg-LR,tas,CRPS,2014,1.9277286880511524,1.866792387265738,1.9900319303273133,1.3889113846134895
EC-Earth3-Veg-LR,tos,CRPS,2014,1.0008790493011477,2.4624383449554443,0.5048356850941976,0.5279868443806967
FGOALS-g3,clt,CRPS,2014,16.452142256527242,14.971428829259604,17.93285568379478,15.534321365274115
FGOALS-g3,pr,CRPS,2014,1.5297729923333987e-05,1.6289304549025646e-05,1.4306155297642249e-05,2.308928132978523e-05
FGOALS-g3,tas,CRPS,2014,1.5169041162582386,1.9032511804483967,1.1256344627497052,0.9279419587807536
FGOALS-g3,tos,CRPS,2014,0.6398475964864095,5.432518005371094,1.7867871125539143,0.6138537724812826
FIO-ESM-2-0,clt,CRPS,2014,10.932822999722427,10.175883769726845,11.689762229718031,11.634060768750182
FIO-ESM-2-0,pr,CRPS,2014,1.3681715919955194e-05,1.3986416578175468e-05,1.3377015261734951e-05,1.985843701197164e-05
FIO-ESM-2-0,tas,CRPS,2014,1.3239357351630097,1.5104590814916865,1.1357008736948393,0.7634917831725697
FIO-ESM-2-0,tos,CRPS,2014,3.3457719484965005,3.913446744283041,2.882706562678019,0.3224984804789225
GFDL-ESM4,pr,CRPS,2014,1.2917846477998826e-05,1.343772489071973e-05,1.2397972690456834e-05,1.905567093305959e-05
GFDL-ESM4,tas,CRPS,2014,1.3601440907915592,1.5841617379562647,1.1343416916537012,0.883033155178108
GFDL-ESM4,tos,CRPS,2014,1.1714327335357666,0.733471155166626,1.468093951543172,0.4086788495381673
IPSL-CM6A-LR,clt,CRPS,2014,12.838886838511094,13.710679923944026,11.792277530995678,14.926117921211237
IPSL-CM6A-LR,od550aer,CRPS,2014,0.0876267478174268,0.1070744424085785,0.0680738899236876,0.1113114559840031
IPSL-CM6A-LR,pr,CRPS,2014,1.4431522830277173e-05,1.4540222973762214e-05,1.4003821942916462e-05,2.109245989316331e-05
IPSL-CM6A-LR,tas,CRPS,2014,1.530171356434903,1.8650954715627692,1.1965370634831392,0.9943557578318064
IPSL-CM6A-LR,tos,CRPS,2014,0.2363109588623046,2.844099442164103,1.421443223953247,0.1468566258748372
KACE-1-0-G,clt,CRPS,2014,11.754694209309775,11.432438579202994,12.076949839416566,11.962031738831064
KACE-1-0-G,od550aer,CRPS,2014,0.0782463434701312,0.107198661207577,0.0524426485606819,0.077872791803992
KACE-1-0-G,pr,CRPS,2014,1.4363708134150687e-05,1.4522998158883797e-05,1.4204418109417582e-05,2.121322532532707e-05
KACE-1-0-G,tas,CRPS,2014,1.5092659403107325,1.5841599440028649,1.4337516140961022,1.0315186241573613
MIROC6,clt,CRPS,2014,11.25852880015002,11.059693452032946,11.45736339431174,9.906843020536316
MIROC6,pr,CRPS,2014,1.4269906836494607e-05,1.4336140310992186e-05,1.420367242731996e-05,2.0323267286361177e-05
MIROC6,tas,CRPS,2014,2.030684743229248,2.0649350109661344,1.995865482015445,1.1749616448719484
MIROC6,tos,CRPS,2014,0.2392739454905192,0.3495066960652669,0.1987980206807454,0.2581960360209147
MPI-ESM1-2-LR,clt,CRPS,2014,11.52254530219249,10.903054322624657,12.14202390913288,12.319413799852184
MPI-ESM1-2-LR,od550aer,CRPS,2014,0.0705710464966269,0.0847783357471515,0.0573311044064442,0.0860612460420604
MPI-ESM1-2-LR,pr,CRPS,2014,1.438886238693468e-05,1.5019759805398368e-05,1.3757950072426314e-05,2.1249874200454985e-05
MPI-ESM1-2-LR,tas,CRPS,2014,1.5591287171031345,1.6395366900227792,1.4783342114045614,0.993824786644013
MPI-ESM1-2-LR,tos,CRPS,2014,3.7025341192881265,4.071729977925618,3.326801617940267,0.7476515769958496
MRI-ESM2-0,pr,CRPS,2014,1.4665113443267918e-05,1.5496261403119676e-05,1.3833977279002164e-05,2.283706182319456e-05
MRI-ESM2-0,tas,CRPS,2014,1.3904949134344675,1.550051070104498,1.2299066802951537,0.9270496441046508
NorESM2-LM,clt,CRPS,2014,12.229796414659935,11.88323247182532,12.576349093275068,11.992380948258363
NorESM2-LM,pr,CRPS,2014,1.3128602825732434e-05,1.347810602544259e-05,1.277908753395969e-05,1.972623448898747e-05
NorESM2-LM,tas,CRPS,2014,1.3806246270140348,1.500360600693435,1.2605125332274432,0.8770991932770874
NorESM2-LM,tos,CRPS,2014,2.7661851247151694,3.6488839785257974,2.123372793197632,1.4643991788228352
ACCESS-CM2,clt,CRPS,2015,11.791926392401628,11.781507598103913,11.802345185328647,11.973303533846568
ACCESS-CM2,pr,CRPS,2015,1.4875472086095382e-05,1.5118343873719574e-05,1.4632600330423432e-05,2.2843321581018075e-05
ACCESS-CM2,tas,CRPS,2015,1.4331832246058005,1.566938048706123,1.298151115224392,0.876246457795918
ACCESS-CM2,tos,CRPS,2015,1.7163217862447102,1.5229026476542156,1.8868426481882732,0.842774232228597
CESM2-WACCM,clt,CRPS,2015,11.109240421199477,11.559723636708776,10.658759012826737,11.960332635511108
CESM2-WACCM,od550aer,CRPS,2015,0.0684760891448553,0.0860910856888935,0.0519782828509421,0.0830435002009526
CESM2-WACCM,pr,CRPS,2015,1.3690901989915422e-05,1.4281973901192946e-05,1.3099832275030595e-05,1.9740069325343244e-05
CESM2-WACCM,tas,CRPS,2015,1.3833385695913296,1.5056072695358738,1.2602157885137304,0.8646924146509839
CESM2-WACCM,tos,CRPS,2015,3.7185818354288735,4.456691185633342,3.116712967554728,0.814298947652181
CanESM5,clt,CRPS,2015,11.206495377359571,11.751157967176027,10.661831241557817,12.683859663824654
CanESM5,od550aer,CRPS,2015,0.0772137364723269,0.0909909357401865,0.0640155456317836,0.0916015513955675
CanESM5,pr,CRPS,2015,1.533718703407063e-05,1.6383619020307956e-05,1.4290752892400251e-05,2.4693591815424428e-05
CanESM5,tas,CRPS,2015,1.5409732830723846,1.791103015097212,1.2888193450960128,1.2707108800114837
CanESM5,tos,CRPS,2015,0.2833163738250732,3.0357131163279214,1.4590222835540771,0.8410412470499674
EC-Earth3-Veg,pr,CRPS,2015,1.3957968832655142e-05,1.4373233496689782e-05,1.3542709114855351e-05,2.178425165541711e-05
EC-Earth3-Veg,tas,CRPS,2015,1.7085546479516531,1.554600070020627,1.8656985490160265,1.018790230688951
EC-Earth3-Veg-LR,clt,CRPS,2015,11.538449936894285,10.43096558469946,12.645938843409908,12.528258000189496
EC-Earth3-Veg-LR,pr,CRPS,2015,1.4157955390623336e-05,1.4504657943244568e-05,1.381125842626319e-05,2.174064922137737e-05
EC-Earth3-Veg-LR,tas,CRPS,2015,1.9719641175206537,1.916672817180044,2.0287265996777837,1.387664952253455
EC-Earth3-Veg-LR,tos,CRPS,2015,1.0219626426696775,2.429121176401774,0.5900516510009766,0.4583678245544433
FGOALS-g3,clt,CRPS,2015,16.168794719760538,14.612387190973012,17.725202248547966,15.04352053351702
FGOALS-g3,pr,CRPS,2015,1.5485581618319944e-05,1.691087609057134e-05,1.4060287146068468e-05,2.3086793383632275e-05
FGOALS-g3,tas,CRPS,2015,1.4849476239459392,1.902771652683359,1.062538441873347,0.8815659743932817
FGOALS-g3,tos,CRPS,2015,0.5907274087270101,5.251342058181763,1.8609319527943928,0.2902003924051921
FIO-ESM-2-0,clt,CRPS,2015,10.943997589212325,10.3071721994398,11.580822978984871,12.1431366509522
FIO-ESM-2-0,pr,CRPS,2015,1.3855530278824364e-05,1.45276696128168e-05,1.3183390944831963e-05,2.0441204047033792e-05
FIO-ESM-2-0,tas,CRPS,2015,1.30375945809673,1.460127373540011,1.145818225670344,0.8120494257293771
FIO-ESM-2-0,tos,CRPS,2015,3.3125611941019693,3.8965748945871983,2.8361979325612388,0.1893340746561685
GFDL-ESM4,pr,CRPS,2015,1.4396339101378847e-05,1.5212694028831703e-05,1.3579989499954933e-05,2.2246130068357066e-05
GFDL-ESM4,tas,CRPS,2015,1.4234200347473622,1.615829335892186,1.230134926283736,1.0003321008466568
GFDL-ESM4,tos,CRPS,2015,1.227476994196574,0.7847160498301188,1.5286303361256917,0.2928237915039062
IPSL-CM6A-LR,clt,CRPS,2015,12.879360138550426,13.63769942132528,11.925263559070087,15.227023734362168
IPSL-CM6A-LR,od550aer,CRPS,2015,0.0947571625894902,0.1097365459984639,0.0783268256081879,0.1230637756683331
IPSL-CM6A-LR,pr,CRPS,2015,1.4939052693175353e-05,1.5211340690219888e-05,1.4224757076784525e-05,2.236200606769671e-05
IPSL-CM6A-LR,tas,CRPS,2015,1.5643928185748266,1.907465869964519,1.222821421196291,1.046705575039995
IPSL-CM6A-LR,tos,CRPS,2015,0.2682684262593587,2.854421854019165,1.379236936569214,0.1235826810201008
KACE-1-0-G,clt,CRPS,2015,11.62422215541208,11.758455795222154,11.489988515602006,11.971888949766964
KACE-1-0-G,od550aer,CRPS,2015,0.0683881739224525,0.0889590820083033,0.0501412041089713,0.0774885869340569
KACE-1-0-G,pr,CRPS,2015,1.5242702592790753e-05,1.599597541872193e-05,1.4489429766859568e-05,2.336146979414089e-05
KACE-1-0-G,tas,CRPS,2015,1.5305596399284758,1.6287781800113368,1.431527697836129,0.9947179176230015
MIROC6,clt,CRPS,2015,11.74024542662631,11.57185429060096,11.908635779000184,10.90000184404072
MIROC6,pr,CRPS,2015,1.5699221776950252e-05,1.5863595992924396e-05,1.5534846538700708e-05,2.3741598629064652e-05
MIROC6,tas,CRPS,2015,2.051603978731121,1.9928419648217035,2.1109725376860893,1.2975935514055583
MIROC6,tos,CRPS,2015,0.273414134979248,0.4821863969167073,0.1417506535847981,0.6329601605733236
MPI-ESM1-2-LR,clt,CRPS,2015,11.715907567094364,11.052419645392677,12.379382895278304,12.852552448991329
MPI-ESM1-2-LR,od550aer,CRPS,2015,0.0773305753760764,0.0907297945936861,0.0647289671552403,0.0964228177437007
MPI-ESM1-2-LR,pr,CRPS,2015,1.520120458619782e-05,1.6156666592175676e-05,1.4245726957248913e-05,2.332451612646402e-05
MPI-ESM1-2-LR,tas,CRPS,2015,1.564621973095771,1.6280437073495913,1.5013544722111438,1.0549789146068966
MPI-ESM1-2-LR,tos,CRPS,2015,3.812111775080363,4.170592029889424,3.449665625890096,1.039435863494873
MRI-ESM2-0,pr,CRPS,2015,1.5690816759715745e-05,1.6770171352246378e-05,1.4611474837790764e-05,2.526536588097903e-05
MRI-ESM2-0,tas,CRPS,2015,1.3815205319779462,1.5474467949523705,1.214324269704471,0.911692280595893
NorESM2-LM,clt,CRPS,2015,12.469752519122087,12.270334800345248,12.66915875266856,12.711092150727936
NorESM2-LM,pr,CRPS,2015,1.3988094291377604e-05,1.4733752596936684e-05,1.324242310212374e-05,2.1795338696911623e-05
NorESM2-LM,tas,CRPS,2015,1.3397497546867343,1.4163863171121267,1.263111969727807,0.8642626597204832
NorESM2-LM,tos,CRPS,2015,2.666205883026123,3.5640052954355874,2.01066255569458,1.209765116373698
ACCESS-CM2,clt,CRPS,2016,11.855107596205512,11.849442343838549,11.860772847827157,11.6423932071369
ACCESS-CM2,pr,CRPS,2016,1.476484334717018e-05,1.4785956054162871e-05,1.4743730642955078e-05,2.2194195587816947e-05
ACCESS-CM2,tas,CRPS,2016,1.4792097642173587,1.694091439336031,1.2618170963011084,0.8927588521252395
ACCESS-CM2,tos,CRPS,2016,1.7408604621887207,1.5948453744252522,1.8691516717274983,0.8571434020996094
CESM2-WACCM,clt,CRPS,2016,11.375134365682465,11.796451867938703,10.953818747977865,12.22892025043187
CESM2-WACCM,od550aer,CRPS,2016,0.0622975759624492,0.0766623298270248,0.0492287209477839,0.0754374940158754
CESM2-WACCM,pr,CRPS,2016,1.3391553719186194e-05,1.385392561308791e-05,1.2929184072662163e-05,1.9451761071360773e-05
CESM2-WACCM,tas,CRPS,2016,1.4106949162574114,1.565414244465859,1.2540136856879784,0.9584034151784884
CESM2-WACCM,tos,CRPS,2016,3.758977731068929,4.5613735516866045,3.1026182969411216,0.909798781077067
CanESM5,clt,CRPS,2016,11.396486657224155,11.559605564764626,11.233366228899069,13.087936464663224
CanESM5,od550aer,CRPS,2016,0.0666604713011252,0.0800156369551485,0.0540520026677019,0.0771238941863979
CanESM5,pr,CRPS,2016,1.4639642236895404e-05,1.5177572773342348e-05,1.4101709703683162e-05,2.315897784654242e-05
CanESM5,tas,CRPS,2016,1.5841555307923072,1.8805509376076548,1.2855104010656877,1.2930922448815043
CanESM5,tos,CRPS,2016,0.2718348503112792,3.047012726465861,1.4906730651855469,0.8181260426839193
EC-Earth3-Veg,pr,CRPS,2016,1.3971766004079168e-05,1.40017259622809e-05,1.3941810667137744e-05,2.1256050644599487e-05
EC-Earth3-Veg,tas,CRPS,2016,1.837025519525356,1.747879891698363,1.928182370013388,1.1726552603519032
EC-Earth3-Veg-LR,clt,CRPS,2016,11.452563720839612,10.180474626825523,12.72465733527451,11.877621623578072
EC-Earth3-Veg-LR,pr,CRPS,2016,1.3647758430202743e-05,1.3406692893135929e-05,1.3888829354151723e-05,2.0416051658856452e-05
EC-Earth3-Veg-LR,tas,CRPS,2016,2.0478073117382225,2.028151682333375,2.0680146726549364,1.4362741726181651
EC-Earth3-Veg-LR,tos,CRPS,2016,0.9710230032602946,2.434815327326457,0.5279881954193115,0.4079524676005046
FGOALS-g3,clt,CRPS,2016,16.222312385069113,14.696497444103498,17.748127326034627,14.951796612586222
FGOALS-g3,pr,CRPS,2016,1.571075825728909e-05,1.664174530261003e-05,1.4779771211968063e-05,2.3464245920561493e-05
FGOALS-g3,tas,CRPS,2016,1.5305757208436084,1.9264772853356325,1.1303058469891492,0.927259053877492
FGOALS-g3,tos,CRPS,2016,0.5790626207987467,5.354637622833252,1.8248555660247805,0.3742936452229817
FIO-ESM-2-0,clt,CRPS,2016,11.053335042444417,10.313297181306996,11.793372903581854,11.961851612961746
FIO-ESM-2-0,pr,CRPS,2016,1.3965740579314744e-05,1.3993581778462571e-05,1.393789938016695e-05,2.0597095391600888e-05
FIO-ESM-2-0,tas,CRPS,2016,1.3310255404527584,1.4697192811555364,1.190962300532214,0.8307176126657544
FIO-ESM-2-0,tos,CRPS,2016,3.3326099713643393,3.911518096923828,2.859182119369507,0.1675073305765787
GFDL-ESM4,pr,CRPS,2016,1.3996834326469536e-05,1.440188514863144e-05,1.3591788401297828e-05,2.1268354387792417e-05
GFDL-ESM4,tas,CRPS,2016,1.5174933311562055,1.7523277416749472,1.2809429489589566,1.1079654877124212
GFDL-ESM4,tos,CRPS,2016,1.2571078936258953,0.7935042381286621,1.5767905712127686,0.1966654459635416
IPSL-CM6A-LR,clt,CRPS,2016,12.96400477624537,13.600660222295888,12.178507917899708,15.31099484099406
IPSL-CM6A-LR,od550aer,CRPS,2016,0.0871535061858178,0.1047075725563118,0.0690399683048367,0.1105403001510127
IPSL-CM6A-LR,pr,CRPS,2016,1.4490625352970243e-05,1.4561566560188636e-05,1.4124613379753182e-05,2.1211711728724416e-05
IPSL-CM6A-LR,tas,CRPS,2016,1.5711868716036903,1.9451028732344,1.204007765106155,1.04102673041466
IPSL-CM6A-LR,tos,CRPS,2016,0.2778515815734863,2.8774445056915283,1.3575787544250488,0.2448070844014485
KACE-1-0-G,clt,CRPS,2016,11.798582182154322,11.753375793021377,11.84378857128727,11.9639611084906
KACE-1-0-G,od550aer,CRPS,2016,0.0707057613096642,0.091243797081552,0.0527790808811982,0.0784994710888093
KACE-1-0-G,pr,CRPS,2016,1.474252690740545e-05,1.4836006055165182e-05,1.4649047759645722e-05,2.1951500892357116e-05
KACE-1-0-G,tas,CRPS,2016,1.517168732261432,1.6535059408615351,1.3794041280742972,0.919444823216241
MIROC6,clt,CRPS,2016,11.793206627278588,11.669188531095536,11.91722393924502,10.917914897317168
MIROC6,pr,CRPS,2016,1.481057815758462e-05,1.4874547805774069e-05,1.4746607538990085e-05,2.139111747470799e-05
MIROC6,tas,CRPS,2016,1.97855582719908,1.9490263714250375,2.007482052101924,1.197158608241211
MIROC6,tos,CRPS,2016,0.1980156103769937,0.4227708180745442,0.0839372475941975,0.5149838129679362
MPI-ESM1-2-LR,clt,CRPS,2016,11.742390566431084,11.173445894504123,12.311322654282469,12.605722419228991
MPI-ESM1-2-LR,od550aer,CRPS,2016,0.0685612805550509,0.0829623053075826,0.0553416678532894,0.0827716867948763
MPI-ESM1-2-LR,pr,CRPS,2016,1.4447525376168154e-05,1.4779640427947563e-05,1.4115395248666258e-05,2.1523541694134376e-05
MPI-ESM1-2-LR,tas,CRPS,2016,1.5635900910559375,1.6872675721511854,1.4386201187210457,1.0545219312675853
MPI-ESM1-2-LR,tos,CRPS,2016,3.8093629678090415,4.126062512397766,3.487093448638916,1.092504342397054
MRI-ESM2-0,pr,CRPS,2016,1.4968535660769042e-05,1.528127642718774e-05,1.465580679304975e-05,2.324388818170866e-05
MRI-ESM2-0,tas,CRPS,2016,1.4209616574024115,1.558070631365971,1.2831312678631617,0.9724024845870956
NorESM2-LM,clt,CRPS,2016,12.448040171896483,12.003677891016826,12.892390987543864,12.438872589207287
NorESM2-LM,pr,CRPS,2016,1.3157382212191094e-05,1.3530073872724736e-05,1.2784678433087691e-05,1.9809072096324715e-05
NorESM2-LM,tas,CRPS,2016,1.3696248300499247,1.4933055744274106,1.245116300398615,0.8252970089625745
NorESM2-LM,tos,CRPS,2016,2.610687573750814,3.531755288441976,1.9335464636484785,1.0681098302205403
ACCESS-CM2,clt,CRPS,2017,11.64750929308264,11.56359143686179,11.731427138263244,11.864907838148428
ACCESS-CM2,pr,CRPS,2017,1.4537739497914186e-05,1.4492474576713556e-05,1.458300441315976e-05,2.210546301879313e-05
ACCESS-CM2,tas,CRPS,2017,1.457670591226975,1.6199949246773695,1.2939001621616473,0.9482793850887716
ACCESS-CM2,tos,CRPS,2017,1.810610055923462,1.6828486919403076,1.9237096309661863,1.0483492215474446
CESM2-WACCM,clt,CRPS,2017,11.000027786172923,11.5539907847734,10.446066484663314,12.021670839991543
CESM2-WACCM,od550aer,CRPS,2017,0.0603897860138735,0.0730286938532967,0.04876931963315,0.0713025152225415
CESM2-WACCM,pr,CRPS,2017,1.2801138483252196e-05,1.3394789764191774e-05,1.2207489220907236e-05,1.8657054210719024e-05
CESM2-WACCM,tas,CRPS,2017,1.3365324067325446,1.517310139310104,1.153748625915435,0.8946835079896163
CESM2-WACCM,tos,CRPS,2017,3.8498982588450112,4.64568018913269,3.1969427267710366,1.170096715291341
CanESM5,clt,CRPS,2017,10.792700596590407,10.914953489907612,10.670446267299171,12.343649463074094
CanESM5,od550aer,CRPS,2017,0.0662691856694343,0.0814622219150162,0.051982713925137,0.0727600318558273
CanESM5,pr,CRPS,2017,1.349105111753107e-05,1.4021137950267476e-05,1.2960962440170222e-05,2.0922470846388853e-05
CanESM5,tas,CRPS,2017,1.5763077098086653,1.8558902981306,1.293773580911462,1.401758998689744
CanESM5,tos,CRPS,2017,0.403785228729248,3.2853097120920816,1.4366798400878906,1.1798396110534668
EC-Earth3-Veg,pr,CRPS,2017,1.2883281168995454e-05,1.297817037060812e-05,1.278839628614266e-05,1.9000322876239353e-05
EC-Earth3-Veg,tas,CRPS,2017,1.7394579280111004,1.6206764833852354,1.8604264939278916,1.0591491686247674
EC-Earth3-Veg-LR,clt,CRPS,2017,10.779306654481031,9.801267895128548,11.75734966851424,10.945706123549614
EC-Earth3-Veg-LR,pr,CRPS,2017,1.2909717643361204e-05,1.2976023029981338e-05,1.284341735231248e-05,1.8974047995663577e-05
EC-Earth3-Veg-LR,tas,CRPS,2017,1.9591373363098816,1.9813011092491184,1.93784119345312,1.3540444346672966
EC-Earth3-Veg-LR,tos,CRPS,2017,0.9590326150258384,2.4573249022165933,0.4457652568817138,0.4848039944966634
FGOALS-g3,clt,CRPS,2017,16.405118423534557,15.07054851168546,17.73968833538355,15.40011814549563
FGOALS-g3,pr,CRPS,2017,1.557859122909591e-05,1.656787864342709e-05,1.4589303814764652e-05,2.3249770514665303e-05
FGOALS-g3,tas,CRPS,2017,1.531925915056183,1.923002795605564,1.1371357901671224,0.9500741404631616
FGOALS-g3,tos,CRPS,2017,0.6084835529327393,5.518500407536824,1.7930549780527751,0.6218646367390951
FIO-ESM-2-0,clt,CRPS,2017,10.495894545983893,9.806115780014418,11.185673311953389,11.229923502172255
FIO-ESM-2-0,pr,CRPS,2017,1.2757798852792009e-05,1.3023552637550666e-05,1.2492045068033385e-05,1.8357101625843073e-05
FIO-ESM-2-0,tas,CRPS,2017,1.2720915998860494,1.449436027095458,1.0930644632164566,0.7338980900441333
FIO-ESM-2-0,tos,CRPS,2017,3.361823638280233,3.9898804823557534,2.8457001050313315,0.3200828234354654
GFDL-ESM4,pr,CRPS,2017,1.3386210912601073e-05,1.3836669000747169e-05,1.2935757553455097e-05,2.0259122988338037e-05
GFDL-ESM4,tas,CRPS,2017,1.3898651082242128,1.588706093173588,1.1896971169545207,0.9765271933923664
GFDL-ESM4,tos,CRPS,2017,1.1646645069122314,0.6327195962270101,1.5412259101867676,0.4085461298624674
IPSL-CM6A-LR,clt,CRPS,2017,12.080225898505065,12.958365617881231,11.105548134163406,13.87163648608731
IPSL-CM6A-LR,od550aer,CRPS,2017,0.0831380620869758,0.1001004804809894,0.06643906374979,0.1029646307295056
IPSL-CM6A-LR,pr,CRPS,2017,1.3715793456035104e-05,1.4108811421162343e-05,1.313206724398766e-05,1.966378596027515e-05
IPSL-CM6A-LR,tas,CRPS,2017,1.494939319669472,1.8707839294303017,1.1296605436889802,0.9080523284913968
IPSL-CM6A-LR,tos,CRPS,2017,0.319331407546997,3.000268300374349,1.3799211184183755,0.3390529950459798
KACE-1-0-G,clt,CRPS,2017,11.395889692657072,11.359436641182404,11.432342744131743,11.87488709390084
KACE-1-0-G,od550aer,CRPS,2017,0.0702503544289398,0.0879825891342516,0.0548040196085864,0.0788405172238821
KACE-1-0-G,pr,CRPS,2017,1.4194397659811276e-05,1.4251048067876896e-05,1.4137747251745658e-05,2.102370194624617e-05
KACE-1-0-G,tas,CRPS,2017,1.5225393416684032,1.6643057797224514,1.3789738234630582,0.9975351684102328
MIROC6,clt,CRPS,2017,11.547530979976612,11.69768440096304,11.39737680898226,11.100541184543708
MIROC6,pr,CRPS,2017,1.383043818502849e-05,1.4376765837129394e-05,1.3284109658762624e-05,1.9826603510912712e-05
MIROC6,tas,CRPS,2017,1.9472814124964148,1.968622351076206,1.9252088317392984,1.1666804846519967
MIROC6,tos,CRPS,2017,0.1015930970509846,0.2116630872090657,0.1210858027140299,0.221472422281901
MPI-ESM1-2-LR,clt,CRPS,2017,11.15320063804072,10.577408408899773,11.728980900557945,12.068176920362754
MPI-ESM1-2-LR,od550aer,CRPS,2017,0.0660385667762578,0.0790047003264488,0.0542567981300098,0.0779589576450665
MPI-ESM1-2-LR,pr,CRPS,2017,1.3686800429770153e-05,1.4218916322570176e-05,1.3154670340894213e-05,1.991008427261472e-05
MPI-ESM1-2-LR,tas,CRPS,2017,1.5224616292286277,1.6024564206462262,1.4424530464844347,1.0002118280797194
MPI-ESM1-2-LR,tos,CRPS,2017,3.763523737589518,4.062537709871928,3.450876553853353,0.8749817212422689
MRI-ESM2-0,pr,CRPS,2017,1.446485858380696e-05,1.4535010240974144e-05,1.4394718363893723e-05,2.2233745680979155e-05
MRI-ESM2-0,tas,CRPS,2017,1.3735618802212042,1.5618128439115742,1.1835985253235617,0.9141827164569238
NorESM2-LM,clt,CRPS,2017,11.984816859206733,11.511305771948711,12.458316907883004,11.888521011180089
NorESM2-LM,pr,CRPS,2017,1.2417091680496738e-05,1.263177054468661e-05,1.2202401379579612e-05,1.8354238130754933e-05
NorESM2-LM,tas,CRPS,2017,1.270704321509674,1.3451579930156463,1.196114550500195,0.7838190494744938
NorESM2-LM,tos,CRPS,2017,2.6772825717926025,3.672042608261109,1.937551975250244,1.2292153040568037
ACCESS-CM2,clt,CRPS,2018,11.77347061511186,11.75680809795366,11.790133130077932,11.966759242983636
ACCESS-CM2,pr,CRPS,2018,1.4495293575855452e-05,1.4576785955627274e-05,1.441380120680478e-05,2.1808994365171087e-05
ACCESS-CM2,tas,CRPS,2018,1.4919669517549732,1.6957251142913414,1.2859567970213568,0.9923493838389618
ACCESS-CM2,tos,CRPS,2018,1.8314473628997805,1.702384312947591,1.9456570943196616,1.0991419156392417
CESM2-WACCM,clt,CRPS,2018,11.078295575013293,11.502227787382507,10.6543651863794,12.038864070256416
CESM2-WACCM,od550aer,CRPS,2018,0.0634848281698531,0.0800040392087627,0.0482837310211265,0.07513787315904
CESM2-WACCM,pr,CRPS,2018,1.2778041908351884e-05,1.3294391149754805e-05,1.2261694747091996e-05,1.8665225347330783e-05
CESM2-WACCM,tas,CRPS,2018,1.3507372678025424,1.55963134989965,1.1394485305379247,0.9360615036244058
CESM2-WACCM,tos,CRPS,2018,3.8877201875050864,4.686919530232747,3.2320609887441,1.2445902824401855
CanESM5,clt,CRPS,2018,11.005055745288416,11.317236284684991,10.692873716993384,12.294693609212734
CanESM5,od550aer,CRPS,2018,0.0702004354546399,0.0881019399923641,0.0530597867715388,0.078569803894031
CanESM5,pr,CRPS,2018,1.3956888920535469e-05,1.4398042034515178e-05,1.3515733912345718e-05,2.204356591699563e-05
CanESM5,tas,CRPS,2018,1.5865894242237235,1.8716228369670311,1.2985954042469798,1.4739719901777697
CanESM5,tos,CRPS,2018,0.4093615214029948,3.2971991697947183,1.43803071975708,1.2072299321492512
EC-Earth3-Veg,pr,CRPS,2018,1.3021771244283286e-05,1.2922058370245448e-05,1.312148831620982e-05,1.961540100578696e-05
EC-Earth3-Veg,tas,CRPS,2018,1.7153812382802656,1.6162067173300854,1.8171678536826408,1.0342791580940864
EC-Earth3-Veg-LR,clt,CRPS,2018,11.185137628218085,10.23066303321472,12.139616638086984,11.853986206993262
EC-Earth3-Veg-LR,pr,CRPS,2018,1.3277253841048236e-05,1.315537252920472e-05,1.339914039353271e-05,2.014016655030337e-05
EC-Earth3-Veg-LR,tas,CRPS,2018,1.8746893828842377,1.8899492116652243,1.8604049586072893,1.2899728203823608
EC-Earth3-Veg-LR,tos,CRPS,2018,1.0287713209788003,2.514028708140055,0.5452215671539307,0.6790199279785156
FGOALS-g3,clt,CRPS,2018,16.388224279151775,15.19119079461322,17.585257763690223,15.615472513030843
FGOALS-g3,pr,CRPS,2018,1.5388195127324508e-05,1.6370955699473923e-05,1.440543455517501e-05,2.3192346504164003e-05
FGOALS-g3,tas,CRPS,2018,1.5200606773107277,1.8985622214649147,1.1371533476521674,0.9776361417124
FGOALS-g3,tos,CRPS,2018,0.6333471139272054,5.58891757329305,1.729613463083903,0.8005822499593099
FIO-ESM-2-0,clt,CRPS,2018,10.875363027073414,10.229803068969687,11.520922985177156,11.673868590208132
FIO-ESM-2-0,pr,CRPS,2018,1.3324030178411903e-05,1.3368997030094874e-05,1.327906332672897e-05,1.9364994270331187e-05
FIO-ESM-2-0,tas,CRPS,2018,1.2929241160334637,1.4844608942438644,1.0999531740766264,0.7699491178221513
FIO-ESM-2-0,tos,CRPS,2018,3.4002633889516196,4.022838274637858,2.888796091079712,0.4132164319356282
GFDL-ESM4,pr,CRPS,2018,1.330748437617521e-05,1.3333602043579914e-05,1.3281371104809784e-05,2.0022076918993336e-05
GFDL-ESM4,tas,CRPS,2018,1.4436272404888193,1.6740663817970072,1.211292873447373,0.9823741950564808
GFDL-ESM4,tos,CRPS,2018,1.032241662343343,0.5468230247497559,1.4330902894337971,0.7000358899434408
IPSL-CM6A-LR,clt,CRPS,2018,12.78167732509028,14.07484775291748,11.335253973976078,15.23336595156909
IPSL-CM6A-LR,od550aer,CRPS,2018,0.0883974107567612,0.1102449578030831,0.0671128647478702,0.1104386607096986
IPSL-CM6A-LR,pr,CRPS,2018,1.436765274715864e-05,1.4400398310289708e-05,1.4086018054067154e-05,2.111833348517738e-05
IPSL-CM6A-LR,tas,CRPS,2018,1.496976742952197,1.8790938451895072,1.1232894694564888,0.9049884815596984
IPSL-CM6A-LR,tos,CRPS,2018,0.3496673901875813,3.054675579071045,1.366187572479248,0.4676733016967773
KACE-1-0-G,clt,CRPS,2018,11.544715393020589,11.51150435348062,11.577926432560554,11.869976056960368
KACE-1-0-G,od550aer,CRPS,2018,0.0709563554292794,0.0890701578615433,0.0549268094213521,0.0822596070201748
KACE-1-0-G,pr,CRPS,2018,1.4203256541614743e-05,1.435338588508724e-05,1.4053127198142252e-05,2.13196361454875e-05
KACE-1-0-G,tas,CRPS,2018,1.5466750198916854,1.6837907395308802,1.4077760641465509,1.0903434335481792
MIROC6,clt,CRPS,2018,11.388492749791231,11.588761894769563,11.18822286856842,10.774256111200035
MIROC6,pr,CRPS,2018,1.4046506403258573e-05,1.4621039988462489e-05,1.3471971931527369e-05,2.0376810064422096e-05
MIROC6,tas,CRPS,2018,1.988740291030834,2.0585615933438004,1.9177652939534475,1.21105475812799
MIROC6,tos,CRPS,2018,0.1610029538472493,0.1054314772288004,0.2500538031260172,0.2917949358622232
MPI-ESM1-2-LR,clt,CRPS,2018,11.707192547112676,11.12978241188504,12.284590131971186,12.6401458993575
MPI-ESM1-2-LR,od550aer,CRPS,2018,0.0707218362946782,0.0872110087950945,0.0554246425258297,0.0847083600929185
MPI-ESM1-2-LR,pr,CRPS,2018,1.392352062162368e-05,1.410428669315309e-05,1.3742739966176805e-05,2.0792285203324567e-05
MPI-ESM1-2-LR,tas,CRPS,2018,1.5298885009783585,1.6329382766981653,1.4265003767536273,0.9851324756736304
MPI-ESM1-2-LR,tos,CRPS,2018,3.697145859400431,3.9871734778086343,3.3951578934987388,0.6609779993693033
MRI-ESM2-0,pr,CRPS,2018,1.410022140841896e-05,1.4509991151635366e-05,1.3690462903972672e-05,2.163894784529067e-05
MRI-ESM2-0,tas,CRPS,2018,1.4732562013325878,1.7168434004150577,1.2274734915581018,0.9631826833760678
NorESM2-LM,clt,CRPS,2018,12.059443603662812,11.795902730421616,12.322973369587508,11.766390056943536
NorESM2-LM,pr,CRPS,2018,1.2493187902582729e-05,1.2738121607694235e-05,1.2248242690655751e-05,1.841140041265916e-05
NorESM2-LM,tas,CRPS,2018,1.339950139936499,1.4860891739693665,1.193126270071737,0.878621106348381
NorESM2-LM,tos,CRPS,2018,2.8476320107777915,3.847626209259033,2.1067506472269693,1.6148842175801594
ACCESS-CM2,clt,CRPS,2019,11.718825144294478,11.486204251836249,11.95144600614907,11.625283947987064
ACCESS-CM2,pr,CRPS,2019,1.4605119791833056e-05,1.4570514660071251e-05,1.4639724919042202e-05,2.2370319886033248e-05
ACCESS-CM2,tas,CRPS,2019,1.4711868376445565,1.636385540797504,1.3040494619245109,0.9611641186011828
ACCESS-CM2,tos,CRPS,2019,1.8097498416900637,1.6453863779703777,1.954484224319458,0.9928154945373536
CESM2-WACCM,clt,CRPS,2019,10.758418681867887,10.991239077430189,10.525600210347395,11.1884177422251
CESM2-WACCM,od550aer,CRPS,2019,0.0640698022610935,0.079874124244922,0.0490672377809935,0.071371556382318
CESM2-WACCM,pr,CRPS,2019,1.2406839504993113e-05,1.2811320972245376e-05,1.2002360140294212e-05,1.7234644779372792e-05
CESM2-WACCM,tas,CRPS,2019,1.2914071435023866,1.439505794137402,1.1415630432699326,0.8421742109628414
CESM2-WACCM,tos,CRPS,2019,3.808176279067993,4.538884162902832,3.211456378300985,1.034279505411784
CanESM5,clt,CRPS,2019,11.050261748707465,11.256629794908404,10.843892221581468,12.220805325692496
CanESM5,od550aer,CRPS,2019,0.0767143735057959,0.096092661367919,0.0579338405543987,0.075706026036274
CanESM5,pr,CRPS,2019,1.4388173996542108e-05,1.4856381922789452e-05,1.3919964115785411e-05,2.256340208024058e-05
CanESM5,tas,CRPS,2019,1.5543852122195327,1.8383444317934952,1.2674755116324303,1.3051482202299265
CanESM5,tos,CRPS,2019,0.3524185021718343,3.1981428464253745,1.45720640818278,0.9647761980692544
EC-Earth3-Veg,pr,CRPS,2019,1.3014635032853174e-05,1.304298767006743e-05,1.2986286700702029e-05,1.930828471239089e-05
EC-Earth3-Veg,tas,CRPS,2019,1.7494614726342246,1.6161038965330377,1.885969970735405,1.0635809963133498
EC-Earth3-Veg-LR,clt,CRPS,2019,11.283776600905943,10.075816660872023,12.49174099473901,11.809447773483834
EC-Earth3-Veg-LR,pr,CRPS,2019,1.3488141887736164e-05,1.3500414137056048e-05,1.347587496229648e-05,2.0183974294715865e-05
EC-Earth3-Veg-LR,tas,CRPS,2019,1.9526603834470777,1.9469498439187176,1.958993819657216,1.4642232300985876
EC-Earth3-Veg-LR,tos,CRPS,2019,0.9333130518595376,2.4372990926106772,0.4409065246582031,0.3837119738260905
FGOALS-g3,clt,CRPS,2019,16.09715476521614,14.583122414982707,17.61118711544947,14.73064089044822
FGOALS-g3,pr,CRPS,2019,1.5266787196060564e-05,1.63454851190992e-05,1.4188089273021843e-05,2.2725549971437803e-05
FGOALS-g3,tas,CRPS,2019,1.5145208354252615,1.888462707449443,1.1361740809832894,0.9630836986507312
FGOALS-g3,tos,CRPS,2019,0.6174290180206299,5.529627641042073,1.7622841199239094,0.6296553611755371
FIO-ESM-2-0,clt,CRPS,2019,10.7051423468915,9.921697199765926,11.48858749401709,11.19411937692932
FIO-ESM-2-0,pr,CRPS,2019,1.318864142403981e-05,1.3462667291620773e-05,1.2914615556458884e-05,1.8864787167701502e-05
FIO-ESM-2-0,tas,CRPS,2019,1.3140410719609574,1.4985588428640406,1.127782359178761,0.7888706777240699
FIO-ESM-2-0,tos,CRPS,2019,3.3772682348887124,3.977533499399821,2.88651450475057,0.2733092308044433
GFDL-ESM4,pr,CRPS,2019,1.3310875485993432e-05,1.3460170366175646e-05,1.3161585092100752e-05,1.9979714874540352e-05
GFDL-ESM4,tas,CRPS,2019,1.3848530133906145,1.5708970992211642,1.1973581181509216,0.9116152622546996
GFDL-ESM4,tos,CRPS,2019,1.1066052118937175,0.6390588283538818,1.428865114847819,0.3908848762512207
IPSL-CM6A-LR,clt,CRPS,2019,12.80936611736869,13.677357355220478,11.770990401602752,14.872244883720738
IPSL-CM6A-LR,od550aer,CRPS,2019,0.0910271679507893,0.1095636203986794,0.0717856016391848,0.1084294958168751
IPSL-CM6A-LR,pr,CRPS,2019,1.4259917431700505e-05,1.4180092503191638e-05,1.4008057559278075e-05,2.072016735611008e-05
IPSL-CM6A-LR,tas,CRPS,2019,1.5320450203629974,1.863082165552994,1.2076461630452189,0.9743282790060888
IPSL-CM6A-LR,tos,CRPS,2019,0.3274868329366048,3.005452791849772,1.359606107076009,0.3070217768351236
KACE-1-0-G,clt,CRPS,2019,11.29910970291838,11.086820098871073,11.511399306965693,11.045088252303565
KACE-1-0-G,od550aer,CRPS,2019,0.0641092086841923,0.0796138421177006,0.0506632144997145,0.0726453571286658
KACE-1-0-G,pr,CRPS,2019,1.3927318216003384e-05,1.4153892581969672e-05,1.3700743850037102e-05,2.0169261194437535e-05
KACE-1-0-G,tas,CRPS,2019,1.5032837526827596,1.611313993923515,1.393746560347082,0.9753632711201088
MIROC6,clt,CRPS,2019,11.47906703906053,11.347705157243132,11.6104281568501,10.4244398205662
MIROC6,pr,CRPS,2019,1.4373406158922753e-05,1.4363864251598152e-05,1.4382947119773048e-05,2.0565036670598023e-05
MIROC6,tas,CRPS,2019,1.9837839940489104,1.9903590348516471,1.9773213391769568,1.1685248677410474
MIROC6,tos,CRPS,2019,0.1885918776194254,0.3154264291127522,0.1349867184956868,0.2705372174580892
MPI-ESM1-2-LR,clt,CRPS,2019,11.490477266697964,10.589347518838418,12.39159456451835,12.182544131865882
MPI-ESM1-2-LR,od550aer,CRPS,2019,0.0714695292453496,0.0856213065031672,0.0579057590162413,0.0803987234372203
MPI-ESM1-2-LR,pr,CRPS,2019,1.416436102700506e-05,1.441058755141182e-05,1.3918119691020898e-05,2.0946962194970837e-05
MPI-ESM1-2-LR,tas,CRPS,2019,1.5094421788137042,1.615818568476482,1.4021193316028533,0.9910396277217322
MPI-ESM1-2-LR,tos,CRPS,2019,3.741566260655721,4.051027933756511,3.4293676217397056,0.9261047045389812
MRI-ESM2-0,pr,CRPS,2019,1.4002317754447895e-05,1.4572954842071286e-05,1.3431691870638323e-05,2.140173953488856e-05
MRI-ESM2-0,tas,CRPS,2019,1.383221518493802,1.574825640565188,1.1901129967179438,0.920757980438375
NorESM2-LM,clt,CRPS,2019,12.152863353365705,11.69625493068026,12.609460582690652,12.064399168652264
NorESM2-LM,pr,CRPS,2019,1.310082442558757e-05,1.3305619282805972e-05,1.2896017501891797e-05,1.968628202209456e-05
NorESM2-LM,tas,CRPS,2019,1.374190114554941,1.4792484454827222,1.2688400774334925,0.9318841722152956
NorESM2-LM,tos,CRPS,2019,2.846606651941935,3.858170668284098,2.1005361874898276,1.586204210917155
ACCESS-CM2,clt,CRPS,2020,12.123940170668693,12.03106814295163,12.216812186167497,12.51075412544187
ACCESS-CM2,pr,CRPS,2020,1.506154261514686e-05,1.4990570573004122e-05,1.5132514647952506e-05,2.330287415094105e-05
ACCESS-CM2,tas,CRPS,2020,1.45748145169279,1.630842782170837,1.2817623608688191,0.9702661177472608
ACCESS-CM2,tos,CRPS,2020,1.8076131343841553,1.645414670308431,1.94885516166687,1.0458877881368
CESM2-WACCM,clt,CRPS,2020,10.763642375493548,11.073533914416071,10.453752695734712,11.23176547682132
CESM2-WACCM,od550aer,CRPS,2020,0.0646076937462414,0.0782423886415526,0.0512670729210678,0.0713956161300986
CESM2-WACCM,pr,CRPS,2020,1.2135152180274484e-05,1.2340908521945223e-05,1.192939805748434e-05,1.6650333158951722e-05
CESM2-WACCM,tas,CRPS,2020,1.2821377373379377,1.4356570099889288,1.1263355911360753,0.8210039043533897
CESM2-WACCM,tos,CRPS,2020,3.7358615398406982,4.45818813641866,3.148240248362223,0.9823646545410156
CanESM5,clt,CRPS,2020,10.915913713848711,11.12262130831703,10.709204656085534,12.304238377349892
CanESM5,od550aer,CRPS,2020,0.0737488270301424,0.0837431308711981,0.063333251665824,0.0750786898116209
CanESM5,pr,CRPS,2020,1.37535384021756e-05,1.4039545058489404e-05,1.346752989881571e-05,2.1182085951480615e-05
CanESM5,tas,CRPS,2020,1.5030496943993503,1.787171191347526,1.2151880545478633,1.2992731980559251
CanESM5,tos,CRPS,2020,0.3461674054463704,3.1670729319254556,1.4372368653615315,1.0288116137186687
EC-Earth3-Veg,pr,CRPS,2020,1.3704329529323768e-05,1.375726238891708e-05,1.365140122267113e-05,2.0667968983218435e-05
EC-Earth3-Veg,tas,CRPS,2020,1.7757553027806825,1.681192011410417,1.873028229384044,1.08423015155083
EC-Earth3-Veg-LR,clt,CRPS,2020,11.685449905049202,10.507368784435052,12.863535638006246,12.6441736125486
EC-Earth3-Veg-LR,pr,CRPS,2020,1.4205087243021154e-05,1.4728458601288982e-05,1.368172149161774e-05,2.1465281454944107e-05
EC-Earth3-Veg-LR,tas,CRPS,2020,2.0089448216926513,2.029621989113757,1.9888384306409368,1.5092162665459927
EC-Earth3-Veg-LR,tos,CRPS,2020,0.9151566028594972,2.3892228603363037,0.4474779764811198,0.4086651802062988
FGOALS-g3,clt,CRPS,2020,16.78275531468513,15.223191538602649,18.342319090767507,15.848068266316355
FGOALS-g3,pr,CRPS,2020,1.6061237758237913e-05,1.6804148360321966e-05,1.5318327156153776e-05,2.3932345954280425e-05
FGOALS-g3,tas,CRPS,2020,1.5858658493957556,2.0253655365814303,1.1403222191703637,0.9716046458444206
FGOALS-g3,tos,CRPS,2020,0.6327237288157145,5.4119406541188555,1.7638433774312336,0.5714461008707682
FIO-ESM-2-0,clt,CRPS,2020,10.968459593793034,10.092571156129535,11.844348031456548,11.79490332555184
FIO-ESM-2-0,pr,CRPS,2020,1.350892427216501e-05,1.3971249444384216e-05,1.3046599099945844e-05,1.9157364781978973e-05
FIO-ESM-2-0,tas,CRPS,2020,1.3172841917601452,1.5206554442187408,1.1108936526752975,0.8231285779228014
FIO-ESM-2-0,tos,CRPS,2020,3.3582645257314048,3.9193963209788,2.9020133018493652,0.2678763071695963
GFDL-ESM4,pr,CRPS,2020,1.319395743422082e-05,1.3634182734437604e-05,1.2753736792362767e-05,1.9658879383252293e-05
GFDL-ESM4,tas,CRPS,2020,1.381338613675845,1.6264820952204282,1.1333601906823825,0.9846328840324028
GFDL-ESM4,tos,CRPS,2020,1.2387576897939043,0.7778707345326742,1.5541791915893557,0.2143092155456543
IPSL-CM6A-LR,clt,CRPS,2020,12.63339864513936,13.459862680088428,11.680567064837584,14.664208064426672
IPSL-CM6A-LR,od550aer,CRPS,2020,0.0918995492615591,0.1050948104453804,0.0772589452986517,0.1068094499037912
IPSL-CM6A-LR,pr,CRPS,2020,1.4108595535861232e-05,1.435897866782667e-05,1.3662553075796066e-05,1.996031619384305e-05
IPSL-CM6A-LR,tas,CRPS,2020,1.5014943589558911,1.8878742200747396,1.1197217178043009,0.9718516414098688
IPSL-CM6A-LR,tos,CRPS,2020,0.2781732082366943,2.8905062675476074,1.3577470779418943,0.2359676361083984
KACE-1-0-G,clt,CRPS,2020,11.584707674143884,11.468148101131348,11.701267247156428,11.824417152907255
KACE-1-0-G,od550aer,CRPS,2020,0.0638989812764436,0.0797522696391255,0.0494248481598286,0.0726316927992229
KACE-1-0-G,pr,CRPS,2020,1.4348120398176631e-05,1.4589686281424688e-05,1.4106554514928577e-05,2.122828263340651e-05
KACE-1-0-G,tas,CRPS,2020,1.4939597802306643,1.6180263310836656,1.3680455538698095,0.974409596783958
MIROC6,clt,CRPS,2020,11.354675336732171,11.166967254586922,11.542382659327345,10.342302246380472
MIROC6,pr,CRPS,2020,1.3701423912916842e-05,1.3637797518693765e-05,1.376504940132657e-05,1.899647687061693e-05
MIROC6,tas,CRPS,2020,1.956427049134586,2.002688258496702,1.9083402461982333,1.1398571394359749
MIROC6,tos,CRPS,2020,0.1275326410929361,0.3431727886199951,0.1492736339569091,0.220959981282552
MPI-ESM1-2-LR,clt,CRPS,2020,11.592595430400332,10.868657874230696,12.31652049898503,12.59855347226584
MPI-ESM1-2-LR,od550aer,CRPS,2020,0.0715516772517312,0.0829575203578504,0.0601881375726066,0.0793391644636668
MPI-ESM1-2-LR,pr,CRPS,2020,1.4151334376627909e-05,1.4564101039912715e-05,1.3738552981211688e-05,2.062803833651325e-05
MPI-ESM1-2-LR,tas,CRPS,2020,1.5256416984183945,1.6599146518567505,1.390029924727113,1.0538935227766146
MPI-ESM1-2-LR,tos,CRPS,2020,3.7780407269795737,4.1635646025339765,3.3912289142608643,0.90483824412028
MRI-ESM2-0,pr,CRPS,2020,1.507793438315494e-05,1.5420800848229425e-05,1.4735079911068231e-05,2.3492068640714855e-05
MRI-ESM2-0,tas,CRPS,2020,1.4029964730164497,1.637237160790212,1.1658495964880389,0.9854834779912944
NorESM2-LM,clt,CRPS,2020,11.820481817443236,11.21266417632352,12.428288571341527,11.736136926742391
NorESM2-LM,pr,CRPS,2020,1.2703699289156773e-05,1.23702971429343e-05,1.3037089734672855e-05,1.8952653217587017e-05
NorESM2-LM,tas,CRPS,2020,1.3321294797401948,1.4533212557088175,1.209674123407381,0.9194536366314676
NorESM2-LM,tos,CRPS,2020,2.825952927271525,3.7402522563934326,2.161289850870768,1.6132338841756184
ACCESS-CM2,clt,CRPS,2021,12.214598942644564,12.079068199192305,12.350129668266383,12.334034311606407
ACCESS-CM2,pr,CRPS,2021,1.5303591046549572e-05,1.4841566765424158e-05,1.5765615266891013e-05,2.3750306208206975e-05
ACCESS-CM2,tas,CRPS,2021,1.5147589502229468,1.6274144857174229,1.4001414517513038,1.0704264484208978
ACCESS-CM2,tos,CRPS,2021,1.9338639577229817,1.7877085208892822,2.0626562436421714,1.2200748125712078
CESM2-WACCM,clt,CRPS,2021,10.94575636207376,11.311576113448943,10.57993845797376,11.492982129172589
CESM2-WACCM,od550aer,CRPS,2021,0.063785311781211,0.0814133607499124,0.0472507218912151,0.0710364208360319
CESM2-WACCM,pr,CRPS,2021,1.2379108566563825e-05,1.2813809987261188e-05,1.194440921710398e-05,1.762114996859136e-05
CESM2-WACCM,tas,CRPS,2021,1.3850107702289858,1.5884823470502216,1.179076122289349,0.9248748329825496
CESM2-WACCM,tos,CRPS,2021,3.852622111638387,4.640442927678426,3.207771380742391,1.2346026102701824
CanESM5,clt,CRPS,2021,11.2173216931047,11.339604128241936,11.095037766126287,12.621587109441691
CanESM5,od550aer,CRPS,2021,0.0684766728122773,0.0889637259372638,0.0488010384435016,0.0725361624040807
CanESM5,pr,CRPS,2021,1.4460854886198026e-05,1.471092448800639e-05,1.4210783349016732e-05,2.2926050310478677e-05
CanESM5,tas,CRPS,2021,1.6854752428964204,2.0360859082457874,1.331542281983748,1.476567277052107
CanESM5,tos,CRPS,2021,0.4370820522308349,3.3542888164520264,1.424096663792928,1.2072594960530598
EC-Earth3-Veg,pr,CRPS,2021,1.3653597733303247e-05,1.3755474435832876e-05,1.355172560888422e-05,2.0495062487195945e-05
EC-Earth3-Veg,tas,CRPS,2021,1.7994927098128433,1.6750171301348586,1.9260651711822083,1.0858681865395472
EC-Earth3-Veg-LR,clt,CRPS,2021,11.801297911835093,10.545165492279022,13.057434989460218,12.48035253277577
EC-Earth3-Veg-LR,pr,CRPS,2021,1.4264923473932994e-05,1.4050207359070652e-05,1.44796452192776e-05,2.1598059189953458e-05
EC-Earth3-Veg-LR,tas,CRPS,2021,1.9852829325252523,1.9719803068770445,1.99932680485031,1.363146046335638
EC-Earth3-Veg-LR,tos,CRPS,2021,1.043080488840739,2.5729495684305825,0.5294616222381592,0.7119913101196289
FGOALS-g3,clt,CRPS,2021,16.545410313614138,15.114673463897532,17.976147163330637,15.852871982769114
FGOALS-g3,pr,CRPS,2021,1.615299732723129e-05,1.6594514864671216e-05,1.5711479789791273e-05,2.4418448001018335e-05
FGOALS-g3,tas,CRPS,2021,1.5538421083645757,1.893931036958602,1.2098527085340365,1.0041968083902897
FGOALS-g3,tos,CRPS,2021,0.6474169890085856,5.527549664179484,1.7650664647420249,0.7316864331563314
FIO-ESM-2-0,clt,CRPS,2021,11.03328105181334,10.299498807981356,11.767063295645338,11.97532449481441
FIO-ESM-2-0,pr,CRPS,2021,1.368433357475728e-05,1.3785489938410992e-05,1.3583177211103602e-05,2.033883565324752e-05
FIO-ESM-2-0,tas,CRPS,2021,1.358373975379518,1.5413341464101231,1.1733991624458515,0.8699085398743714
FIO-ESM-2-0,tos,CRPS,2021,3.4820549488067627,4.07640544573466,2.995317538579305,0.511690616607666
GFDL-ESM4,pr,CRPS,2021,1.3303182056156268e-05,1.3382918368729474e-05,1.322345017700732e-05,1.9666498350327728e-05
GFDL-ESM4,tas,CRPS,2021,1.4025568639060413,1.609346145565038,1.1939201771491434,0.9424761765685394
GFDL-ESM4,tos,CRPS,2021,1.114028533299764,0.5747605959574381,1.508728822072347,0.4690502484639485
IPSL-CM6A-LR,clt,CRPS,2021,12.531009657291593,13.56475428596038,11.37928957902291,14.3188419318166
IPSL-CM6A-LR,od550aer,CRPS,2021,0.0863105929018092,0.1098502301081594,0.0629181519524842,0.1013763119782573
IPSL-CM6A-LR,pr,CRPS,2021,1.4002781078744564e-05,1.4023541260478016e-05,1.3804956320042338e-05,1.9877412006549675e-05
IPSL-CM6A-LR,tas,CRPS,2021,1.5646245179842682,1.9469628482529773,1.1944967230855297,0.9149299375570742
IPSL-CM6A-LR,tos,CRPS,2021,0.3953069845835368,3.0269295374552407,1.2656666437784831,0.4136509895324707
KACE-1-0-G,clt,CRPS,2021,12.215766455387596,12.075400884912526,12.356132025862667,12.632424850984584
KACE-1-0-G,od550aer,CRPS,2021,0.0668126996252618,0.0849493749512532,0.0505643596694534,0.077863668474896
KACE-1-0-G,pr,CRPS,2021,1.524950037397672e-05,1.5242457178375488e-05,1.5256543569577955e-05,2.3405407948183345e-05
KACE-1-0-G,tas,CRPS,2021,1.6057371842840746,1.727656426485516,1.481613643050986,1.175500120317417
MIROC6,clt,CRPS,2021,11.099405588575124,10.935428101055406,11.263382334904476,10.268674281632473
MIROC6,pr,CRPS,2021,1.3262632279904424e-05,1.31916094653827e-05,1.3333654217000891e-05,1.844044908554203e-05
MIROC6,tas,CRPS,2021,1.9659780080880256,1.967788465732595,1.963578555488387,1.105092778933641
MIROC6,tos,CRPS,2021,0.2028515338897704,0.222219705581665,0.2362422148386637,0.1360104878743489
MPI-ESM1-2-LR,clt,CRPS,2021,11.81241585986488,11.04425886211702,12.580560121201009,12.88239813401436
MPI-ESM1-2-LR,od550aer,CRPS,2021,0.0668331308240405,0.0859708984679958,0.0488494258158987,0.0739623433373508
MPI-ESM1-2-LR,pr,CRPS,2021,1.4337927495612428e-05,1.4555144660122975e-05,1.4120695325386046e-05,2.133086248746288e-05
MPI-ESM1-2-LR,tas,CRPS,2021,1.537559744435559,1.639794484541157,1.4343905667862542,0.9782967987760331
MPI-ESM1-2-LR,tos,CRPS,2021,3.627913872400919,3.898804545402527,3.354429562886556,0.6808152198791504
MRI-ESM2-0,pr,CRPS,2021,1.5454504441264484e-05,1.5706464047214532e-05,1.5202557101651616e-05,2.4064200826518808e-05
MRI-ESM2-0,tas,CRPS,2021,1.567044294037898,1.8244959881622285,1.307157575392669,1.1432912171240943
NorESM2-LM,clt,CRPS,2021,12.0252233487948,11.66464724679549,12.385788374996082,11.900694336489597
NorESM2-LM,pr,CRPS,2021,1.2902163396042906e-05,1.3241210633972074e-05,1.2563104274612551e-05,1.953040011512333e-05
NorESM2-LM,tas,CRPS,2021,1.4242343290243482,1.6075997049996704,1.2396947784219254,0.9016783261119506
NorESM2-LM,tos,CRPS,2021,2.7434349854787192,3.778113603591919,1.9726219177246096,1.427991549173991
ACCESS-CM2,clt,CRPS,2022,12.148596880095525,12.04484071977738,12.252353026763496,12.644262650650044
ACCESS-CM2,pr,CRPS,2022,1.55004088581097e-05,1.505607605697956e-05,1.5944741600783355e-05,2.3959902155635016e-05
ACCESS-CM2,tas,CRPS,2022,1.5314969964097933,1.6403280241213247,1.4208014290357005,1.1520634734427586
ACCESS-CM2,tos,CRPS,2022,1.906131188074748,1.7213223775227864,2.0693787733713784,1.283086935679118
CESM2-WACCM,clt,CRPS,2022,11.361503677234165,11.681746007074963,11.041263315691568,12.19190410500988
CESM2-WACCM,od550aer,CRPS,2022,0.0596747223790836,0.0724122012421433,0.0479871267576635,0.0713023816939194
CESM2-WACCM,pr,CRPS,2022,1.3520526545085974e-05,1.3727637747018658e-05,1.3313417834274903e-05,2.000480061037917e-05
CESM2-WACCM,tas,CRPS,2022,1.4210286053660182,1.6172802181263346,1.2218577362133325,1.052777829891314
CESM2-WACCM,tos,CRPS,2022,3.842431465784709,4.6173287232716875,3.2093374729156494,1.338092803955078
CanESM5,clt,CRPS,2022,11.19112034787679,11.019183725941753,11.363055520125243,12.421843103465369
CanESM5,od550aer,CRPS,2022,0.0708868653925758,0.0752410538566416,0.0663037331262881,0.0823145960534473
CanESM5,pr,CRPS,2022,1.4382114578701687e-05,1.425684246526981e-05,1.4507384816499778e-05,2.2356245716486004e-05
CanESM5,tas,CRPS,2022,1.629029486673215,1.8890626654804583,1.3655835797508196,1.5715687299776653
CanESM5,tos,CRPS,2022,0.4348352750142415,3.3367671171824136,1.4113394419352214,1.3259355227152507
EC-Earth3-Veg,pr,CRPS,2022,1.382614973607044e-05,1.3497299425583924e-05,1.4155004313066003e-05,2.065597755366059e-05
EC-Earth3-Veg,tas,CRPS,2022,1.6837458708408235,1.5470095561571735,1.8235089547409968,1.0684931094009202
EC-Earth3-Veg-LR,clt,CRPS,2022,11.554662917796804,10.282804435183117,12.826525961130685,12.1255939222035
EC-Earth3-Veg-LR,pr,CRPS,2022,1.4116754073791846e-05,1.351274039975108e-05,1.4720773319831202e-05,2.1286824215721216e-05
EC-Earth3-Veg-LR,tas,CRPS,2022,1.85698737557619,1.8261526467393576,1.888930807072204,1.2128796614108388
EC-Earth3-Veg-LR,tos,CRPS,2022,1.05554461479187,2.589200576146444,0.5352636178334554,0.8483030001322428
FGOALS-g3,clt,CRPS,2022,16.953615987051773,15.358494053714873,18.548737920388565,16.116811180697468
FGOALS-g3,pr,CRPS,2022,1.6217784855604577e-05,1.672763465025028e-05,1.5707935060958784e-05,2.4620865714210552e-05
FGOALS-g3,tas,CRPS,2022,1.601752122622348,1.9789433854864251,1.2196286704391524,1.051618920998805
FGOALS-g3,tos,CRPS,2022,0.6109863122304281,5.485446055730184,1.832148551940918,0.7504604657491049
FIO-ESM-2-0,clt,CRPS,2022,11.197280019926636,10.016924789840044,12.377635250013247,12.089417032887406
FIO-ESM-2-0,pr,CRPS,2022,1.4002442872162682e-05,1.357573304660666e-05,1.442915269771873e-05,2.073404550020095e-05
FIO-ESM-2-0,tas,CRPS,2022,1.3472273839621245,1.4949151260065674,1.197931236718514,0.8821976546644094
FIO-ESM-2-0,tos,CRPS,2022,3.433755159378052,4.024465799331665,2.9510576725006104,0.5434063275655111
GFDL-ESM4,pr,CRPS,2022,1.3494395875791609e-05,1.3645943435834391e-05,1.3342852864032574e-05,2.0061656575677968e-05
GFDL-ESM4,tas,CRPS,2022,1.389749787755892,1.601926187381612,1.175015947443714,0.9418942570104004
GFDL-ESM4,tos,CRPS,2022,1.1802438894907634,0.6851444244384766,1.525945822397868,0.4266641934712727
IPSL-CM6A-LR,clt,CRPS,2022,12.613126627878222,13.604153511012532,11.524075595135631,14.60823564928883
IPSL-CM6A-LR,od550aer,CRPS,2022,0.0908285716687564,0.1004890554566609,0.0804803766883763,0.116412012433899
IPSL-CM6A-LR,pr,CRPS,2022,1.435958081518907e-05,1.4401510135203031e-05,1.4176477916656702e-05,2.0754912994622787e-05
IPSL-CM6A-LR,tas,CRPS,2022,1.4979349674492664,1.842304190051591,1.1648405871877132,0.9171970816484036
IPSL-CM6A-LR,tos,CRPS,2022,0.30006472269694,2.9866758982340493,1.3947683175404866,0.3749225934346517
KACE-1-0-G,clt,CRPS,2022,12.243206703938988,11.819352889795477,12.667060518082502,13.075589264054472
KACE-1-0-G,od550aer,CRPS,2022,0.0657399875078419,0.0854881939201024,0.048245881730745,0.0765472112487486
KACE-1-0-G,pr,CRPS,2022,1.5590391169121672e-05,1.4849645044432291e-05,1.633113729381106e-05,2.4095492222115408e-05
KACE-1-0-G,tas,CRPS,2022,1.6483145619685828,1.748192514716484,1.546466308447351,1.318980594357903
MIROC6,clt,CRPS,2022,11.544276238212545,11.242099795423748,11.846451901441895,10.447435799282127
MIROC6,pr,CRPS,2022,1.3551504742683257e-05,1.335585550277174e-05,1.374715307795909e-05,1.8557267910521545e-05
MIROC6,tas,CRPS,2022,1.948744418132388,1.9784047995429144,1.918314863281123,1.1175655876342174
MIROC6,tos,CRPS,2022,0.1796291669209797,0.3357344468434651,0.1190953254699706,0.1023025512695312
MPI-ESM1-2-LR,clt,CRPS,2022,11.872488227732353,10.996278706055238,12.74868490711908,12.777666003846496
MPI-ESM1-2-LR,od550aer,CRPS,2022,0.0707125784940037,0.076459477552312,0.065189659482829,0.0864171968554409
MPI-ESM1-2-LR,pr,CRPS,2022,1.4233738665196376e-05,1.4198403947048734e-05,1.4269058387608376e-05,2.0962130581301702e-05
MPI-ESM1-2-LR,tas,CRPS,2022,1.496628450858851,1.619085399778795,1.3725757543843702,0.9552641580703995
MPI-ESM1-2-LR,tos,CRPS,2022,3.705552577972412,4.020541707674663,3.3878811995188394,0.7225014368693033
MRI-ESM2-0,pr,CRPS,2022,1.5957464071480693e-05,1.5589938191426646e-05,1.6325002451905785e-05,2.504014393812218e-05
MRI-ESM2-0,tas,CRPS,2022,1.5860831125494224,1.8028910792717996,1.3664719375433727,1.2320747633699256
NorESM2-LM,clt,CRPS,2022,12.260081794820872,11.633066582497092,12.887085715030912,12.138442876437908
NorESM2-LM,pr,CRPS,2022,1.2926226704942036e-05,1.2843889156910649e-05,1.3008552347308795e-05,1.91120194805005e-05
NorESM2-LM,tas,CRPS,2022,1.3809976546917424,1.501654844852211,1.2590749679695097,0.9585362955943544
NorESM2-LM,tos,CRPS,2022,2.778878132502238,3.77827795346578,2.0414315859476724,1.628451665242513
ACCESS-CM2,clt,CRPS,2023,11.706853990367902,11.62182096558812,11.791887003960726,11.635474710023695
ACCESS-CM2,pr,CRPS,2023,1.4502407260954884e-05,1.4684319306190526e-05,1.4320495239651615e-05,2.1482725227335005e-05
ACCESS-CM2,tas,CRPS,2023,1.4486676378805192,1.634504834369188,1.2590403467943838,0.9452902302425732
ACCESS-CM2,tos,CRPS,2023,1.7521804968516033,1.628148873647054,1.8602988719940183,0.9281595547993978
CESM2-WACCM,clt,CRPS,2023,10.607822421301083,10.948600830759547,10.267045813842136,11.21644193382638
CESM2-WACCM,od550aer,CRPS,2023,0.0660102559415849,0.0837535837407999,0.0492251691376785,0.0725502970302659
CESM2-WACCM,pr,CRPS,2023,1.3162820689184078e-05,1.42069974180553e-05,1.2118645665008172e-05,1.917462944694088e-05
CESM2-WACCM,tas,CRPS,2023,1.311300298336319,1.472692551201897,1.146984610175721,0.9083087689796682
CESM2-WACCM,tos,CRPS,2023,3.652100483576457,4.411433776219686,3.031548500061035,0.9419326782226562
CanESM5,clt,CRPS,2023,10.736660262355846,10.8141572372944,10.65916186470404,11.829808362237571
CanESM5,od550aer,CRPS,2023,0.076325936920397,0.0913636884416626,0.0610690716143571,0.075616187645069
CanESM5,pr,CRPS,2023,1.4174359388086936e-05,1.483575988730123e-05,1.3512956937076336e-05,2.2053715384244285e-05
CanESM5,tas,CRPS,2023,1.6122928250190205,1.8945405422706416,1.3253132496124869,1.4048778224572127
CanESM5,tos,CRPS,2023,0.3034844398498535,3.206279913584391,1.543906847635905,1.04235045115153
EC-Earth3-Veg,pr,CRPS,2023,1.3547464345678456e-05,1.4072706052375211e-05,1.3022227544244496e-05,2.011870266332323e-05
EC-Earth3-Veg,tas,CRPS,2023,1.7215968926462502,1.7158283370911651,1.728440832743117,1.0768884073444662
EC-Earth3-Veg-LR,clt,CRPS,2023,11.55318769862084,10.250588807877838,12.855791149501764,12.21673407675716
EC-Earth3-Veg-LR,pr,CRPS,2023,1.4011038620487844e-05,1.4271995236355057e-05,1.3750087534892468e-05,2.1220161506342676e-05
EC-Earth3-Veg-LR,tas,CRPS,2023,1.952393440252478,2.031379856209208,1.871989042072549,1.495761374163558
EC-Earth3-Veg-LR,tos,CRPS,2023,0.8176002502441406,2.3430896600087485,0.5586236317952474,0.2836995124816894
FGOALS-g3,clt,CRPS,2023,16.19220687178894,14.367256505131138,18.01715723844664,14.882679395906113
FGOALS-g3,pr,CRPS,2023,1.4911248593933668e-05,1.616029084658507e-05,1.366220634128219e-05,2.18387081927922e-05
FGOALS-g3,tas,CRPS,2023,1.5163343464764791,1.930264589331915,1.094467364557819,0.8966864754579058
FGOALS-g3,tos,CRPS,2023,0.5808550516764323,5.305039008458455,2.0133968194325766,0.3249111175537109
FIO-ESM-2-0,clt,CRPS,2023,10.808485148312522,9.987949710306596,11.629020586318466,11.509274786087792
FIO-ESM-2-0,pr,CRPS,2023,1.3855717354617663e-05,1.4495910952188808e-05,1.321552375704656e-05,2.0428019214723062e-05
FIO-ESM-2-0,tas,CRPS,2023,1.3326686041960214,1.5832906108093026,1.0770783812914757,0.8473494563296491
FIO-ESM-2-0,tos,CRPS,2023,3.289501110712687,3.86738928159078,2.8171282609303794,0.2245937983194986
GFDL-ESM4,pr,CRPS,2023,1.3028970374110309e-05,1.3825955367756928e-05,1.2231990242716712e-05,1.9090034373609785e-05
GFDL-ESM4,tas,CRPS,2023,1.4017306331469757,1.667115060779386,1.1323030263926526,0.9534950566019056
GFDL-ESM4,tos,CRPS,2023,1.2952804565429688,0.7953790028889974,1.643546501795451,0.2311064402262369
IPSL-CM6A-LR,clt,CRPS,2023,12.690445895114864,13.412490954449709,11.794937254157178,14.877814679073197
IPSL-CM6A-LR,od550aer,CRPS,2023,0.0937906020994675,0.1118318183503078,0.0751237790632126,0.1097967350786635
IPSL-CM6A-LR,pr,CRPS,2023,1.516316880649398e-05,1.5695171016903995e-05,1.4334734573939244e-05,2.2378598891976533e-05
IPSL-CM6A-LR,tas,CRPS,2023,1.5792155209520404,1.93236256842148,1.227749809756102,1.07997512808274
IPSL-CM6A-LR,tos,CRPS,2023,0.2187123298645019,2.8378800551096597,1.542760133743286,0.2055104573567708
KACE-1-0-G,clt,CRPS,2023,11.603965813872778,11.48984255847146,11.718089069274102,11.904508469118625
KACE-1-0-G,od550aer,CRPS,2023,0.0660844569713627,0.084559858385221,0.0496969453429053,0.0752531706124319
KACE-1-0-G,pr,CRPS,2023,1.480210678756442e-05,1.469023890687333e-05,1.4913974668255512e-05,2.2158594002208095e-05
KACE-1-0-G,tas,CRPS,2023,1.561717751436985,1.707194138080636,1.413086524699137,1.0571843480892626
MIROC6,clt,CRPS,2023,11.217998307313112,10.820412215736502,11.615583634522642,10.01308935823602
MIROC6,pr,CRPS,2023,1.3466029558595312e-05,1.349320667832114e-05,1.3438851554521685e-05,1.8509025223951513e-05
MIROC6,tas,CRPS,2023,1.8712729016720315,1.9255879764178816,1.8147117201499432,1.075761620994513
MIROC6,tos,CRPS,2023,0.2258915106455484,0.3939118385314941,0.1170264085133869,0.2426098187764485
MPI-ESM1-2-LR,clt,CRPS,2023,11.622831180690165,10.712383531447117,12.533266236906467,12.424323107737308
MPI-ESM1-2-LR,od550aer,CRPS,2023,0.0732464675908244,0.0875106805632703,0.0592950640863506,0.0802850794768472
MPI-ESM1-2-LR,pr,CRPS,2023,1.4675910052370026e-05,1.535031503317104e-05,1.4001489890563744e-05,2.1916967078514855e-05
MPI-ESM1-2-LR,tas,CRPS,2023,1.554180802039259,1.688952675738171,1.4170980354636435,1.0996613859110882
MPI-ESM1-2-LR,tos,CRPS,2023,3.906789541244507,4.234009623527527,3.5737810134887695,1.1487641334533691
MRI-ESM2-0,pr,CRPS,2023,1.4797369517121802e-05,1.5651267508924398e-05,1.3943483431296717e-05,2.2762090168879165e-05
MRI-ESM2-0,tas,CRPS,2023,1.469300428452185,1.688597026275626,1.2463562926347145,0.9954744291171264
NorESM2-LM,clt,CRPS,2023,11.996205216656197,11.458669420654552,12.533729963586874,11.96487943984615
NorESM2-LM,pr,CRPS,2023,1.3559361197600472e-05,1.4179150709200076e-05,1.2939559197189496e-05,2.0511877862845964e-05
NorESM2-LM,tas,CRPS,2023,1.2690696437252935,1.400640016444492,1.1356171702782036,0.8541600328227849
NorESM2-LM,tos,CRPS,2023,2.5517380237579346,3.538615465164185,1.8220773537953696,1.1892064412434895
ACCESS-CM2,clt,CRPS,2024,12.027366450934345,11.545478127338429,12.509254711132966,12.206005573316371
ACCESS-CM2,pr,CRPS,2024,1.4857290651108457e-05,1.45982437223094e-05,1.5116337545827265e-05,2.2554681971566924e-05
ACCESS-CM2,tas,CRPS,2024,1.459810349866342,1.6349941815432805,1.282023130700188,0.959003701403346
ACCESS-CM2,tos,CRPS,2024,1.7607433795928955,1.618254025777181,1.8856133619944255,0.939122517903646
CESM2-WACCM,clt,CRPS,2024,10.671470178814234,11.078329428878638,10.26461268679964,11.24627690073657
CESM2-WACCM,od550aer,CRPS,2024,0.0644178739268086,0.0790559505501307,0.0508675600503746,0.0757103438851552
CESM2-WACCM,pr,CRPS,2024,1.2833398427540576e-05,1.3523332426660506e-05,1.2143466371043496e-05,1.7991605990468283e-05
CESM2-WACCM,tas,CRPS,2024,1.2893937115253833,1.3795355704265224,1.1983171764819376,0.8729362246884408
CESM2-WACCM,tos,CRPS,2024,3.622724692026774,4.375264883041382,3.007866938908895,0.841469923655192
CanESM5,clt,CRPS,2024,10.94304543739972,11.077859798186644,10.808229619206768,11.893911035485417
CanESM5,od550aer,CRPS,2024,0.0761366902268278,0.0895979988031298,0.063489709524925,0.081448929440058
CanESM5,pr,CRPS,2024,1.3759452956612742e-05,1.424320371897045e-05,1.327570032041556e-05,2.0940863275473455e-05
CanESM5,tas,CRPS,2024,1.5164944595511056,1.7931165254606,1.2372113267242046,1.280615242315251
CanESM5,tos,CRPS,2024,0.2410263220469156,3.1488807996114097,1.611242691675822,0.8642090161641439
EC-Earth3-Veg,pr,CRPS,2024,1.3708485532606674e-05,1.409184446981881e-05,1.3325131432282743e-05,2.0609967033675855e-05
EC-Earth3-Veg,tas,CRPS,2024,1.778229091613772,1.7318398228643792,1.8255861003279483,1.1730230808639877
EC-Earth3-Veg-LR,clt,CRPS,2024,12.030851185008991,10.776720589597057,13.284986529096544,13.020010816295375
EC-Earth3-Veg-LR,pr,CRPS,2024,1.4184498848349024e-05,1.4843689835514488e-05,1.3525313459921568e-05,2.1775934588823633e-05
EC-Earth3-Veg-LR,tas,CRPS,2024,2.0225541890111596,2.068975603124146,1.975567048894696,1.6140826065104583
EC-Earth3-Veg-LR,tos,CRPS,2024,0.8548285961151123,2.3907533486684165,0.4953749974568684,0.3031487464904784
FGOALS-g3,clt,CRPS,2024,17.045995951906054,15.219956264810948,18.87203563900105,16.153930800762605
FGOALS-g3,pr,CRPS,2024,1.5927044220130225e-05,1.6723309134912048e-05,1.5130779305348317e-05,2.36646002809064e-05
FGOALS-g3,tas,CRPS,2024,1.5575225807829076,1.9615406673046865,1.1489261066236724,0.9933167874977672
FGOALS-g3,tos,CRPS,2024,0.5645984013875326,5.401672124862671,1.9828925132751465,0.4552812576293945
FIO-ESM-2-0,clt,CRPS,2024,11.14391746407451,10.334304151070569,11.953530777078464,11.739422801569225
FIO-ESM-2-0,pr,CRPS,2024,1.3464230768678255e-05,1.4123656352191015e-05,1.2804805185165533e-05,1.937478180211971e-05
FIO-ESM-2-0,tas,CRPS,2024,1.3518600815196529,1.5790471762772154,1.1221448457659635,0.8874726785612999
FIO-ESM-2-0,tos,CRPS,2024,3.2615226109822593,3.8487053712209063,2.7815216382344565,0.090645949045817
GFDL-ESM4,pr,CRPS,2024,1.3192125681391096e-05,1.35032445591595e-05,1.2881011367953515e-05,1.9244840667956828e-05
GFDL-ESM4,tas,CRPS,2024,1.4256418340678223,1.6743867333521545,1.1744900474351936,1.0221843002862752
GFDL-ESM4,tos,CRPS,2024,1.3022182782491047,0.8037607669830322,1.649197260538737,0.2409744262695312
IPSL-CM6A-LR,clt,CRPS,2024,13.206897622568652,14.042195668390407,12.224898774268292,15.751059603903345
IPSL-CM6A-LR,od550aer,CRPS,2024,0.0923305159433864,0.1040910759483483,0.0794883335093327,0.1170573506809152
IPSL-CM6A-LR,pr,CRPS,2024,1.4536591770439528e-05,1.4858643303595697e-05,1.395332621341192e-05,2.0977303584315045e-05
IPSL-CM6A-LR,tas,CRPS,2024,1.636498435334811,2.0550430762994503,1.2229292121451685,1.1495331541852014
IPSL-CM6A-LR,tos,CRPS,2024,0.2113842169443766,2.9021762212117515,1.4921056429545083,0.1726385752360025
KACE-1-0-G,clt,CRPS,2024,11.949100203833474,11.676713750473176,12.22148665719378,12.265681787441713
KACE-1-0-G,od550aer,CRPS,2024,0.0670569150031182,0.0853689744535108,0.0508092359294783,0.0759930787895483
KACE-1-0-G,pr,CRPS,2024,1.470388147517896e-05,1.4813020633278178e-05,1.459474231707975e-05,2.1946773977206184e-05
KACE-1-0-G,tas,CRPS,2024,1.505337563857532,1.636885906485644,1.3720321313872856,1.0082178466007716
MIROC6,clt,CRPS,2024,11.344035291326293,11.201241073016725,11.486828753741532,10.223923766967332
MIROC6,pr,CRPS,2024,1.3410025529932154e-05,1.3529183779143962e-05,1.3290866406110758e-05,1.867836893032809e-05
MIROC6,tas,CRPS,2024,1.919504921196664,1.9602808734855364,1.8769895328535904,1.127794013940849
MIROC6,tos,CRPS,2024,0.1703002452850341,0.3049887816111246,0.1521974404652913,0.1086665789286295
MPI-ESM1-2-LR,clt,CRPS,2024,11.782765144526172,10.977145972515856,12.588371596547132,12.6436933729434
MPI-ESM1-2-LR,od550aer,CRPS,2024,0.0716451688896689,0.0804603560359088,0.0634170106829156,0.0842521312417774
MPI-ESM1-2-LR,pr,CRPS,2024,1.4052068912313171e-05,1.450632259122066e-05,1.359780062213186e-05,2.0593691909465307e-05
MPI-ESM1-2-LR,tas,CRPS,2024,1.5436699505485267,1.6662069889686764,1.419687953904366,1.0791665676002342
MPI-ESM1-2-LR,tos,CRPS,2024,3.849557797114054,4.132483760515849,3.566723028818766,1.0843566258748372
MRI-ESM2-0,pr,CRPS,2024,1.4522345855877094e-05,1.5219801114709648e-05,1.382490224474776e-05,2.2493701230733476e-05
MRI-ESM2-0,tas,CRPS,2024,1.4531525473575009,1.6823986350950582,1.2220719237944395,0.9684563898622636
NorESM2-LM,clt,CRPS,2024,12.475152839307643,11.799765383933256,13.150528804477714,12.114181785320923
NorESM2-LM,pr,CRPS,2024,1.3282305006797152e-05,1.3898598737962272e-05,1.2665999042002491e-05,2.0078239495208313e-05
NorESM2-LM,tas,CRPS,2024,1.287628466879058,1.4009732818785965,1.173649646842914,0.8998131717741978
NorESM2-LM,tos,CRPS,2024,2.4503726959228516,3.4322529633839927,1.7230455875396729,0.964143435160319
