model,variable,metric,region,Historical (2005-2014),SSP2-4.5,Change (hist 2005),Percent Change (hist 2005)
ACCESS-CM2,clt,zonal_mean_mae,global,2.4011993408203125,1.8191784620285032,-0.5820208787918093,-24.238757228418017
ACCESS-CM2,clt,zonal_mean_mae,northern_hemisphere,3.9143340587615967,3.3940954208374023,-0.5202386379241943,-13.290603972845016
ACCESS-CM2,clt,zonal_mean_mae,southern_hemisphere,1.7493046522140503,1.482759714126587,-0.2665449380874634,-15.237193690081613
ACCESS-CM2,clt,zonal_mean_mae,tropics,2.7791621685028076,3.3066327571868896,0.527470588684082,18.97948218574958
ACCESS-CM2,clt,zonal_mean_mae_anomaly,global,0.4371899962425232,0.538544774055481,0.1013547778129577,23.183233533260683
ACCESS-CM2,clt,zonal_mean_mae_anomaly,northern_hemisphere,0.8048514127731323,0.7283807396888733,-0.076470673084259,-9.50121623328929
ACCESS-CM2,clt,zonal_mean_mae_anomaly,southern_hemisphere,0.5670345425605774,0.7822873592376709,0.2152528166770935,37.96114707669641
ACCESS-CM2,clt,zonal_mean_mae_anomaly,tropics,0.7243021726608276,0.920920193195343,0.1966180205345153,27.145855411728363
ACCESS-CM2,clt,zonal_mean_mae_bias_adjusted,global,0.9349403381347656,0.9454832077026368,0.0105428695678712,1.1276515877905695
ACCESS-CM2,clt,zonal_mean_mae_bias_adjusted,northern_hemisphere,2.1168527603149414,1.9968504905700684,-0.120002269744873,-5.668900170790307
ACCESS-CM2,clt,zonal_mean_mae_bias_adjusted,southern_hemisphere,1.6411197185516355,1.4915016889572144,-0.1496180295944211,-9.116826024518556
ACCESS-CM2,clt,zonal_mean_mae_bias_adjusted,tropics,1.1772936582565308,1.285979151725769,0.1086854934692382,9.231808283940984
ACCESS-CM2,clt,zonal_mean_rmse,global,2.645731210708618,2.0812792778015137,-0.5644519329071045,-21.334439818469875
ACCESS-CM2,clt,zonal_mean_rmse,northern_hemisphere,4.551176071166992,3.9417450428009033,-0.6094310283660889,-13.390627363924889
ACCESS-CM2,clt,zonal_mean_rmse,southern_hemisphere,2.1878998279571533,1.823657512664795,-0.3642423152923584,-16.648034367846368
ACCESS-CM2,clt,zonal_mean_rmse,tropics,3.084167242050171,3.677793264389038,0.5936260223388672,19.247530232642635
ACCESS-CM2,clt,zonal_mean_rmse_anomaly,global,0.5567184686660767,0.6785697340965271,0.1218512654304504,21.88741209222172
ACCESS-CM2,clt,zonal_mean_rmse_anomaly,northern_hemisphere,0.9607954025268556,0.9539377689361572,-0.0068576335906983,-0.7137454626305493
ACCESS-CM2,clt,zonal_mean_rmse_anomaly,southern_hemisphere,0.6884017586708069,0.955514669418335,0.2671129107475281,38.80189255519628
ACCESS-CM2,clt,zonal_mean_rmse_anomaly,tropics,0.9340220093727112,1.1564176082611084,0.2223955988883972,23.810530871511048
ACCESS-CM2,clt,zonal_mean_rmse_bias_adjusted,global,1.125713348388672,1.1866344213485718,0.0609210729598996,5.411774946712777
ACCESS-CM2,clt,zonal_mean_rmse_bias_adjusted,northern_hemisphere,2.5002923011779785,2.350464344024658,-0.1498279571533203,-5.992417649837618
ACCESS-CM2,clt,zonal_mean_rmse_bias_adjusted,southern_hemisphere,1.9531550407409668,1.8056498765945437,-0.1475051641464231,-7.552148245766717
ACCESS-CM2,clt,zonal_mean_rmse_bias_adjusted,tropics,1.492417573928833,1.6100751161575315,0.1176575422286985,7.883687801863763
ACCESS-CM2,pr,zonal_mean_mae,global,5.198611688683741e-06,5.604130819847342e-06,4.0551913116360083e-07,7.800527437860549
ACCESS-CM2,pr,zonal_mean_mae,northern_hemisphere,3.104221832472831e-06,3.306532335045631e-06,2.0231050257280006e-07,6.517269495899363
ACCESS-CM2,pr,zonal_mean_mae,southern_hemisphere,7.946602636366151e-06,8.416763193963561e-06,4.7016055759740993e-07,5.9164976419710165
ACCESS-CM2,pr,zonal_mean_mae,tropics,8.032947334868368e-06,8.483752935717348e-06,4.508056008489803e-07,5.611957629700648
ACCESS-CM2,pr,zonal_mean_mae_anomaly,global,4.2162082536378875e-07,4.605913943578344e-07,3.8970568994045666e-08,9.243037025132836
ACCESS-CM2,pr,zonal_mean_mae_anomaly,northern_hemisphere,9.32540160647477e-07,8.193360940822458e-07,-1.1320406656523121e-07,-12.139323467488184
ACCESS-CM2,pr,zonal_mean_mae_anomaly,southern_hemisphere,1.0141301345356624e-06,9.132130571742892e-07,-1.0091707736137312e-07,-9.95109739122187
ACCESS-CM2,pr,zonal_mean_mae_anomaly,tropics,7.246752034006931e-07,8.291447102237726e-07,1.0446950682307945e-07,14.416045468760895
ACCESS-CM2,pr,zonal_mean_mae_bias_adjusted,global,5.676733394466282e-07,6.228904112504097e-07,5.5217071803781443e-08,9.72690946832335
ACCESS-CM2,pr,zonal_mean_mae_bias_adjusted,northern_hemisphere,2.45769479079172e-06,2.4663927433721256e-06,8.6979525804054e-09,0.3539069461755032
ACCESS-CM2,pr,zonal_mean_mae_bias_adjusted,southern_hemisphere,2.686041398192174e-06,2.84478164758184e-06,1.5874024938966613e-07,5.9098214009845655
ACCESS-CM2,pr,zonal_mean_mae_bias_adjusted,tropics,8.983687393993023e-07,1.0615243581924003e-06,1.6315561879309804e-07,18.161319693981415
ACCESS-CM2,pr,zonal_mean_rmse,global,5.245353349891957e-06,5.6546646192146e-06,4.0931126932264306e-07,7.803311655468816
ACCESS-CM2,pr,zonal_mean_rmse,northern_hemisphere,3.7688125757995294e-06,3.983031547249993e-06,2.142189714504639e-07,5.68399110176018
ACCESS-CM2,pr,zonal_mean_rmse,southern_hemisphere,8.565346433897503e-06,9.052896530192813e-06,4.8755009629531e-07,5.692123489200884
ACCESS-CM2,pr,zonal_mean_rmse,tropics,8.105472261377145e-06,8.585066098021343e-06,4.795938366441987e-07,5.916914168338839
ACCESS-CM2,pr,zonal_mean_rmse_anomaly,global,5.279237029753858e-07,5.952204560344398e-07,6.729675305905404e-08,12.747439199976917
ACCESS-CM2,pr,zonal_mean_rmse_anomaly,northern_hemisphere,1.2169642786830082e-06,1.0181113339058356e-06,-1.9885294477717252e-07,-16.340080663038858
ACCESS-CM2,pr,zonal_mean_rmse_anomaly,southern_hemisphere,1.255992970072839e-06,1.212100073644251e-06,-4.3892896428587846e-08,-3.4946769189354905
ACCESS-CM2,pr,zonal_mean_rmse_anomaly,tropics,8.940590987549513e-07,1.0541008350628545e-06,1.600417363079032e-07,17.90057687805807
ACCESS-CM2,pr,zonal_mean_rmse_bias_adjusted,global,6.986950324971986e-07,7.542878392996499e-07,5.5592806802451384e-08,7.956662666364997
ACCESS-CM2,pr,zonal_mean_rmse_bias_adjusted,northern_hemisphere,2.863190047719399e-06,2.8410288450686494e-06,-2.2161202650749632e-08,-0.7740039005933809
ACCESS-CM2,pr,zonal_mean_rmse_bias_adjusted,southern_hemisphere,3.19634909828892e-06,3.333623226353666e-06,1.3727412806474561e-07,4.294716373071753
ACCESS-CM2,pr,zonal_mean_rmse_bias_adjusted,tropics,1.081862365026609e-06,1.315024519499275e-06,2.3316215447266586e-07,21.551923979436246
ACCESS-CM2,tas,zonal_mean_mae,global,0.2761181499457928,0.2341527253412247,-0.0419654246045681,-15.198357881510768
ACCESS-CM2,tas,zonal_mean_mae,northern_hemisphere,0.6357299348552738,0.5722668209862831,-0.0634631138689907,-9.982715991412034
ACCESS-CM2,tas,zonal_mean_mae,southern_hemisphere,0.4948802879855828,0.5077142307216638,0.0128339427360809,2.5933428846644317
ACCESS-CM2,tas,zonal_mean_mae,tropics,0.2902825183554351,0.3572530606651128,0.0669705423096777,23.070814835523755
ACCESS-CM2,tas,zonal_mean_mae_anomaly,global,0.1191808620302855,0.1384721409037856,0.0192912788735001,16.186557593951555
ACCESS-CM2,tas,zonal_mean_mae_anomaly,northern_hemisphere,0.148371280893212,0.1635844913026545,0.0152132104094425,10.253473797528237
ACCESS-CM2,tas,zonal_mean_mae_anomaly,southern_hemisphere,0.1422792008550018,0.1485293201064853,0.0062501192514835,4.392855184682326
ACCESS-CM2,tas,zonal_mean_mae_anomaly,tropics,0.1483757641922949,0.157228433604025,0.0088526694117301,5.966385049418885
ACCESS-CM2,tas,zonal_mean_mae_bias_adjusted,global,0.2297718095972039,0.2120482940166113,-0.0177235155805925,-7.71352917995571
ACCESS-CM2,tas,zonal_mean_mae_bias_adjusted,northern_hemisphere,0.1983698941211879,0.2316135105263072,0.0332436164051192,16.758398018204378
ACCESS-CM2,tas,zonal_mean_mae_bias_adjusted,southern_hemisphere,0.4245601637033924,0.4060647909120163,-0.018495372791376,-4.356360858268696
ACCESS-CM2,tas,zonal_mean_mae_bias_adjusted,tropics,0.1706182296265552,0.1698469619737769,-0.0007712676527782,-0.452042934958607
ACCESS-CM2,tas,zonal_mean_rmse,global,0.3282059186557001,0.2800672064973357,-0.0481387121583644,-14.667228536138516
ACCESS-CM2,tas,zonal_mean_rmse,northern_hemisphere,0.6829266436640519,0.6378165741977916,-0.0451100694662602,-6.605404824189436
ACCESS-CM2,tas,zonal_mean_rmse,southern_hemisphere,0.5937975826091717,0.6297987823171911,0.0360011997080194,6.062874077362964
ACCESS-CM2,tas,zonal_mean_rmse,tropics,0.3519464738740906,0.4066625028663179,0.0547160289922272,15.546690492430397
ACCESS-CM2,tas,zonal_mean_rmse_anomaly,global,0.1541420576853958,0.1693731127102296,0.0152310550248337,9.88118055094373
ACCESS-CM2,tas,zonal_mean_rmse_anomaly,northern_hemisphere,0.1972697302826011,0.2038946636229691,0.0066249333403679,3.358312160146088
ACCESS-CM2,tas,zonal_mean_rmse_anomaly,southern_hemisphere,0.1812432114712315,0.1880979737017327,0.0068547622305011,3.782079436166488
ACCESS-CM2,tas,zonal_mean_rmse_anomaly,tropics,0.1880522693143044,0.1971770325134089,0.0091247631991044,4.852248384120087
ACCESS-CM2,tas,zonal_mean_rmse_bias_adjusted,global,0.2770292434239969,0.2609686749125401,-0.0160605685114567,-5.797427128252974
ACCESS-CM2,tas,zonal_mean_rmse_bias_adjusted,northern_hemisphere,0.2532804236262342,0.2897513792892712,0.0364709556630369,14.399437248595712
ACCESS-CM2,tas,zonal_mean_rmse_bias_adjusted,southern_hemisphere,0.4940219969493003,0.4765290860038836,-0.0174929109454167,-3.5409174193536876
ACCESS-CM2,tas,zonal_mean_rmse_bias_adjusted,tropics,0.2067760388331065,0.2084490675336552,0.0016730287005486,0.8091018233979392
ACCESS-CM2,tos,zonal_mean_mae,global,0.2152859270572662,0.2098545879125595,-0.0054313391447066,-2.5228491332189855
ACCESS-CM2,tos,zonal_mean_mae,northern_hemisphere,0.4639374613761902,0.4941625595092773,0.0302250981330871,6.5149078592251595
ACCESS-CM2,tos,zonal_mean_mae,southern_hemisphere,0.6915082335472107,0.7033824920654297,0.0118742585182189,1.7171535987804425
ACCESS-CM2,tos,zonal_mean_mae,tropics,0.2424801737070083,0.2365121990442276,-0.0059679746627807,-2.4612217038378903
ACCESS-CM2,tos,zonal_mean_mae_anomaly,global,0.066414400935173,0.0779081806540489,0.0114937797188758,17.306155829207825
ACCESS-CM2,tos,zonal_mean_mae_anomaly,northern_hemisphere,0.0796914398670196,0.0828950107097625,0.0032035708427429,4.019968578919739
ACCESS-CM2,tos,zonal_mean_mae_anomaly,southern_hemisphere,0.0749837383627891,0.0893957465887069,0.0144120082259178,19.22017832211711
ACCESS-CM2,tos,zonal_mean_mae_anomaly,tropics,0.1217573955655098,0.1423396617174148,0.020582266151905,16.904325241443768
ACCESS-CM2,tos,zonal_mean_mae_bias_adjusted,global,0.1208872348070144,0.1167845577001571,-0.0041026771068573,-3.393805072476722
ACCESS-CM2,tos,zonal_mean_mae_bias_adjusted,northern_hemisphere,0.1320169419050216,0.1255829632282257,-0.0064339786767959,-4.873600754534044
ACCESS-CM2,tos,zonal_mean_mae_bias_adjusted,southern_hemisphere,0.1927712857723236,0.1883416771888733,-0.0044296085834503,-2.297857051533077
ACCESS-CM2,tos,zonal_mean_mae_bias_adjusted,tropics,0.1507640928030014,0.1650687307119369,0.0143046379089354,9.488093380183637
ACCESS-CM2,tos,zonal_mean_rmse,global,0.26055508852005,0.2556776404380798,-0.0048774480819702,-1.8719450499600931
ACCESS-CM2,tos,zonal_mean_rmse,northern_hemisphere,0.4908795356750488,0.5156479477882385,0.0247684121131897,5.045721060489652
ACCESS-CM2,tos,zonal_mean_rmse,southern_hemisphere,0.7283201813697815,0.7404849529266357,0.0121647715568542,1.6702505117976365
ACCESS-CM2,tos,zonal_mean_rmse,tropics,0.294538289308548,0.2901023626327514,-0.0044359266757965,-1.50606112577426
ACCESS-CM2,tos,zonal_mean_rmse_anomaly,global,0.0862639173865318,0.095286414027214,0.0090224966406821,10.459177966906074
ACCESS-CM2,tos,zonal_mean_rmse_anomaly,northern_hemisphere,0.1037974581122398,0.1004774272441864,-0.0033200308680533,-3.1985666397180266
ACCESS-CM2,tos,zonal_mean_rmse_anomaly,southern_hemisphere,0.0950736999511718,0.1114232912659645,0.0163495913147926,17.196755068109848
ACCESS-CM2,tos,zonal_mean_rmse_anomaly,tropics,0.1532833576202392,0.1758069694042205,0.0225236117839812,14.694101260349305
ACCESS-CM2,tos,zonal_mean_rmse_bias_adjusted,global,0.1490375995635986,0.1482601463794708,-0.0007774531841278,-0.5216490244101429
ACCESS-CM2,tos,zonal_mean_rmse_bias_adjusted,northern_hemisphere,0.1603893637657165,0.1472962498664856,-0.0130931138992309,-8.163330530044522
ACCESS-CM2,tos,zonal_mean_rmse_bias_adjusted,southern_hemisphere,0.2286191433668136,0.2314541190862655,0.0028349757194519,1.2400430155156594
ACCESS-CM2,tos,zonal_mean_rmse_bias_adjusted,tropics,0.1833362579345703,0.2005166262388229,0.0171803683042525,9.370960495105113
CESM2-WACCM,clt,zonal_mean_mae,global,3.6234710216522217,3.4272515773773193,-0.1962194442749023,-5.415234263014216
CESM2-WACCM,clt,zonal_mean_mae,northern_hemisphere,4.227367877960205,4.3457207679748535,0.1183528900146484,2.7996827678918783
CESM2-WACCM,clt,zonal_mean_mae,southern_hemisphere,3.027930974960327,2.538339853286743,-0.489591121673584,-16.16916388525002
CESM2-WACCM,clt,zonal_mean_mae,tropics,1.373308539390564,1.4114197492599487,0.0381112098693847,2.7751381991913817
CESM2-WACCM,clt,zonal_mean_mae_anomaly,global,0.4835526645183563,0.459603875875473,-0.0239487886428833,-4.95267432074592
CESM2-WACCM,clt,zonal_mean_mae_anomaly,northern_hemisphere,0.6686026453971863,0.6288491487503052,-0.0397534966468811,-5.945758204899917
CESM2-WACCM,clt,zonal_mean_mae_anomaly,southern_hemisphere,0.6384905576705933,0.7209256291389465,0.0824350714683532,12.910930393254578
CESM2-WACCM,clt,zonal_mean_mae_anomaly,tropics,0.7636047601699829,0.8172697424888611,0.0536649823188781,7.027848059371975
CESM2-WACCM,clt,zonal_mean_mae_bias_adjusted,global,0.8300977349281311,0.8236460089683533,-0.0064517259597778,-0.7772248601950967
CESM2-WACCM,clt,zonal_mean_mae_bias_adjusted,northern_hemisphere,1.020365834236145,0.8549363613128662,-0.1654294729232788,-16.21276089150131
CESM2-WACCM,clt,zonal_mean_mae_bias_adjusted,southern_hemisphere,1.299718737602234,1.3185031414031982,0.0187844038009641,1.4452668302388445
CESM2-WACCM,clt,zonal_mean_mae_bias_adjusted,tropics,1.172017216682434,1.2531540393829346,0.0811368227005004,6.9228353940200735
CESM2-WACCM,clt,zonal_mean_rmse,global,3.76080870628357,3.581712484359741,-0.1790962219238285,-4.7621731364478626
CESM2-WACCM,clt,zonal_mean_rmse,northern_hemisphere,4.405758857727051,4.481138706207275,0.0753798484802246,1.7109390439746714
CESM2-WACCM,clt,zonal_mean_rmse,southern_hemisphere,3.3927817344665527,2.9539129734039307,-0.438868761062622,-12.93536677011218
CESM2-WACCM,clt,zonal_mean_rmse,tropics,1.7041893005371094,1.834601640701294,0.1304123401641845,7.652456222033697
CESM2-WACCM,clt,zonal_mean_rmse_anomaly,global,0.5892530083656311,0.595285952091217,0.0060329437255859,1.023829092076947
CESM2-WACCM,clt,zonal_mean_rmse_anomaly,northern_hemisphere,0.8243761658668518,0.7587845921516418,-0.0655915737152099,-7.956510198986504
CESM2-WACCM,clt,zonal_mean_rmse_anomaly,southern_hemisphere,0.7894791960716248,0.9053174257278442,0.1158382296562194,14.672739982588492
CESM2-WACCM,clt,zonal_mean_rmse_anomaly,tropics,0.9575143456459044,1.0321165323257446,0.0746021866798402,7.791234357905757
CESM2-WACCM,clt,zonal_mean_rmse_bias_adjusted,global,1.0070449113845823,1.040485382080078,0.0334404706954956,3.320653360883223
CESM2-WACCM,clt,zonal_mean_rmse_bias_adjusted,northern_hemisphere,1.240997076034546,1.0933034420013428,-0.1476936340332031,-11.901207253859134
CESM2-WACCM,clt,zonal_mean_rmse_bias_adjusted,southern_hemisphere,1.5483981370925903,1.5605334043502808,0.0121352672576904,0.7837304222334369
CESM2-WACCM,clt,zonal_mean_rmse_bias_adjusted,tropics,1.4275624752044678,1.6007598638534546,0.1731973886489868,12.132385913560803
CESM2-WACCM,od550aer,zonal_mean_mae,global,0.0309318378567695,0.0257592722773551,-0.0051725655794143,-16.722464417943957
CESM2-WACCM,od550aer,zonal_mean_mae,northern_hemisphere,0.0512208715081214,0.0382237322628498,-0.0129971392452716,-25.374693679725496
CESM2-WACCM,od550aer,zonal_mean_mae,southern_hemisphere,0.0200346000492572,0.0210780929774045,0.0010434929281473,5.20845400248452
CESM2-WACCM,od550aer,zonal_mean_mae,tropics,0.011586052365601,0.0135608911514282,0.0019748387858271,17.04496685765462
CESM2-WACCM,od550aer,zonal_mean_mae_anomaly,global,0.0059689036570489,0.0081855515018105,0.0022166478447616,37.13659948496369
CESM2-WACCM,od550aer,zonal_mean_mae_anomaly,northern_hemisphere,0.0094942096620798,0.011321653611958,0.0018274439498782,19.247983928320796
CESM2-WACCM,od550aer,zonal_mean_mae_anomaly,southern_hemisphere,0.0051264860667288,0.009237359277904,0.0041108732111752,80.18890830221919
CESM2-WACCM,od550aer,zonal_mean_mae_anomaly,tropics,0.0082375677302479,0.0101854614913463,0.0019478937610984,23.646467317602024
CESM2-WACCM,od550aer,zonal_mean_mae_bias_adjusted,global,0.0075588952749967,0.0086006522178649,0.0010417569428681,13.781867653519706
CESM2-WACCM,od550aer,zonal_mean_mae_bias_adjusted,northern_hemisphere,0.0213353279978036,0.0168666075915098,-0.0044687204062938,-20.945168533400743
CESM2-WACCM,od550aer,zonal_mean_mae_bias_adjusted,southern_hemisphere,0.0153895737603306,0.016187522560358,0.0007979488000273,5.18499610485805
CESM2-WACCM,od550aer,zonal_mean_mae_bias_adjusted,tropics,0.0112784476950764,0.01281663402915,0.0015381863340736,13.63828051217629
CESM2-WACCM,od550aer,zonal_mean_rmse,global,0.0324125178158283,0.0280132517218589,-0.0043992660939694,-13.57273791245267
CESM2-WACCM,od550aer,zonal_mean_rmse,northern_hemisphere,0.0574582517147064,0.0429631806910038,-0.0144950710237026,-25.227135513405464
CESM2-WACCM,od550aer,zonal_mean_rmse,southern_hemisphere,0.0231197904795408,0.0258288532495498,0.0027090627700089,11.717505711854557
CESM2-WACCM,od550aer,zonal_mean_rmse,tropics,0.0143445152789354,0.0175698455423116,0.0032253302633761,22.484762995878462
CESM2-WACCM,od550aer,zonal_mean_rmse_anomaly,global,0.0072329132817685,0.0101327700540423,0.0028998567722737,40.092514030041905
CESM2-WACCM,od550aer,zonal_mean_rmse_anomaly,northern_hemisphere,0.0123037323355674,0.0143793486058712,0.0020756162703038,16.86981001938451
CESM2-WACCM,od550aer,zonal_mean_rmse_anomaly,southern_hemisphere,0.0064550321549177,0.012017766945064,0.0055627347901463,86.17671696504856
CESM2-WACCM,od550aer,zonal_mean_rmse_anomaly,tropics,0.0100556444376707,0.0126690482720732,0.0026134038344024,25.989421668611328
CESM2-WACCM,od550aer,zonal_mean_rmse_bias_adjusted,global,0.0096846669912338,0.0113782035186886,0.0016935365274548,17.486781207735145
CESM2-WACCM,od550aer,zonal_mean_rmse_bias_adjusted,northern_hemisphere,0.0260359980165958,0.0208260286599397,-0.005209969356656,-20.010638168489542
CESM2-WACCM,od550aer,zonal_mean_rmse_bias_adjusted,southern_hemisphere,0.0179670583456754,0.0200412571430206,0.0020741987973451,11.5444540638699
CESM2-WACCM,od550aer,zonal_mean_rmse_bias_adjusted,tropics,0.0140493027865886,0.0168416500091552,0.0027923472225666,19.87534374468862
CESM2-WACCM,pr,zonal_mean_mae,global,2.7199105261388468e-06,2.936747250714689e-06,2.1683672457584225e-07,7.972200647484573
CESM2-WACCM,pr,zonal_mean_mae,northern_hemisphere,2.937784302048385e-06,3.348258360347245e-06,4.104740582988598e-07,13.972232679324163
CESM2-WACCM,pr,zonal_mean_mae,southern_hemisphere,2.815655079757562e-06,2.767488467725343e-06,-4.816661203221883e-08,-1.7106716081277311
CESM2-WACCM,pr,zonal_mean_mae,tropics,4.59965940535767e-06,4.747535513160983e-06,1.4787610780331306e-07,3.214936037026294
CESM2-WACCM,pr,zonal_mean_mae_anomaly,global,4.263907555923652e-07,4.884888085143757e-07,6.20980529220105e-08,14.563648978679309
CESM2-WACCM,pr,zonal_mean_mae_anomaly,northern_hemisphere,9.452850235902588e-07,9.76622118287196e-07,3.1337094696937136e-08,3.3150948036727215
CESM2-WACCM,pr,zonal_mean_mae_anomaly,southern_hemisphere,9.450968150304108e-07,1.094123604161723e-06,1.490267891313123e-07,15.768415125440562
CESM2-WACCM,pr,zonal_mean_mae_anomaly,tropics,7.595447186758975e-07,8.503978961016401e-07,9.085317742574263e-08,11.961531058253629
CESM2-WACCM,pr,zonal_mean_mae_bias_adjusted,global,6.451200533774681e-07,7.072667358443141e-07,6.214668246684596e-08,9.633351519842329
CESM2-WACCM,pr,zonal_mean_mae_bias_adjusted,northern_hemisphere,1.6367151829399518e-06,1.6346232314390363e-06,-2.0919515009154566e-09,-0.1278140218115277
CESM2-WACCM,pr,zonal_mean_mae_bias_adjusted,southern_hemisphere,1.791697854969243e-06,1.8962507510877913e-06,1.0455289611854825e-07,5.8354089015942385
CESM2-WACCM,pr,zonal_mean_mae_bias_adjusted,tropics,8.823604957797215e-07,1.0545960549279698e-06,1.7223555914824829e-07,19.519862910005703
CESM2-WACCM,pr,zonal_mean_rmse,global,2.835247187249479e-06,3.058473794226302e-06,2.2322660697682298e-07,7.87326791049139
CESM2-WACCM,pr,zonal_mean_rmse,northern_hemisphere,3.4081056128343334e-06,3.837362328340532e-06,4.292567155061988e-07,12.59517058067956
CESM2-WACCM,pr,zonal_mean_rmse,southern_hemisphere,3.4623928968358086e-06,3.4321228667977266e-06,-3.027003003808204e-08,-0.8742517368766854
CESM2-WACCM,pr,zonal_mean_rmse,tropics,4.733678451884771e-06,4.912938493362162e-06,1.792600414773915e-07,3.7869078624471624
CESM2-WACCM,pr,zonal_mean_rmse_anomaly,global,5.224822530180973e-07,6.12961287060898e-07,9.047903404280079e-08,17.317149725211213
CESM2-WACCM,pr,zonal_mean_rmse_anomaly,northern_hemisphere,1.21287155252503e-06,1.1998149602732155e-06,-1.3056592251814436e-08,-1.0765024725522192
CESM2-WACCM,pr,zonal_mean_rmse_anomaly,southern_hemisphere,1.1664553767332109e-06,1.3885287444281855e-06,2.220733676949747e-07,19.038308033429967
CESM2-WACCM,pr,zonal_mean_rmse_anomaly,tropics,9.245040928362868e-07,1.0562292800386786e-06,1.317251872023918e-07,14.248199464241631
CESM2-WACCM,pr,zonal_mean_rmse_bias_adjusted,global,8.004458322830033e-07,8.54270183481276e-07,5.3824351198272786e-08,6.724296514200951
CESM2-WACCM,pr,zonal_mean_rmse_bias_adjusted,northern_hemisphere,2.0302654775150586e-06,1.9407859781495063e-06,-8.947949936555234e-08,-4.407280740205004
CESM2-WACCM,pr,zonal_mean_rmse_bias_adjusted,southern_hemisphere,2.1649100290233037e-06,2.2829360659670783e-06,1.1802603694377468e-07,5.451775610140342
CESM2-WACCM,pr,zonal_mean_rmse_bias_adjusted,tropics,1.1184101822436787e-06,1.2640696240850955e-06,1.4565944184141678e-07,13.023794324655082
CESM2-WACCM,tas,zonal_mean_mae,global,0.3383625537872679,0.3251495120835031,-0.0132130417037647,-3.904995264952377
CESM2-WACCM,tas,zonal_mean_mae,northern_hemisphere,0.7533758390128412,0.6452076031208658,-0.1081682358919754,-14.357805266719168
CESM2-WACCM,tas,zonal_mean_mae,southern_hemisphere,0.4521624953610801,0.4370532766612512,-0.0151092186998288,-3.3415462040395982
CESM2-WACCM,tas,zonal_mean_mae,tropics,0.343921456833767,0.3119858971185527,-0.0319355597152143,-9.285713083801646
CESM2-WACCM,tas,zonal_mean_mae_anomaly,global,0.1530069196235369,0.1571596437301863,0.0041527241066493,2.714076014906303
CESM2-WACCM,tas,zonal_mean_mae_anomaly,northern_hemisphere,0.1856714608771255,0.195843709697614,0.0101722488204885,5.478628095257107
CESM2-WACCM,tas,zonal_mean_mae_anomaly,southern_hemisphere,0.1526625752510241,0.1459059684784117,-0.0067566067726124,-4.425843571354985
CESM2-WACCM,tas,zonal_mean_mae_anomaly,tropics,0.2291586698609544,0.1879683467283347,-0.0411903231326196,-17.974586411071666
CESM2-WACCM,tas,zonal_mean_mae_bias_adjusted,global,0.3056967510871032,0.3050693684759982,-0.000627382611105,-0.2052303823556984
CESM2-WACCM,tas,zonal_mean_mae_bias_adjusted,northern_hemisphere,0.3289397864923709,0.3533703516122003,0.0244305651198294,7.427062983272186
CESM2-WACCM,tas,zonal_mean_mae_bias_adjusted,southern_hemisphere,0.3893277322285584,0.3765125511752908,-0.0128151810532675,-3.291617830538796
CESM2-WACCM,tas,zonal_mean_mae_bias_adjusted,tropics,0.2428824441129099,0.2028236415999596,-0.0400588025129503,-16.493082758310837
CESM2-WACCM,tas,zonal_mean_rmse,global,0.4170088828101109,0.3915451820321426,-0.0254637007779682,-6.1062729902478905
CESM2-WACCM,tas,zonal_mean_rmse,northern_hemisphere,0.8570097015074156,0.7732940210251446,-0.083715680482271,-9.768346885107777
CESM2-WACCM,tas,zonal_mean_rmse,southern_hemisphere,0.5469834258264258,0.5347041787422536,-0.0122792470841721,-2.2449029539825096
CESM2-WACCM,tas,zonal_mean_rmse,tropics,0.4171352685901898,0.3638590197263761,-0.0532762488638137,-12.77193583843288
CESM2-WACCM,tas,zonal_mean_rmse_anomaly,global,0.1879002194565851,0.1849762366645996,-0.0029239827919854,-1.5561359110924782
CESM2-WACCM,tas,zonal_mean_rmse_anomaly,northern_hemisphere,0.2377039150231847,0.2390520276500231,0.0013481126268383,0.5671394291957327
CESM2-WACCM,tas,zonal_mean_rmse_anomaly,southern_hemisphere,0.1920123948631012,0.176617891931176,-0.0153945029319252,-8.017452697728709
CESM2-WACCM,tas,zonal_mean_rmse_anomaly,tropics,0.2721946437994359,0.2313962523007728,-0.0407983914986631,-14.988682704838617
CESM2-WACCM,tas,zonal_mean_rmse_bias_adjusted,global,0.3639314946232433,0.3650928169312472,0.0011613223080038,0.3191046461109701
CESM2-WACCM,tas,zonal_mean_rmse_bias_adjusted,northern_hemisphere,0.4085223053719781,0.4322321628816769,0.0237098575096987,5.803809779275059
CESM2-WACCM,tas,zonal_mean_rmse_bias_adjusted,southern_hemisphere,0.4559200217352393,0.4321611360753303,-0.023758885659909,-5.21119593947252
CESM2-WACCM,tas,zonal_mean_rmse_bias_adjusted,tropics,0.2877941935623523,0.2508213533208052,-0.0369728402415471,-12.846972269972756
CESM2-WACCM,tos,zonal_mean_mae,global,0.6161442399024963,0.5132587552070618,-0.1028854846954345,-16.69827907694406
CESM2-WACCM,tos,zonal_mean_mae,northern_hemisphere,0.746371865272522,0.5802878141403198,-0.1660840511322021,-22.25218538637708
CESM2-WACCM,tos,zonal_mean_mae,southern_hemisphere,0.5026312470436096,0.4465436339378357,-0.0560876131057739,-11.158799504740625
CESM2-WACCM,tos,zonal_mean_mae,tropics,0.7226837277412415,0.6223418116569519,-0.1003419160842895,-13.88462369256738
CESM2-WACCM,tos,zonal_mean_mae_anomaly,global,0.1086919978260994,0.0941342636942863,-0.014557734131813,-13.393565692945108
CESM2-WACCM,tos,zonal_mean_mae_anomaly,northern_hemisphere,0.1298671811819076,0.1158261597156524,-0.0140410214662552,-10.811832010573678
CESM2-WACCM,tos,zonal_mean_mae_anomaly,southern_hemisphere,0.1040272340178489,0.0902321562170982,-0.0137950778007507,-13.261025279576076
CESM2-WACCM,tos,zonal_mean_mae_anomaly,tropics,0.2041761428117752,0.1749102026224136,-0.0292659401893616,-14.333672772112816
CESM2-WACCM,tos,zonal_mean_mae_bias_adjusted,global,0.1276855021715164,0.1255611777305603,-0.002124324440956,-1.6637162440748692
CESM2-WACCM,tos,zonal_mean_mae_bias_adjusted,northern_hemisphere,0.1554295122623443,0.1560680121183395,0.0006384998559952,0.4107970530831386
CESM2-WACCM,tos,zonal_mean_mae_bias_adjusted,southern_hemisphere,0.1320204138755798,0.1230750307440757,-0.0089453831315041,-6.775757527873312
CESM2-WACCM,tos,zonal_mean_mae_bias_adjusted,tropics,0.2092691361904144,0.1825925558805465,-0.0266765803098679,-12.747498649583395
CESM2-WACCM,tos,zonal_mean_rmse,global,0.6365572214126587,0.5361083149909973,-0.1004489064216613,-15.780027787406675
CESM2-WACCM,tos,zonal_mean_rmse,northern_hemisphere,0.7719448208808899,0.6124102473258972,-0.1595345735549926,-20.666577356260113
CESM2-WACCM,tos,zonal_mean_rmse,southern_hemisphere,0.5299633145332336,0.4716613292694092,-0.0583019852638244,-11.001136053195316
CESM2-WACCM,tos,zonal_mean_rmse,tropics,0.7649328112602234,0.6620621085166931,-0.1028707027435302,-13.448331831138375
CESM2-WACCM,tos,zonal_mean_rmse_anomaly,global,0.1296502649784088,0.1178974285721778,-0.011752836406231,-9.065030764255097
CESM2-WACCM,tos,zonal_mean_rmse_anomaly,northern_hemisphere,0.1556824594736099,0.1465776562690735,-0.0091048032045364,-5.848316653861565
CESM2-WACCM,tos,zonal_mean_rmse_anomaly,southern_hemisphere,0.1296271532773971,0.1129402816295623,-0.0166868716478348,-12.872975473067394
CESM2-WACCM,tos,zonal_mean_rmse_anomaly,tropics,0.2437102943658828,0.213346391916275,-0.0303639024496077,-12.459015130490304
CESM2-WACCM,tos,zonal_mean_rmse_bias_adjusted,global,0.1599104553461074,0.1548468917608261,-0.0050635635852812,-3.16649938512263
CESM2-WACCM,tos,zonal_mean_rmse_bias_adjusted,northern_hemisphere,0.1970478147268295,0.1973455846309662,0.0002977699041366,0.1511155576881117
CESM2-WACCM,tos,zonal_mean_rmse_bias_adjusted,southern_hemisphere,0.1679967790842056,0.1518657952547073,-0.0161309838294982,-9.601960178898969
CESM2-WACCM,tos,zonal_mean_rmse_bias_adjusted,tropics,0.2506999969482422,0.2258692681789398,-0.0248307287693023,-9.904558863807557
CanESM5,clt,zonal_mean_mae,global,1.3070160150527954,1.5887138843536377,0.2816978693008423,21.552748096163413
CanESM5,clt,zonal_mean_mae,northern_hemisphere,2.36029052734375,2.3178327083587646,-0.0424578189849853,-1.7988386807943937
CanESM5,clt,zonal_mean_mae,southern_hemisphere,1.820289134979248,2.070260524749756,0.2499713897705078,13.73251012528609
CanESM5,clt,zonal_mean_mae,tropics,1.8643074035644531,1.9285987615585327,0.0642913579940795,3.4485384690935654
CanESM5,clt,zonal_mean_mae_anomaly,global,0.3908134698867798,0.454512745141983,0.0636992752552031,16.299150403812114
CanESM5,clt,zonal_mean_mae_anomaly,northern_hemisphere,0.5763120651245117,0.6100072264671326,0.0336951613426208,5.846686783373352
CanESM5,clt,zonal_mean_mae_anomaly,southern_hemisphere,0.5770549774169922,0.66645348072052,0.0893985033035278,15.492198629616286
CanESM5,clt,zonal_mean_mae_anomaly,tropics,0.6436960697174072,0.7547165155410767,0.1110204458236694,17.24733939612357
CanESM5,clt,zonal_mean_mae_bias_adjusted,global,0.6357485055923462,0.6491705775260925,0.0134220719337463,2.1112235130211725
CanESM5,clt,zonal_mean_mae_bias_adjusted,northern_hemisphere,1.7143384218215942,1.752734899520874,0.0383964776992797,2.2397256697123473
CanESM5,clt,zonal_mean_mae_bias_adjusted,southern_hemisphere,1.779126763343811,1.9217774868011477,0.1426507234573366,8.018019086466285
CanESM5,clt,zonal_mean_mae_bias_adjusted,tropics,1.4498717784881592,1.4675966501235962,0.017724871635437,1.2225130455273403
CanESM5,clt,zonal_mean_rmse,global,1.5087308883666992,1.788209080696106,0.2794781923294067,18.524058497401107
CanESM5,clt,zonal_mean_rmse,northern_hemisphere,3.0052194595336914,3.0149893760681152,0.0097699165344238,0.3250982720556384
CanESM5,clt,zonal_mean_rmse,southern_hemisphere,2.0812530517578125,2.4360086917877197,0.3547556400299072,17.045291043791284
CanESM5,clt,zonal_mean_rmse,tropics,2.3714396953582764,2.450787305831909,0.0793476104736328,3.3459678788772655
CanESM5,clt,zonal_mean_rmse_anomaly,global,0.515566885471344,0.585131049156189,0.0695641636848449,13.492752472115756
CanESM5,clt,zonal_mean_rmse_anomaly,northern_hemisphere,0.7446953654289246,0.7952139973640442,0.0505186319351196,6.783798353038259
CanESM5,clt,zonal_mean_rmse_anomaly,southern_hemisphere,0.7276813387870789,0.851392388343811,0.1237110495567321,17.000717616716333
CanESM5,clt,zonal_mean_rmse_anomaly,tropics,0.857568085193634,0.9591336250305176,0.1015655398368835,11.84343745884044
CanESM5,clt,zonal_mean_rmse_bias_adjusted,global,0.7961466908454895,0.8207802176475525,0.0246335268020629,3.0940939760614654
CanESM5,clt,zonal_mean_rmse_bias_adjusted,northern_hemisphere,2.1724634170532227,2.105461835861206,-0.0670015811920166,-3.0841293190979955
CanESM5,clt,zonal_mean_rmse_bias_adjusted,southern_hemisphere,2.023531436920166,2.212423801422119,0.1888923645019531,9.334787740656456
CanESM5,clt,zonal_mean_rmse_bias_adjusted,tropics,1.7394903898239136,1.7424198389053345,0.0029294490814208,0.1684084659828125
CanESM5,od550aer,zonal_mean_mae,global,0.0282990410923957,0.0336962938308715,0.0053972527384757,19.072210683230917
CanESM5,od550aer,zonal_mean_mae,northern_hemisphere,0.040589515119791,0.0430485568940639,0.0024590417742728,6.058317688732123
CanESM5,od550aer,zonal_mean_mae,southern_hemisphere,0.0448083393275737,0.0533459670841693,0.0085376277565955,19.053658057221952
CanESM5,od550aer,zonal_mean_mae,tropics,0.0416417606174945,0.040444828569889,-0.0011969320476055,-2.8743550461280125
CanESM5,od550aer,zonal_mean_mae_anomaly,global,0.0115431966260075,0.0118813691660761,0.0003381725400686,2.9296264373308674
CanESM5,od550aer,zonal_mean_mae_anomaly,northern_hemisphere,0.0216543115675449,0.0190974678844213,-0.0025568436831235,-11.807550081415432
CanESM5,od550aer,zonal_mean_mae_anomaly,southern_hemisphere,0.0046387910842895,0.0098040951415896,0.0051653040573001,111.35021956030263
CanESM5,od550aer,zonal_mean_mae_anomaly,tropics,0.0106850508600473,0.0117556480690836,0.0010705972090363,10.019579907096116
CanESM5,od550aer,zonal_mean_mae_bias_adjusted,global,0.0207891426980495,0.0229560174047946,0.002166874706745,10.423107572148234
CanESM5,od550aer,zonal_mean_mae_bias_adjusted,northern_hemisphere,0.0406754799187183,0.0429267473518848,0.0022512674331664,5.534704046922614
CanESM5,od550aer,zonal_mean_mae_bias_adjusted,southern_hemisphere,0.0155961979180574,0.0175051800906658,0.0019089821726083,12.240048392808388
CanESM5,od550aer,zonal_mean_mae_bias_adjusted,tropics,0.0149272782728075,0.016008635982871,0.0010813577100635,7.244171980322577
CanESM5,od550aer,zonal_mean_rmse,global,0.0333364941179752,0.0392654687166214,0.0059289745986461,17.785237336787812
CanESM5,od550aer,zonal_mean_rmse,northern_hemisphere,0.0563443563878536,0.0574775002896785,0.0011331439018248,2.0111045266446106
CanESM5,od550aer,zonal_mean_rmse,southern_hemisphere,0.0483590327203273,0.0574365258216857,0.0090774931013584,18.77103943301735
CanESM5,od550aer,zonal_mean_rmse,tropics,0.0452836267650127,0.0446388497948646,-0.0006447769701481,-1.423863361240915
CanESM5,od550aer,zonal_mean_rmse_anomaly,global,0.0167044010013341,0.0164706725627183,-0.0002337284386157,-1.3992027525987445
CanESM5,od550aer,zonal_mean_rmse_anomaly,northern_hemisphere,0.0317118279635906,0.0283350236713886,-0.003376804292202,-10.64840631728648
CanESM5,od550aer,zonal_mean_rmse_anomaly,southern_hemisphere,0.0061533888801932,0.0127270873636007,0.0065736984834075,106.83053860885032
CanESM5,od550aer,zonal_mean_rmse_anomaly,tropics,0.0140381790697574,0.0155516117811203,0.0015134327113628,10.78083349587201
CanESM5,od550aer,zonal_mean_rmse_bias_adjusted,global,0.0275218468159437,0.0293503645807504,0.0018285177648066,6.643877415041127
CanESM5,od550aer,zonal_mean_rmse_bias_adjusted,northern_hemisphere,0.0562478341162204,0.0574594885110855,0.0012116543948651,2.1541352016533843
CanESM5,od550aer,zonal_mean_rmse_bias_adjusted,southern_hemisphere,0.018188152462244,0.0212876144796609,0.0030994620174169,17.04110422348252
CanESM5,od550aer,zonal_mean_rmse_bias_adjusted,tropics,0.019234824925661,0.0206912904977798,0.0014564655721188,7.572024064413207
CanESM5,pr,zonal_mean_mae,global,2.238223714812193e-06,2.665819010871928e-06,4.275952960597351e-07,19.10422507053162
CanESM5,pr,zonal_mean_mae,northern_hemisphere,3.003161737069604e-06,3.161781478411285e-06,1.5861974134168125e-07,5.281758201156946
CanESM5,pr,zonal_mean_mae,southern_hemisphere,3.094847897955333e-06,3.324671070004115e-06,2.29823172048782e-07,7.425992476096122
CanESM5,pr,zonal_mean_mae,tropics,5.823535502713639e-06,6.242940798983909e-06,4.194052962702699e-07,7.201901595256632
CanESM5,pr,zonal_mean_mae_anomaly,global,4.526085319866979e-07,4.7587090534761955e-07,2.3262373360921632e-08,5.139623254297227
CanESM5,pr,zonal_mean_mae_anomaly,northern_hemisphere,9.42015446980804e-07,9.497286441728648e-07,7.713197192060867e-09,0.8187973155622833
CanESM5,pr,zonal_mean_mae_anomaly,southern_hemisphere,8.526672559128201e-07,1.0091397371070343e-06,1.564724811942142e-07,18.350942892336484
CanESM5,pr,zonal_mean_mae_anomaly,tropics,7.493856628570938e-07,8.217743356908613e-07,7.23886728337675e-08,9.659735490238734
CanESM5,pr,zonal_mean_mae_bias_adjusted,global,6.684155664515856e-07,7.101243681972846e-07,4.170880174569903e-08,6.239950689227411
CanESM5,pr,zonal_mean_mae_bias_adjusted,northern_hemisphere,2.642640993144596e-06,2.5127999379037647e-06,-1.2984105524083134e-07,-4.913306634448582
CanESM5,pr,zonal_mean_mae_bias_adjusted,southern_hemisphere,2.0249540284567047e-06,2.187867949032807e-06,1.629139205761021e-07,8.045314525005047
CanESM5,pr,zonal_mean_mae_bias_adjusted,tropics,8.178232064892654e-07,9.903865247906651e-07,1.725633183013997e-07,21.100320574440037
CanESM5,pr,zonal_mean_rmse,global,2.387221684330143e-06,2.80184690382157e-06,4.1462521949142683e-07,17.368526023915166
CanESM5,pr,zonal_mean_rmse,northern_hemisphere,3.3977016755670775e-06,3.646946879598545e-06,2.4924520403146744e-07,7.335700065246851
CanESM5,pr,zonal_mean_rmse,southern_hemisphere,3.813592911683372e-06,4.14149235439254e-06,3.278994427091679e-07,8.598176320933758
CanESM5,pr,zonal_mean_rmse,tropics,5.914089797443012e-06,6.362807198456721e-06,4.487174010137096e-07,7.587260531751056
CanESM5,pr,zonal_mean_rmse_anomaly,global,5.652647132592392e-07,6.08930974976829e-07,4.366626171758981e-08,7.724922623564471
CanESM5,pr,zonal_mean_rmse_anomaly,northern_hemisphere,1.1658372613965184e-06,1.152149593508511e-06,-1.368766788800734e-08,-1.1740633398190865
CanESM5,pr,zonal_mean_rmse_anomaly,southern_hemisphere,1.0985185099343653e-06,1.276952275475196e-06,1.784337655408308e-07,16.243127805965866
CanESM5,pr,zonal_mean_rmse_anomaly,tropics,9.064956998372508e-07,1.0505671070859537e-06,1.4407140724870294e-07,15.8932256683147
CanESM5,pr,zonal_mean_rmse_bias_adjusted,global,8.408383109781425e-07,8.624122642686416e-07,2.1573953290499048e-08,2.5657671646053077
CanESM5,pr,zonal_mean_rmse_bias_adjusted,northern_hemisphere,3.0459248137049144e-06,2.9510536023735767e-06,-9.487121133133769e-08,-3.114693143588826
CanESM5,pr,zonal_mean_rmse_bias_adjusted,southern_hemisphere,2.400964604021283e-06,2.6425616397318663e-06,2.4159703571058344e-07,10.062498851750746
CanESM5,pr,zonal_mean_rmse_bias_adjusted,tropics,1.0309646540918038e-06,1.2292279052417143e-06,1.982632511499105e-07,19.230848541996263
CanESM5,tas,zonal_mean_mae,global,0.2615309705503345,0.353417405849279,0.0918864352989445,35.13405510085085
CanESM5,tas,zonal_mean_mae,northern_hemisphere,0.4592056720336691,0.7326556727310816,0.2734500006974125,59.54848063753077
CanESM5,tas,zonal_mean_mae,southern_hemisphere,0.3885321112227923,0.3623640844738659,-0.0261680267489263,-6.735100135371074
CanESM5,tas,zonal_mean_mae,tropics,0.7420089108416846,0.8220677527624602,0.0800588419207756,10.789471763885192
CanESM5,tas,zonal_mean_mae_anomaly,global,0.1760339312863882,0.1534663178568597,-0.0225676134295284,-12.820036037719008
CanESM5,tas,zonal_mean_mae_anomaly,northern_hemisphere,0.2452552859172271,0.2121252576858069,-0.0331300282314201,-13.508384990569164
CanESM5,tas,zonal_mean_mae_anomaly,southern_hemisphere,0.1449448189864592,0.1395974918069664,-0.0053473271794927,-3.689215811151101
CanESM5,tas,zonal_mean_mae_anomaly,tropics,0.1838808219742929,0.1897609249452372,0.0058801029709442,3.19777935937569
CanESM5,tas,zonal_mean_mae_bias_adjusted,global,0.2411052350598339,0.2190550465686674,-0.0220501884911664,-9.145462347880754
CanESM5,tas,zonal_mean_mae_bias_adjusted,northern_hemisphere,0.2902783093562789,0.2693503915393298,-0.020927917816949,-7.20960441838001
CanESM5,tas,zonal_mean_mae_bias_adjusted,southern_hemisphere,0.3953146369760517,0.3633574270619216,-0.03195720991413,-8.083993590165514
CanESM5,tas,zonal_mean_mae_bias_adjusted,tropics,0.197652453963595,0.2047359907744412,0.0070835368108462,3.5838344876562576
CanESM5,tas,zonal_mean_rmse,global,0.3278369753654701,0.4287034025173195,0.1008664271518494,30.76725163151725
CanESM5,tas,zonal_mean_rmse,northern_hemisphere,0.5360861332990569,0.7997661773430469,0.26368004404399,49.18613403061025
CanESM5,tas,zonal_mean_rmse,southern_hemisphere,0.4598370872489018,0.4243903900900344,-0.0354466971588674,-7.708533770283031
CanESM5,tas,zonal_mean_rmse,tropics,0.7816251394491528,0.85992377468849,0.0782986352393372,10.017415163299107
CanESM5,tas,zonal_mean_rmse_anomaly,global,0.2158721635807612,0.1852795446194101,-0.030592618961351,-14.171636793692446
CanESM5,tas,zonal_mean_rmse_anomaly,northern_hemisphere,0.3070189667505881,0.261624852213471,-0.0453941145371171,-14.78544306808047
CanESM5,tas,zonal_mean_rmse_anomaly,southern_hemisphere,0.1754494216442429,0.1744666625698221,-0.0009827590744208,-0.5601381100095808
CanESM5,tas,zonal_mean_rmse_anomaly,tropics,0.220264138502209,0.2304545960599151,0.0101904575577061,4.626471484192112
CanESM5,tas,zonal_mean_rmse_bias_adjusted,global,0.293702481995424,0.2686959422238117,-0.0250065397716122,-8.514241895988432
CanESM5,tas,zonal_mean_rmse_bias_adjusted,northern_hemisphere,0.3587607002107189,0.3320562611898782,-0.0267044390208406,-7.443524055214458
CanESM5,tas,zonal_mean_rmse_bias_adjusted,southern_hemisphere,0.4559190620989358,0.424223182022614,-0.0316958800763217,-6.9520848569923785
CanESM5,tas,zonal_mean_rmse_bias_adjusted,tropics,0.2456840142393735,0.252723301830927,0.0070392875915535,2.8651793293702155
CanESM5,tos,zonal_mean_mae,global,0.1727862209081649,0.1814789175987243,0.0086926966905594,5.030896934298681
CanESM5,tos,zonal_mean_mae,northern_hemisphere,0.1636403650045395,0.1582877039909362,-0.0053526610136032,-3.2709906345263944
CanESM5,tos,zonal_mean_mae,southern_hemisphere,0.2177899330854416,0.1821962147951126,-0.0355937182903289,-16.343142121433658
CanESM5,tos,zonal_mean_mae,tropics,0.4826403260231018,0.4683484137058258,-0.014291912317276,-2.961193159104553
CanESM5,tos,zonal_mean_mae_anomaly,global,0.1045899838209152,0.0822256430983543,-0.0223643407225608,-21.382870429403994
CanESM5,tos,zonal_mean_mae_anomaly,northern_hemisphere,0.1476261764764785,0.1097873821854591,-0.0378387942910194,-25.631493813733172
CanESM5,tos,zonal_mean_mae_anomaly,southern_hemisphere,0.0791643485426902,0.0748855918645858,-0.0042787566781044,-5.404903541645438
CanESM5,tos,zonal_mean_mae_anomaly,tropics,0.1688908040523529,0.1637741029262542,-0.0051167011260987,-3.029591311858896
CanESM5,tos,zonal_mean_mae_bias_adjusted,global,0.10822294652462,0.0862103179097175,-0.0220126286149024,-20.340075115118744
CanESM5,tos,zonal_mean_mae_bias_adjusted,northern_hemisphere,0.1566563546657562,0.1143728718161583,-0.0422834828495979,-26.99123373565945
CanESM5,tos,zonal_mean_mae_bias_adjusted,southern_hemisphere,0.082335278391838,0.0786530822515487,-0.0036821961402893,-4.472197352349424
CanESM5,tos,zonal_mean_mae_bias_adjusted,tropics,0.1763782650232315,0.1660917550325393,-0.0102865099906921,-5.832073464004941
CanESM5,tos,zonal_mean_rmse,global,0.2056371867656707,0.2058942914009094,0.0002571046352387,0.1250282788256974
CanESM5,tos,zonal_mean_rmse,northern_hemisphere,0.1918162256479263,0.1918177008628845,1.475214958190918e-06,0.000769077252567
CanESM5,tos,zonal_mean_rmse,southern_hemisphere,0.2389741539955139,0.2029511779546737,-0.0360229760408401,-15.074005049732872
CanESM5,tos,zonal_mean_rmse,tropics,0.5250016450881958,0.5104647278785706,-0.0145369172096252,-2.7689279349178357
CanESM5,tos,zonal_mean_rmse_anomaly,global,0.1218540742993354,0.0970931723713874,-0.0247609019279479,-20.32012640555839
CanESM5,tos,zonal_mean_rmse_anomaly,northern_hemisphere,0.174359530210495,0.1288731545209884,-0.0454863756895065,-26.08769112568341
CanESM5,tos,zonal_mean_rmse_anomaly,southern_hemisphere,0.094599150121212,0.0884100794792175,-0.0061890706419945,-6.5424167490556835
CanESM5,tos,zonal_mean_rmse_anomaly,tropics,0.2004606276750564,0.2013993114233017,0.0009386837482452,0.4682633987193169
CanESM5,tos,zonal_mean_rmse_bias_adjusted,global,0.1254149824380874,0.1032832264900207,-0.0221317559480667,-17.646819796025817
CanESM5,tos,zonal_mean_rmse_bias_adjusted,northern_hemisphere,0.1853133141994476,0.1384860724210739,-0.0468272417783736,-25.269226866222265
CanESM5,tos,zonal_mean_rmse_bias_adjusted,southern_hemisphere,0.0994849577546119,0.0928067415952682,-0.0066782161593437,-6.712789862982194
CanESM5,tos,zonal_mean_rmse_bias_adjusted,tropics,0.2066036760807037,0.2050529718399047,-0.001550704240799,-0.7505695301342403
EC-Earth3-Veg,pr,zonal_mean_mae,global,2.712542482186109e-06,2.9966106467327336e-06,2.840681645466248e-07,10.472395046793398
EC-Earth3-Veg,pr,zonal_mean_mae,northern_hemisphere,2.2605991034652102e-06,2.24367022383376e-06,-1.69288796314504e-08,-0.7488669532559128
EC-Earth3-Veg,pr,zonal_mean_mae,southern_hemisphere,4.72400324724731e-06,5.202414286031853e-06,4.78411038784543e-07,10.127237720747006
EC-Earth3-Veg,pr,zonal_mean_mae,tropics,4.345746674516704e-06,4.597676252160454e-06,2.5192957764375024e-07,5.797152860314106
EC-Earth3-Veg,pr,zonal_mean_mae_anomaly,global,4.221214169319865e-07,4.900549583908287e-07,6.793354145884219e-08,16.093365257936636
EC-Earth3-Veg,pr,zonal_mean_mae_anomaly,northern_hemisphere,7.945401989672973e-07,8.613928343947919e-07,6.685263542749453e-08,8.41400290562846
EC-Earth3-Veg,pr,zonal_mean_mae_anomaly,southern_hemisphere,7.588753305753926e-07,9.574876003171084e-07,1.9861226974171586e-07,26.171923337015656
EC-Earth3-Veg,pr,zonal_mean_mae_anomaly,tropics,6.826063554399298e-07,8.649925007375714e-07,1.8238614529764166e-07,26.719081040506342
EC-Earth3-Veg,pr,zonal_mean_mae_bias_adjusted,global,4.964074946656183e-07,5.751061280534486e-07,7.869863338783034e-08,15.85363521572977
EC-Earth3-Veg,pr,zonal_mean_mae_bias_adjusted,northern_hemisphere,2.1417949938040692e-06,2.1245766674837796e-06,-1.7218326320289634e-08,-0.8039203738032811
EC-Earth3-Veg,pr,zonal_mean_mae_bias_adjusted,southern_hemisphere,2.3495606455981033e-06,2.4989537905639736e-06,1.493931449658703e-07,6.358343856574123
EC-Earth3-Veg,pr,zonal_mean_mae_bias_adjusted,tropics,9.513842087471858e-07,1.2001816003248678e-06,2.48797391577682e-07,26.151095350353422
EC-Earth3-Veg,pr,zonal_mean_rmse,global,2.787131279546884e-06,3.083124056502129e-06,2.9599277695524506e-07,10.619979730677269
EC-Earth3-Veg,pr,zonal_mean_rmse,northern_hemisphere,2.586721393527114e-06,2.648418330863933e-06,6.169693733681926e-08,2.385140413312646
EC-Earth3-Veg,pr,zonal_mean_rmse,southern_hemisphere,5.472771135828225e-06,5.988731572870165e-06,5.159604370419402e-07,9.427772955169576
EC-Earth3-Veg,pr,zonal_mean_rmse,tropics,4.50132438345463e-06,4.8258539209200535e-06,3.245295374654234e-07,7.209645646918624
EC-Earth3-Veg,pr,zonal_mean_rmse_anomaly,global,5.384088694881939e-07,6.206575449141383e-07,8.224867542594438e-08,15.27624823568177
EC-Earth3-Veg,pr,zonal_mean_rmse_anomaly,northern_hemisphere,1.0263713647873374e-06,1.0893621720242663e-06,6.299080723692897e-08,6.137233500272152
EC-Earth3-Veg,pr,zonal_mean_rmse_anomaly,southern_hemisphere,9.800089628697606e-07,1.2463087841751983e-06,2.6629982130543773e-07,27.17320263333428
EC-Earth3-Veg,pr,zonal_mean_rmse_anomaly,tropics,8.482280122734664e-07,1.0899369726757868e-06,2.4170896040232037e-07,28.495753135348476
EC-Earth3-Veg,pr,zonal_mean_rmse_bias_adjusted,global,6.40480891433981e-07,7.252436375893012e-07,8.47627461553202e-08,13.234234977025432
EC-Earth3-Veg,pr,zonal_mean_rmse_bias_adjusted,northern_hemisphere,2.48977721639676e-06,2.5275555799453286e-06,3.777836354856845e-08,1.5173391137076038
EC-Earth3-Veg,pr,zonal_mean_rmse_bias_adjusted,southern_hemisphere,2.7636776849249145e-06,2.966443389595952e-06,2.0276570467103738e-07,7.336807246990753
EC-Earth3-Veg,pr,zonal_mean_rmse_bias_adjusted,tropics,1.17320462322823e-06,1.4663698948425008e-06,2.931652716142708e-07,24.988417690307692
EC-Earth3-Veg,tas,zonal_mean_mae,global,0.2891517102604709,0.2461788291447078,-0.042972881115763,-14.861707398186462
EC-Earth3-Veg,tas,zonal_mean_mae,northern_hemisphere,0.4916681525543865,0.5420508796793011,0.0503827271249145,10.247303361659457
EC-Earth3-Veg,tas,zonal_mean_mae,southern_hemisphere,1.0607444210226495,1.0221374733374011,-0.0386069476852484,-3.6396088369739408
EC-Earth3-Veg,tas,zonal_mean_mae,tropics,0.3484054789211673,0.4042635475731586,0.0558580686519912,16.032488589144755
EC-Earth3-Veg,tas,zonal_mean_mae_anomaly,global,0.1191605459041374,0.1226844116797394,0.003523865775602,2.957242054292777
EC-Earth3-Veg,tas,zonal_mean_mae_anomaly,northern_hemisphere,0.1603945784254027,0.1669933053371977,0.006598726911795,4.1140585776494785
EC-Earth3-Veg,tas,zonal_mean_mae_anomaly,southern_hemisphere,0.1431667516971866,0.1293836287375972,-0.0137831229595893,-9.627321145584284
EC-Earth3-Veg,tas,zonal_mean_mae_anomaly,tropics,0.1600286577243954,0.1367338031424722,-0.0232948545819232,-14.55667685599293
EC-Earth3-Veg,tas,zonal_mean_mae_bias_adjusted,global,0.1807781747584466,0.1657486378218,-0.0150295369366466,-8.313800577270388
EC-Earth3-Veg,tas,zonal_mean_mae_bias_adjusted,northern_hemisphere,0.3243372243758164,0.3231586699545848,-0.0011785544212316,-0.3633731599879474
EC-Earth3-Veg,tas,zonal_mean_mae_bias_adjusted,southern_hemisphere,0.4258421363697797,0.4063794076668079,-0.0194627287029717,-4.57040932325009
EC-Earth3-Veg,tas,zonal_mean_mae_bias_adjusted,tropics,0.2163921486322815,0.1793502081348525,-0.037041940497429,-17.117968804115414
EC-Earth3-Veg,tas,zonal_mean_rmse,global,0.3546459595595548,0.306797527326392,-0.0478484322331628,-13.49188703364538
EC-Earth3-Veg,tas,zonal_mean_rmse,northern_hemisphere,0.6107869302555806,0.6558162364003111,0.0450293061447304,7.372342778501852
EC-Earth3-Veg,tas,zonal_mean_rmse,southern_hemisphere,1.1695331821506183,1.1225826318556922,-0.0469505502949261,-4.014469278126013
EC-Earth3-Veg,tas,zonal_mean_rmse,tropics,0.4290613057196313,0.4597602663891925,0.0306989606695611,7.1549124240118065
EC-Earth3-Veg,tas,zonal_mean_rmse_anomaly,global,0.1477903333557463,0.1559400659114354,0.008149732555689,5.514388100114686
EC-Earth3-Veg,tas,zonal_mean_rmse_anomaly,northern_hemisphere,0.2043485736286032,0.2048467488865491,0.0004981752579459,0.2437870003689486
EC-Earth3-Veg,tas,zonal_mean_rmse_anomaly,southern_hemisphere,0.1787084548616713,0.1652935091336716,-0.0134149457279997,-7.506609431760515
EC-Earth3-Veg,tas,zonal_mean_rmse_anomaly,tropics,0.2133501389873354,0.1783024737566991,-0.0350476652306362,-16.42729899169025
EC-Earth3-Veg,tas,zonal_mean_rmse_bias_adjusted,global,0.2318013483685567,0.2114365654823021,-0.0203647828862545,-8.785446258006766
EC-Earth3-Veg,tas,zonal_mean_rmse_bias_adjusted,northern_hemisphere,0.3821236531658733,0.3853901381692186,0.0032664850033452,0.8548240801851983
EC-Earth3-Veg,tas,zonal_mean_rmse_bias_adjusted,southern_hemisphere,0.4925739918285522,0.4641408744851285,-0.0284331173434237,-5.772354573142042
EC-Earth3-Veg,tas,zonal_mean_rmse_bias_adjusted,tropics,0.267291319892315,0.2377403681081921,-0.0295509517841229,-11.05570947684656
EC-Earth3-Veg,tos,zonal_mean_mae,global,,0.9804832339286804,,
EC-Earth3-Veg,tos,zonal_mean_mae,northern_hemisphere,,0.2854788899421692,,
EC-Earth3-Veg,tos,zonal_mean_mae,southern_hemisphere,,1.651095628738403,,
EC-Earth3-Veg,tos,zonal_mean_mae,tropics,,0.5603361129760742,,
EC-Earth3-Veg,tos,zonal_mean_mae_anomaly,global,,0.0746982395648956,,
EC-Earth3-Veg,tos,zonal_mean_mae_anomaly,northern_hemisphere,,0.0815749168395996,,
EC-Earth3-Veg,tos,zonal_mean_mae_anomaly,southern_hemisphere,,0.0819047316908836,,
EC-Earth3-Veg,tos,zonal_mean_mae_anomaly,tropics,,0.1241032630205154,,
EC-Earth3-Veg,tos,zonal_mean_mae_bias_adjusted,global,,0.1368083506822586,,
EC-Earth3-Veg,tos,zonal_mean_mae_bias_adjusted,northern_hemisphere,,0.2891964018344879,,
EC-Earth3-Veg,tos,zonal_mean_mae_bias_adjusted,southern_hemisphere,,0.4306635856628418,,
EC-Earth3-Veg,tos,zonal_mean_mae_bias_adjusted,tropics,,0.1320991516113281,,
EC-Earth3-Veg,tos,zonal_mean_rmse,global,,0.9952428340911864,,
EC-Earth3-Veg,tos,zonal_mean_rmse,northern_hemisphere,,0.3353911638259887,,
EC-Earth3-Veg,tos,zonal_mean_rmse,southern_hemisphere,,1.719516634941101,,
EC-Earth3-Veg,tos,zonal_mean_rmse,tropics,,0.5837664008140564,,
EC-Earth3-Veg,tos,zonal_mean_rmse_anomaly,global,,0.0918243750929832,,
EC-Earth3-Veg,tos,zonal_mean_rmse_anomaly,northern_hemisphere,,0.104271724820137,,
EC-Earth3-Veg,tos,zonal_mean_rmse_anomaly,southern_hemisphere,,0.1018609181046485,,
EC-Earth3-Veg,tos,zonal_mean_rmse_anomaly,tropics,,0.1584600806236267,,
EC-Earth3-Veg,tos,zonal_mean_rmse_bias_adjusted,global,,0.1707656532526016,,
EC-Earth3-Veg,tos,zonal_mean_rmse_bias_adjusted,northern_hemisphere,,0.3314299881458282,,
EC-Earth3-Veg,tos,zonal_mean_rmse_bias_adjusted,southern_hemisphere,,0.4802294969558716,,
EC-Earth3-Veg,tos,zonal_mean_rmse_bias_adjusted,tropics,,0.1637273430824279,,
EC-Earth3-Veg-LR,clt,zonal_mean_mae,global,2.40856671333313,2.604992389678955,0.1964256763458252,8.155293156650773
EC-Earth3-Veg-LR,clt,zonal_mean_mae,northern_hemisphere,1.5153121948242188,1.4509072303771973,-0.0644049644470214,-4.250276917654759
EC-Earth3-Veg-LR,clt,zonal_mean_mae,southern_hemisphere,4.222901821136475,4.4030232429504395,0.1801214218139648,4.2653471343430445
EC-Earth3-Veg-LR,clt,zonal_mean_mae,tropics,3.8550033569335938,3.8381989002227783,-0.0168044567108154,-0.4359128943582111
EC-Earth3-Veg-LR,clt,zonal_mean_mae_anomaly,global,0.3757387995719909,0.5081536173820496,0.1324148178100586,35.24118828316217
EC-Earth3-Veg-LR,clt,zonal_mean_mae_anomaly,northern_hemisphere,0.5983173251152039,0.6773656010627747,0.0790482759475708,13.211764498437404
EC-Earth3-Veg-LR,clt,zonal_mean_mae_anomaly,southern_hemisphere,0.5708305239677429,0.7689628601074219,0.1981323361396789,34.709485183535
EC-Earth3-Veg-LR,clt,zonal_mean_mae_anomaly,tropics,0.5871179103851318,0.8176658153533936,0.2305479049682617,39.26773496264646
EC-Earth3-Veg-LR,clt,zonal_mean_mae_bias_adjusted,global,0.7202531695365906,0.7715746164321899,0.0513214468955993,7.12547324555607
EC-Earth3-Veg-LR,clt,zonal_mean_mae_bias_adjusted,northern_hemisphere,1.4778149127960205,1.3694024085998535,-0.1084125041961669,-7.33600014842528
EC-Earth3-Veg-LR,clt,zonal_mean_mae_bias_adjusted,southern_hemisphere,1.9492013454437256,1.8682153224945068,-0.0809860229492187,-4.15483106137415
EC-Earth3-Veg-LR,clt,zonal_mean_mae_bias_adjusted,tropics,1.0328768491744995,1.1589585542678833,0.1260817050933838,12.206847814834012
EC-Earth3-Veg-LR,clt,zonal_mean_rmse,global,2.569200038909912,2.7827160358428955,0.2135159969329834,8.310602276947508
EC-Earth3-Veg-LR,clt,zonal_mean_rmse,northern_hemisphere,1.8928377628326416,1.857856035232544,-0.0349817276000976,-1.8481101913218023
EC-Earth3-Veg-LR,clt,zonal_mean_rmse,southern_hemisphere,4.762971878051758,4.91455078125,0.1515789031982422,3.1824437993583934
EC-Earth3-Veg-LR,clt,zonal_mean_rmse,tropics,4.069357395172119,4.105443000793457,0.0360856056213378,0.88676422631617
EC-Earth3-Veg-LR,clt,zonal_mean_rmse_anomaly,global,0.4732378125190735,0.6594536304473877,0.1862158179283142,39.34931085431998
EC-Earth3-Veg-LR,clt,zonal_mean_rmse_anomaly,northern_hemisphere,0.7556264996528625,0.8474896550178528,0.0918631553649902,12.15721727694734
EC-Earth3-Veg-LR,clt,zonal_mean_rmse_anomaly,southern_hemisphere,0.707537829875946,0.9878931045532228,0.2803552746772767,39.62406854294024
EC-Earth3-Veg-LR,clt,zonal_mean_rmse_anomaly,tropics,0.7748950719833374,1.0331194400787354,0.2582243680953979,33.32378504285423
EC-Earth3-Veg-LR,clt,zonal_mean_rmse_bias_adjusted,global,0.9009537100791932,0.978530764579773,0.0775770545005797,8.610548314825271
EC-Earth3-Veg-LR,clt,zonal_mean_rmse_bias_adjusted,northern_hemisphere,1.7876832485198977,1.66973614692688,-0.1179471015930175,-6.597762869382549
EC-Earth3-Veg-LR,clt,zonal_mean_rmse_bias_adjusted,southern_hemisphere,2.266023874282837,2.1997272968292236,-0.0662965774536132,-2.9256786835308684
EC-Earth3-Veg-LR,clt,zonal_mean_rmse_bias_adjusted,tropics,1.3104673624038696,1.4570153951644895,0.1465480327606199,11.182883066373966
EC-Earth3-Veg-LR,pr,zonal_mean_mae,global,1.878956368273066e-06,2.1363657651818357e-06,2.5740939690876964e-07,13.69959416063251
EC-Earth3-Veg-LR,pr,zonal_mean_mae,northern_hemisphere,2.302351049365825e-06,2.1602863853331655e-06,-1.420646640326595e-07,-6.170417151276332
EC-Earth3-Veg-LR,pr,zonal_mean_mae,southern_hemisphere,4.328088380134432e-06,4.781207280757371e-06,4.531189006229397e-07,10.469261734642895
EC-Earth3-Veg-LR,pr,zonal_mean_mae,tropics,3.3045776035578456e-06,3.5368118460610276e-06,2.3223424250318206e-07,7.027652861084243
EC-Earth3-Veg-LR,pr,zonal_mean_mae_anomaly,global,4.0998935446623364e-07,4.936559889756609e-07,8.366663450942725e-08,20.40702608445848
EC-Earth3-Veg-LR,pr,zonal_mean_mae_anomaly,northern_hemisphere,8.515572176293063e-07,8.956085366662592e-07,4.4051319036952925e-08,5.173031021871864
EC-Earth3-Veg-LR,pr,zonal_mean_mae_anomaly,southern_hemisphere,7.569768172288605e-07,1.150370394498168e-06,3.933935772693076e-07,51.96903898714391
EC-Earth3-Veg-LR,pr,zonal_mean_mae_anomaly,tropics,7.102271979420038e-07,8.317285846715095e-07,1.215013867295056e-07,17.107397052883243
EC-Earth3-Veg-LR,pr,zonal_mean_mae_bias_adjusted,global,4.718976356343774e-07,5.821624995405728e-07,1.1026486390619533e-07,23.366267507987196
EC-Earth3-Veg-LR,pr,zonal_mean_mae_bias_adjusted,northern_hemisphere,2.304962208654615e-06,2.1505779841390904e-06,-1.543842245155247e-07,-6.697906973738946
EC-Earth3-Veg-LR,pr,zonal_mean_mae_bias_adjusted,southern_hemisphere,2.576828364908579e-06,2.653297315191594e-06,7.646895028301516e-08,2.967560871510669
EC-Earth3-Veg-LR,pr,zonal_mean_mae_bias_adjusted,tropics,1.0096757705468915e-06,1.2464998917494086e-06,2.3682412120251705e-07,23.455462447538096
EC-Earth3-Veg-LR,pr,zonal_mean_rmse,global,1.9725139281945303e-06,2.258060476378887e-06,2.8554654818435665e-07,14.476275381523994
EC-Earth3-Veg-LR,pr,zonal_mean_rmse,northern_hemisphere,2.745354549915646e-06,2.617192194520612e-06,-1.2816235539503438e-07,-4.668335293850198
EC-Earth3-Veg-LR,pr,zonal_mean_rmse,southern_hemisphere,5.211288680584403e-06,5.705612238671165e-06,4.943235580867622e-07,9.485629915848913
EC-Earth3-Veg-LR,pr,zonal_mean_rmse,tropics,3.5279776966490317e-06,3.856512194033712e-06,3.285344973846805e-07,9.3122611771818
EC-Earth3-Veg-LR,pr,zonal_mean_rmse_anomaly,global,5.226659141044365e-07,6.146327109490812e-07,9.19667968446447e-08,17.59571350701633
EC-Earth3-Veg-LR,pr,zonal_mean_rmse_anomaly,northern_hemisphere,1.0687916756069171e-06,1.1576790939216153e-06,8.888741831469815e-08,8.31662711671319
EC-Earth3-Veg-LR,pr,zonal_mean_rmse_anomaly,southern_hemisphere,9.809973562369123e-07,1.417942712578224e-06,4.369453563413117e-07,44.540931080326864
EC-Earth3-Veg-LR,pr,zonal_mean_rmse_anomaly,tropics,8.78033517892618e-07,1.0316356338080368e-06,1.5360211591541886e-07,17.49387839818253
EC-Earth3-Veg-LR,pr,zonal_mean_rmse_bias_adjusted,global,6.00278212914418e-07,7.312854677365976e-07,1.310072548221797e-07,21.824422743268457
EC-Earth3-Veg-LR,pr,zonal_mean_rmse_bias_adjusted,northern_hemisphere,2.69795373242232e-06,2.5673834898043424e-06,-1.3057024261797778e-07,-4.839602734801057
EC-Earth3-Veg-LR,pr,zonal_mean_rmse_bias_adjusted,southern_hemisphere,2.9928810363344382e-06,3.1135298286244506e-06,1.2064879229001238e-07,4.031192380361974
EC-Earth3-Veg-LR,pr,zonal_mean_rmse_bias_adjusted,tropics,1.2435355074558174e-06,1.5374157555925194e-06,2.93880248136702e-07,23.63263826201147
EC-Earth3-Veg-LR,tas,zonal_mean_mae,global,0.390153338828495,0.432962694674571,0.0428093558460759,10.9724438023826
EC-Earth3-Veg-LR,tas,zonal_mean_mae,northern_hemisphere,1.4807982474531818,1.5312311802373009,0.050432932784119,3.4057936569589047
EC-Earth3-Veg-LR,tas,zonal_mean_mae,southern_hemisphere,0.7987597756833054,0.7375014184580891,-0.0612583572252162,-7.669184038819715
EC-Earth3-Veg-LR,tas,zonal_mean_mae,tropics,0.8790655292386091,0.9766409778403008,0.0975754486016916,11.099906133983586
EC-Earth3-Veg-LR,tas,zonal_mean_mae_anomaly,global,0.1258582480967282,0.1410262171537302,0.015167969057002,12.05162894476705
EC-Earth3-Veg-LR,tas,zonal_mean_mae_anomaly,northern_hemisphere,0.1695694156212719,0.1642519939163899,-0.005317421704882,-3.135837724863251
EC-Earth3-Veg-LR,tas,zonal_mean_mae_anomaly,southern_hemisphere,0.1197140933132449,0.1625794029076625,0.0428653095944176,35.80640207686817
EC-Earth3-Veg-LR,tas,zonal_mean_mae_anomaly,tropics,0.1320630842487981,0.1939103993456427,0.0618473150968446,46.83164523125051
EC-Earth3-Veg-LR,tas,zonal_mean_mae_bias_adjusted,global,0.1950897576964607,0.1848099657366816,-0.0102797919597791,-5.269262764564701
EC-Earth3-Veg-LR,tas,zonal_mean_mae_bias_adjusted,northern_hemisphere,0.4139286700908466,0.4144582418639714,0.0005295717731247,0.1279379302256511
EC-Earth3-Veg-LR,tas,zonal_mean_mae_bias_adjusted,southern_hemisphere,0.4755944013424615,0.4524776132730608,-0.0231167880694007,-4.860609797791751
EC-Earth3-Veg-LR,tas,zonal_mean_mae_bias_adjusted,tropics,0.193733271583325,0.2303917349945739,0.0366584634112489,18.922130985374928
EC-Earth3-Veg-LR,tas,zonal_mean_rmse,global,0.4435569239884442,0.4878608120981275,0.0443038881096832,9.988320712323612
EC-Earth3-Veg-LR,tas,zonal_mean_rmse,northern_hemisphere,1.558266393019602,1.6067358188340148,0.0484694258144129,3.110471099905395
EC-Earth3-Veg-LR,tas,zonal_mean_rmse,southern_hemisphere,0.9675704958754924,0.893381975463099,-0.0741885204123933,-7.667505440548277
EC-Earth3-Veg-LR,tas,zonal_mean_rmse,tropics,0.9094280283051502,1.0173101599955774,0.1078821316904271,11.862635451370572
EC-Earth3-Veg-LR,tas,zonal_mean_rmse_anomaly,global,0.1541850205964262,0.1766203390083721,0.0224353184119459,14.550906647844574
EC-Earth3-Veg-LR,tas,zonal_mean_rmse_anomaly,northern_hemisphere,0.2218072486292959,0.2117555158799792,-0.0100517327493167,-4.531742227286744
EC-Earth3-Veg-LR,tas,zonal_mean_rmse_anomaly,southern_hemisphere,0.1508375106167359,0.2013696352793018,0.0505321246625659,33.50103330130085
EC-Earth3-Veg-LR,tas,zonal_mean_rmse_anomaly,tropics,0.1721425513407932,0.2394352809631472,0.067292729622354,39.09128167220757
EC-Earth3-Veg-LR,tas,zonal_mean_rmse_bias_adjusted,global,0.2509166620486742,0.23784942772985,-0.0130672343188242,-5.207798562332758
EC-Earth3-Veg-LR,tas,zonal_mean_rmse_bias_adjusted,northern_hemisphere,0.4852120177603192,0.4867556514307377,0.0015436336704184,0.3181359104714092
EC-Earth3-Veg-LR,tas,zonal_mean_rmse_bias_adjusted,southern_hemisphere,0.5468802279655267,0.5184641188801443,-0.0284161090853823,-5.1960388458537645
EC-Earth3-Veg-LR,tas,zonal_mean_rmse_bias_adjusted,tropics,0.2330303305364088,0.2847672069107317,0.0517368763743229,22.20177787811167
EC-Earth3-Veg-LR,tos,zonal_mean_mae,global,0.7122467756271362,0.5951219797134399,-0.1171247959136962,-16.444412234870057
EC-Earth3-Veg-LR,tos,zonal_mean_mae,northern_hemisphere,0.4937946200370788,0.6297165751457214,0.1359219551086426,27.526009720080857
EC-Earth3-Veg-LR,tos,zonal_mean_mae,southern_hemisphere,1.5890029668807983,1.4880878925323486,-0.1009150743484497,-6.350842411990286
EC-Earth3-Veg-LR,tos,zonal_mean_mae,tropics,0.2108253985643386,0.1781633645296096,-0.032662034034729,-15.492456913231626
EC-Earth3-Veg-LR,tos,zonal_mean_mae_anomaly,global,0.0713744834065437,0.0893182605504989,0.0179437771439552,25.140325067922095
EC-Earth3-Veg-LR,tos,zonal_mean_mae_anomaly,northern_hemisphere,0.0844587013125419,0.086645096540451,0.002186395227909,2.5887151873414065
EC-Earth3-Veg-LR,tos,zonal_mean_mae_anomaly,southern_hemisphere,0.0672340095043182,0.103153184056282,0.0359191745519638,53.424114992958806
EC-Earth3-Veg-LR,tos,zonal_mean_mae_anomaly,tropics,0.1168986186385154,0.1697641313076019,0.0528655126690865,45.22338525877887
EC-Earth3-Veg-LR,tos,zonal_mean_mae_bias_adjusted,global,0.1983376443386078,0.1794054806232452,-0.0189321637153625,-9.545421283234075
EC-Earth3-Veg-LR,tos,zonal_mean_mae_bias_adjusted,northern_hemisphere,0.2586503326892853,0.2750673592090606,0.0164170265197753,6.347189407831532
EC-Earth3-Veg-LR,tos,zonal_mean_mae_bias_adjusted,southern_hemisphere,0.5132448673248291,0.488037496805191,-0.0252073705196381,-4.911373132872373
EC-Earth3-Veg-LR,tos,zonal_mean_mae_bias_adjusted,tropics,0.1321234256029129,0.1794685423374176,0.0473451167345047,35.834006360686494
EC-Earth3-Veg-LR,tos,zonal_mean_rmse,global,0.7485777139663696,0.6341615319252014,-0.1144161820411682,-15.28447613473949
EC-Earth3-Veg-LR,tos,zonal_mean_rmse,northern_hemisphere,0.5729500651359558,0.7042484879493713,0.1312984228134155,22.916206979095048
EC-Earth3-Veg-LR,tos,zonal_mean_rmse,southern_hemisphere,1.6888344287872314,1.5859612226486206,-0.1028732061386108,-6.0913731023641615
EC-Earth3-Veg-LR,tos,zonal_mean_rmse,tropics,0.2484508007764816,0.2166254520416259,-0.0318253487348557,-12.809517472027524
EC-Earth3-Veg-LR,tos,zonal_mean_rmse_anomaly,global,0.0877223685383796,0.1114707961678505,0.0237484276294708,27.072259932289302
EC-Earth3-Veg-LR,tos,zonal_mean_rmse_anomaly,northern_hemisphere,0.1013653054833412,0.1097689643502235,0.0084036588668822,8.290468643892549
EC-Earth3-Veg-LR,tos,zonal_mean_rmse_anomaly,southern_hemisphere,0.0874697193503379,0.1266955435276031,0.0392258241772651,44.84503262226788
EC-Earth3-Veg-LR,tos,zonal_mean_rmse_anomaly,tropics,0.1484276950359344,0.2066962420940399,0.0582685470581054,39.25719323742019
EC-Earth3-Veg-LR,tos,zonal_mean_rmse_bias_adjusted,global,0.2303759902715683,0.2190677970647812,-0.0113081932067871,-4.908581486055452
EC-Earth3-Veg-LR,tos,zonal_mean_rmse_bias_adjusted,northern_hemisphere,0.2983691394329071,0.3167072832584381,0.018338143825531,6.146126191329723
EC-Earth3-Veg-LR,tos,zonal_mean_rmse_bias_adjusted,southern_hemisphere,0.572041392326355,0.5485140681266785,-0.0235273241996765,-4.112870941733173
EC-Earth3-Veg-LR,tos,zonal_mean_rmse_bias_adjusted,tropics,0.1641782075166702,0.2148777693510055,0.0506995618343353,30.880810919553625
FGOALS-g3,clt,zonal_mean_mae,global,12.987011909484863,12.918314933776855,-0.0686969757080078,-0.5289667568398551
FGOALS-g3,clt,zonal_mean_mae,northern_hemisphere,11.131999015808104,10.956093788146973,-0.175905227661131,-1.5801764571784016
FGOALS-g3,clt,zonal_mean_mae,southern_hemisphere,14.842161178588867,14.880670547485352,0.0385093688964843,0.259459309416728
FGOALS-g3,clt,zonal_mean_mae,tropics,11.824540138244627,11.575262069702148,-0.2492780685424787,-2.1081417596632592
FGOALS-g3,clt,zonal_mean_mae_anomaly,global,0.38969287276268,0.4502871930599212,0.0605943202972412,15.549250328255988
FGOALS-g3,clt,zonal_mean_mae_anomaly,northern_hemisphere,0.5657984018325806,0.5128265619277954,-0.0529718399047851,-9.36231699015288
FGOALS-g3,clt,zonal_mean_mae_anomaly,southern_hemisphere,0.5459339022636414,0.7166540622711182,0.1707201600074768,31.27121420736259
FGOALS-g3,clt,zonal_mean_mae_anomaly,tropics,0.6175398230552673,0.7758729457855225,0.1583331227302551,25.639338034412877
FGOALS-g3,clt,zonal_mean_mae_bias_adjusted,global,1.104539155960083,1.1217981576919556,0.0172590017318725,1.562552277005586
FGOALS-g3,clt,zonal_mean_mae_bias_adjusted,northern_hemisphere,3.628697633743286,3.847718954086304,0.219021320343018,6.035810708126715
FGOALS-g3,clt,zonal_mean_mae_bias_adjusted,southern_hemisphere,2.390625238418579,2.4004135131835938,0.0097882747650146,0.4094441323429549
FGOALS-g3,clt,zonal_mean_mae_bias_adjusted,tropics,1.5026122331619265,1.5388814210891724,0.0362691879272458,2.4137423565975578
FGOALS-g3,clt,zonal_mean_rmse,global,13.051307678222656,12.98376178741455,-0.0675458908081054,-0.5175411726812034
FGOALS-g3,clt,zonal_mean_rmse,northern_hemisphere,11.880179405212402,11.788561820983888,-0.0916175842285138,-0.7711801404978517
FGOALS-g3,clt,zonal_mean_rmse,southern_hemisphere,15.090964317321776,15.139352798461914,0.0483884811401384,0.3206453883440505
FGOALS-g3,clt,zonal_mean_rmse,tropics,11.968703269958496,11.72944450378418,-0.2392587661743164,-1.9990366606786645
FGOALS-g3,clt,zonal_mean_rmse_anomaly,global,0.4837567508220672,0.5557699799537659,0.0720132291316986,14.886247894075629
FGOALS-g3,clt,zonal_mean_rmse_anomaly,northern_hemisphere,0.6903823614120483,0.6739741563796997,-0.0164082050323486,-2.3766836972469445
FGOALS-g3,clt,zonal_mean_rmse_anomaly,southern_hemisphere,0.6872144937515259,0.8712546229362488,0.1840401291847229,26.780594830013253
FGOALS-g3,clt,zonal_mean_rmse_anomaly,tropics,0.7692959308624268,0.9596667885780334,0.1903708577156067,24.74611525660737
FGOALS-g3,clt,zonal_mean_rmse_bias_adjusted,global,1.2938910722732544,1.3020137548446655,0.0081226825714111,0.6277717456648251
FGOALS-g3,clt,zonal_mean_rmse_bias_adjusted,northern_hemisphere,4.149370193481445,4.351346969604492,0.2019767761230468,4.867648985389331
FGOALS-g3,clt,zonal_mean_rmse_bias_adjusted,southern_hemisphere,2.7290008068084717,2.7866950035095215,0.0576941967010498,2.1141143145546506
FGOALS-g3,clt,zonal_mean_rmse_bias_adjusted,tropics,1.8520599603652952,1.8955610990524292,0.043501138687134,2.3487975345330594
FGOALS-g3,pr,zonal_mean_mae,global,9.202109936268243e-07,1.050039259098412e-06,1.2982826547158768e-07,14.10853232255963
FGOALS-g3,pr,zonal_mean_mae,northern_hemisphere,1.6398870457123849e-06,1.715217877062969e-06,7.533083135058406e-08,4.593659761356277
FGOALS-g3,pr,zonal_mean_mae,southern_hemisphere,2.1145872324268566e-06,2.5097701836784836e-06,3.95182951251627e-07,18.68842037781935
FGOALS-g3,pr,zonal_mean_mae,tropics,3.028527544302051e-06,3.0814176170679275e-06,5.2890072765876546e-08,1.746395632603219
FGOALS-g3,pr,zonal_mean_mae_anomaly,global,4.042980492613424e-07,4.6577605417041923e-07,6.147800490907684e-08,15.20610970579698
FGOALS-g3,pr,zonal_mean_mae_anomaly,northern_hemisphere,8.767848953539215e-07,8.998686098493636e-07,2.3083714495442112e-08,2.6327682670815373
FGOALS-g3,pr,zonal_mean_mae_anomaly,southern_hemisphere,8.438549912170856e-07,9.74157046584878e-07,1.3030205536779228e-07,15.44128514069208
FGOALS-g3,pr,zonal_mean_mae_anomaly,tropics,7.092900773386646e-07,7.99997110334516e-07,9.070703299585149e-08,12.788425482588783
FGOALS-g3,pr,zonal_mean_mae_bias_adjusted,global,6.447124292208173e-07,6.920199666637927e-07,4.730753744297545e-08,7.337773447325982
FGOALS-g3,pr,zonal_mean_mae_bias_adjusted,northern_hemisphere,1.60069089361059e-06,1.6334325891875778e-06,3.2741695576987913e-08,2.0454727210407424
FGOALS-g3,pr,zonal_mean_mae_bias_adjusted,southern_hemisphere,1.4589354577765334e-06,1.4941799690859623e-06,3.524451130942886e-08,2.415769054180277
FGOALS-g3,pr,zonal_mean_mae_bias_adjusted,tropics,1.0113811867995537e-06,1.1401609754102535e-06,1.2877978861069984e-07,12.733061509500155
FGOALS-g3,pr,zonal_mean_rmse,global,1.0987638461301683e-06,1.2683161685345112e-06,1.6955232240434294e-07,15.431188694595653
FGOALS-g3,pr,zonal_mean_rmse,northern_hemisphere,1.9823537513730116e-06,2.049202748821699e-06,6.684899744868744e-08,3.3722032408386595
FGOALS-g3,pr,zonal_mean_rmse,southern_hemisphere,2.6152290502068354e-06,3.0482983675028663e-06,4.33069317296031e-07,16.559517693556515
FGOALS-g3,pr,zonal_mean_rmse,tropics,3.279061729699606e-06,3.3873086522362428e-06,1.082469225366367e-07,3.3011553749112608
FGOALS-g3,pr,zonal_mean_rmse_anomaly,global,5.084151553091942e-07,5.934871296631172e-07,8.5071974353923e-08,16.732777035764446
FGOALS-g3,pr,zonal_mean_rmse_anomaly,northern_hemisphere,1.1247365137023737e-06,1.090098180611676e-06,-3.4638333090697634e-08,-3.0796842343702533
FGOALS-g3,pr,zonal_mean_rmse_anomaly,southern_hemisphere,1.070154098670173e-06,1.2291552593524102e-06,1.5900116068223724e-07,14.857781779261511
FGOALS-g3,pr,zonal_mean_rmse_anomaly,tropics,8.745518584873935e-07,1.0184463690166012e-06,1.4389451052920776e-07,16.4535137776832
FGOALS-g3,pr,zonal_mean_rmse_bias_adjusted,global,7.832194910406542e-07,8.573415470891632e-07,7.412205604850898e-08,9.46376550844309
FGOALS-g3,pr,zonal_mean_rmse_bias_adjusted,northern_hemisphere,1.9508504465193255e-06,1.9782344224950066e-06,2.7383975975681096e-08,1.403694272133424
FGOALS-g3,pr,zonal_mean_rmse_bias_adjusted,southern_hemisphere,1.8042657075056925e-06,1.8744528915703995e-06,7.018718406470704e-08,3.890069171781651
FGOALS-g3,pr,zonal_mean_rmse_bias_adjusted,tropics,1.2687463595284498e-06,1.4327713415696053e-06,1.6402498204115545e-07,12.928114497378184
FGOALS-g3,tas,zonal_mean_mae,global,0.887351103759857,0.9249677381411724,0.0376166343813153,4.239205228001328
FGOALS-g3,tas,zonal_mean_mae,northern_hemisphere,1.1238836467248252,1.222050031459048,0.0981663847342226,8.734568299867611
FGOALS-g3,tas,zonal_mean_mae,southern_hemisphere,0.658504424674671,0.6263220681176345,-0.0321823565570364,-4.887189113867525
FGOALS-g3,tas,zonal_mean_mae,tropics,0.1896676205458367,0.2114501813607702,0.0217825608149335,11.484596449434214
FGOALS-g3,tas,zonal_mean_mae_anomaly,global,0.0998059822374893,0.1448843368348586,0.0450783545973693,45.16598463016469
FGOALS-g3,tas,zonal_mean_mae_anomaly,northern_hemisphere,0.1387433214944385,0.1716594268785409,0.0329161053841024,23.724461134096355
FGOALS-g3,tas,zonal_mean_mae_anomaly,southern_hemisphere,0.1249223451047385,0.1583371150014358,0.0334147698966973,26.748433091518887
FGOALS-g3,tas,zonal_mean_mae_anomaly,tropics,0.1449000293817491,0.1832849253040654,0.0383848959223163,26.4906060309958
FGOALS-g3,tas,zonal_mean_mae_bias_adjusted,global,0.194556756711142,0.1888590152232609,-0.0056977414878811,-2.9285754883036663
FGOALS-g3,tas,zonal_mean_mae_bias_adjusted,northern_hemisphere,0.3488729833404022,0.3900717922194796,0.0411988088790774,11.809114160863214
FGOALS-g3,tas,zonal_mean_mae_bias_adjusted,southern_hemisphere,0.4287867061061547,0.404682894114822,-0.0241038119913327,-5.621399089123191
FGOALS-g3,tas,zonal_mean_mae_bias_adjusted,tropics,0.1835241654719145,0.2130337756370641,0.0295096101651496,16.079413895858632
FGOALS-g3,tas,zonal_mean_rmse,global,0.9164639753976116,0.9559968841942876,0.039532908796676,4.31363478084608
FGOALS-g3,tas,zonal_mean_rmse,northern_hemisphere,1.2049232735685933,1.3145429904969923,0.109619716928399,9.097651222533102
FGOALS-g3,tas,zonal_mean_rmse,southern_hemisphere,0.782994560823844,0.7508442717226563,-0.0321502891011876,-4.106067999675512
FGOALS-g3,tas,zonal_mean_rmse,tropics,0.2256843630877968,0.2644873991388115,0.0388030360510146,17.19349782152135
FGOALS-g3,tas,zonal_mean_rmse_anomaly,global,0.1311815129966045,0.1808410734443848,0.0496595604477803,37.85560885325793
FGOALS-g3,tas,zonal_mean_rmse_anomaly,northern_hemisphere,0.1802169002477328,0.2173071776733459,0.0370902774256131,20.5809096564348
FGOALS-g3,tas,zonal_mean_rmse_anomaly,southern_hemisphere,0.1584121771137172,0.2010994321431123,0.0426872550293951,26.94695307340659
FGOALS-g3,tas,zonal_mean_rmse_anomaly,tropics,0.1808451486425123,0.2334466719599721,0.0526015233174597,29.08649953416248
FGOALS-g3,tas,zonal_mean_rmse_bias_adjusted,global,0.2291598500808119,0.2415879262213013,0.0124280761404893,5.423321814928178
FGOALS-g3,tas,zonal_mean_rmse_bias_adjusted,northern_hemisphere,0.4344256482243087,0.4843727846833908,0.0499471364590821,11.497280757533154
FGOALS-g3,tas,zonal_mean_rmse_bias_adjusted,southern_hemisphere,0.4990319952620528,0.4756311997371719,-0.0234007955248808,-4.689237513236524
FGOALS-g3,tas,zonal_mean_rmse_bias_adjusted,tropics,0.2222430529099242,0.2629600125393555,0.0407169596294313,18.320914465629684
FGOALS-g3,tos,zonal_mean_mae,global,0.1542570739984512,0.2020092457532882,0.047752171754837,30.95622814375207
FGOALS-g3,tos,zonal_mean_mae,northern_hemisphere,0.5469369292259216,0.761070966720581,0.2141340374946594,39.15150468953024
FGOALS-g3,tos,zonal_mean_mae,southern_hemisphere,0.2446245551109314,0.2274084389209747,-0.0172161161899566,-7.037771078275275
FGOALS-g3,tos,zonal_mean_mae,tropics,0.2550844550132751,0.2171762287616729,-0.0379082262516022,-14.86104915708383
FGOALS-g3,tos,zonal_mean_mae_anomaly,global,0.0595465041697025,0.0916222408413887,0.0320757366716862,53.86669984903406
FGOALS-g3,tos,zonal_mean_mae_anomaly,northern_hemisphere,0.0796939060091972,0.0996216461062431,0.0199277400970459,25.00534996332859
FGOALS-g3,tos,zonal_mean_mae_anomaly,southern_hemisphere,0.0579244680702686,0.0960662439465522,0.0381417758762835,65.84743398940414
FGOALS-g3,tos,zonal_mean_mae_anomaly,tropics,0.1180876120924949,0.1622069180011749,0.04411930590868,37.361502300616024
FGOALS-g3,tos,zonal_mean_mae_bias_adjusted,global,0.1545444875955581,0.1642531603574752,0.009708672761917,6.282121680926348
FGOALS-g3,tos,zonal_mean_mae_bias_adjusted,northern_hemisphere,0.289062887430191,0.2939710617065429,0.0049081742763519,1.697960717125009
FGOALS-g3,tos,zonal_mean_mae_bias_adjusted,southern_hemisphere,0.1336255073547363,0.1323574036359787,-0.0012681037187576,-0.9489982443181004
FGOALS-g3,tos,zonal_mean_mae_bias_adjusted,tropics,0.13309246301651,0.1914997845888137,0.0584073215723036,43.884770218023775
FGOALS-g3,tos,zonal_mean_rmse,global,0.1970025449991226,0.2670049965381622,0.0700024515390395,35.53378030692515
FGOALS-g3,tos,zonal_mean_rmse,northern_hemisphere,0.6498438715934753,0.8415404558181763,0.1916965842247009,29.49886774413118
FGOALS-g3,tos,zonal_mean_rmse,southern_hemisphere,0.2891526818275451,0.2665194571018219,-0.0226332247257232,-7.827430332886208
FGOALS-g3,tos,zonal_mean_rmse,tropics,0.2952053248882293,0.2499912232160568,-0.0452141016721725,-15.316153829302197
FGOALS-g3,tos,zonal_mean_rmse_anomaly,global,0.072864145040512,0.1108437851071357,0.0379796400666237,52.12390819312745
FGOALS-g3,tos,zonal_mean_rmse_anomaly,northern_hemisphere,0.1002998352050781,0.1216079443693161,0.021308109164238,21.244410941125047
FGOALS-g3,tos,zonal_mean_rmse_anomaly,southern_hemisphere,0.0726259276270866,0.119093045592308,0.0464671179652214,63.98144503408864
FGOALS-g3,tos,zonal_mean_rmse_anomaly,tropics,0.1454363912343979,0.2048623859882354,0.0594259947538375,40.860471199441015
FGOALS-g3,tos,zonal_mean_rmse_bias_adjusted,global,0.1848944425582885,0.1988675743341446,0.0139731317758561,7.557356285303726
FGOALS-g3,tos,zonal_mean_rmse_bias_adjusted,northern_hemisphere,0.3509373962879181,0.359111875295639,0.0081744790077208,2.3293268526487667
FGOALS-g3,tos,zonal_mean_rmse_bias_adjusted,southern_hemisphere,0.1547859013080597,0.1650167554616928,0.0102308541536331,6.609680899341959
FGOALS-g3,tos,zonal_mean_rmse_bias_adjusted,tropics,0.1643531918525695,0.2256150543689727,0.0612618625164032,37.27451948201725
FIO-ESM-2-0,clt,zonal_mean_mae,global,1.715726135704349,2.014173769420876,0.2984476337165269,17.39482936733412
FIO-ESM-2-0,clt,zonal_mean_mae,northern_hemisphere,1.0506420325957089,0.9302374690526944,-0.1204045635430144,-11.460093905204207
FIO-ESM-2-0,clt,zonal_mean_mae,southern_hemisphere,3.0115019145212742,3.5428857896337584,0.5313838751124842,17.64514485447226
FIO-ESM-2-0,clt,zonal_mean_mae,tropics,2.7159214831084713,2.9114492935294276,0.1955278104209563,7.199317492682728
FIO-ESM-2-0,clt,zonal_mean_mae_anomaly,global,0.3827715526420359,0.4703490494862871,0.0875774968442512,22.8798342613911
FIO-ESM-2-0,clt,zonal_mean_mae_anomaly,northern_hemisphere,0.5518272100330528,0.6062749147803959,0.054447704747343,9.866803187193652
FIO-ESM-2-0,clt,zonal_mean_mae_anomaly,southern_hemisphere,0.5711838508733889,0.7149557027116117,0.1437718518382228,25.170853765978045
FIO-ESM-2-0,clt,zonal_mean_mae_anomaly,tropics,0.6116018308881053,0.7631713303992509,0.1515694995111456,24.782381584936065
FIO-ESM-2-0,clt,zonal_mean_mae_bias_adjusted,global,0.8545510059835185,0.8754292989673101,0.0208782929837916,2.4431886262613913
FIO-ESM-2-0,clt,zonal_mean_mae_bias_adjusted,northern_hemisphere,1.0429912490792062,0.890450626445637,-0.1525406226335691,-14.625302251407962
FIO-ESM-2-0,clt,zonal_mean_mae_bias_adjusted,southern_hemisphere,1.3252146902420203,1.384450021063233,0.0592353308212125,4.469866751205013
FIO-ESM-2-0,clt,zonal_mean_mae_bias_adjusted,tropics,1.5530804109396976,1.579368308298413,0.0262878973587152,1.6926295105872649
FIO-ESM-2-0,clt,zonal_mean_rmse,global,1.9569947368244125,2.2500871901866315,0.293092453362219,14.97666027645102
FIO-ESM-2-0,clt,zonal_mean_rmse,northern_hemisphere,1.2661143815752671,1.2279678298111112,-0.0381465517641559,-3.0128835371647047
FIO-ESM-2-0,clt,zonal_mean_rmse,southern_hemisphere,3.3647160744754765,3.897277438909223,0.5325613644337466,15.827824774688224
FIO-ESM-2-0,clt,zonal_mean_rmse,tropics,3.2142716195855536,3.4013403543208076,0.1870687347352539,5.819941712311622
FIO-ESM-2-0,clt,zonal_mean_rmse_anomaly,global,0.4719223400772076,0.6101447114266431,0.1382223713494354,29.289219774342943
FIO-ESM-2-0,clt,zonal_mean_rmse_anomaly,northern_hemisphere,0.6859289257672669,0.8041626365961687,0.1182337108289017,17.23702068645783
FIO-ESM-2-0,clt,zonal_mean_rmse_anomaly,southern_hemisphere,0.6987822693040198,0.8752977880493883,0.1765155187453685,25.260446135986857
FIO-ESM-2-0,clt,zonal_mean_rmse_anomaly,tropics,0.7775160102967482,0.9810918491342496,0.2035758388375014,26.182848474053195
FIO-ESM-2-0,clt,zonal_mean_rmse_bias_adjusted,global,1.0878107946951925,1.1161447025926732,0.0283339078974806,2.6046724334464737
FIO-ESM-2-0,clt,zonal_mean_rmse_bias_adjusted,northern_hemisphere,1.236323893603678,1.1701353785766055,-0.0661885150270724,-5.353654925663855
FIO-ESM-2-0,clt,zonal_mean_rmse_bias_adjusted,southern_hemisphere,1.5612460839098663,1.640729539648366,0.0794834557384998,5.091026748291176
FIO-ESM-2-0,clt,zonal_mean_rmse_bias_adjusted,tropics,1.8821986273757132,1.9331435447107987,0.0509449173350855,2.706670624136856
FIO-ESM-2-0,pr,zonal_mean_mae,global,4.0578592144806355e-06,4.2659770649426495e-06,2.0811785046201406e-07,5.128759758823988
FIO-ESM-2-0,pr,zonal_mean_mae,northern_hemisphere,3.514864873895957e-06,3.642520750714125e-06,1.2765587681816785e-07,3.631885759428104
FIO-ESM-2-0,pr,zonal_mean_mae,southern_hemisphere,4.641899415019088e-06,4.889433379171235e-06,2.475339641521463e-07,5.3326007743993395
FIO-ESM-2-0,pr,zonal_mean_mae,tropics,7.0476927603474846e-06,7.208010783825572e-06,1.6031802347808726e-07,2.2747589733208344
FIO-ESM-2-0,pr,zonal_mean_mae_anomaly,global,4.119932331963002e-07,4.670104230482734e-07,5.5017189851973214e-08,13.35390618558035
FIO-ESM-2-0,pr,zonal_mean_mae_anomaly,northern_hemisphere,8.114890470344408e-07,8.944997507045015e-07,8.301070367006063e-08,10.229429956377157
FIO-ESM-2-0,pr,zonal_mean_mae_anomaly,southern_hemisphere,8.18970146410983e-07,9.16435457971356e-07,9.746531156037305e-08,11.900960247147044
FIO-ESM-2-0,pr,zonal_mean_mae_anomaly,tropics,6.699919418262344e-07,8.396664017173403e-07,1.696744598911059e-07,25.32485083755109
FIO-ESM-2-0,pr,zonal_mean_mae_bias_adjusted,global,6.32891797499209e-07,7.134356099362225e-07,8.054381243701343e-08,12.726316371182564
FIO-ESM-2-0,pr,zonal_mean_mae_bias_adjusted,northern_hemisphere,1.2358768285692003e-06,1.2786009124385033e-06,4.2724083869302975e-08,3.456985589637238
FIO-ESM-2-0,pr,zonal_mean_mae_bias_adjusted,southern_hemisphere,1.612539174225747e-06,1.7332727398790606e-06,1.207335656533136e-07,7.4871710147000465
FIO-ESM-2-0,pr,zonal_mean_mae_bias_adjusted,tropics,7.91679214482593e-07,1.0001066901239797e-06,2.084274756413867e-07,26.327263849867
FIO-ESM-2-0,pr,zonal_mean_rmse,global,4.129846858642621e-06,4.349315965801018e-06,2.194691071583969e-07,5.314219017567421
FIO-ESM-2-0,pr,zonal_mean_rmse,northern_hemisphere,3.8087115072123503e-06,3.955776205077934e-06,1.470646978655838e-07,3.861271655442933
FIO-ESM-2-0,pr,zonal_mean_rmse,southern_hemisphere,5.020223584359e-06,5.307407542110316e-06,2.871839577513154e-07,5.720541185577177
FIO-ESM-2-0,pr,zonal_mean_rmse,tropics,7.118290281772058e-06,7.313626893859324e-06,1.953366120872663e-07,2.744150692863264
FIO-ESM-2-0,pr,zonal_mean_rmse_anomaly,global,5.066283521001513e-07,5.849291650408893e-07,7.830081294073803e-08,15.455276558477994
FIO-ESM-2-0,pr,zonal_mean_rmse_anomaly,northern_hemisphere,1.0479094961797195e-06,1.066719180193455e-06,1.8809684013735393e-08,1.7949721881811709
FIO-ESM-2-0,pr,zonal_mean_rmse_anomaly,southern_hemisphere,1.0047333399929371e-06,1.1483813472376564e-06,1.4364800724471924e-07,14.297127558813663
FIO-ESM-2-0,pr,zonal_mean_rmse_anomaly,tropics,8.300047264307208e-07,1.0232828697701332e-06,1.932781433394124e-07,23.286390689673382
FIO-ESM-2-0,pr,zonal_mean_rmse_bias_adjusted,global,7.677328124386289e-07,8.473423462538257e-07,7.96095338151968e-08,10.369432245877942
FIO-ESM-2-0,pr,zonal_mean_rmse_bias_adjusted,northern_hemisphere,1.5616865253773197e-06,1.5427922625155315e-06,-1.8894262861788137e-08,-1.2098627064239469
FIO-ESM-2-0,pr,zonal_mean_rmse_bias_adjusted,southern_hemisphere,1.9119138730078224e-06,2.0644650756783547e-06,1.525512026705323e-07,7.978978803607862
FIO-ESM-2-0,pr,zonal_mean_rmse_bias_adjusted,tropics,1.0000416447909524e-06,1.238434044604978e-06,2.3839239981402553e-07,23.838247242579467
FIO-ESM-2-0,tas,zonal_mean_mae,global,0.2480901348717978,0.2511231096524502,0.0030329747806524,1.22252937716356
FIO-ESM-2-0,tas,zonal_mean_mae,northern_hemisphere,0.2085962417009544,0.2276025912676004,0.019006349566646,9.111549379635374
FIO-ESM-2-0,tas,zonal_mean_mae,southern_hemisphere,0.5323963971004478,0.4760932126324263,-0.0563031844680215,-10.575425524038383
FIO-ESM-2-0,tas,zonal_mean_mae,tropics,0.1528565102136312,0.1951640128057102,0.0423075025920789,27.67791998715025
FIO-ESM-2-0,tas,zonal_mean_mae_anomaly,global,0.0912969453896442,0.1333222955596606,0.0420253501700164,46.03149644345421
FIO-ESM-2-0,tas,zonal_mean_mae_anomaly,northern_hemisphere,0.1316579503335186,0.1726362331181832,0.0409782827846646,31.124806880904337
FIO-ESM-2-0,tas,zonal_mean_mae_anomaly,southern_hemisphere,0.1153502833533285,0.1390466975864806,0.0236964142331521,20.543004788785662
FIO-ESM-2-0,tas,zonal_mean_mae_anomaly,tropics,0.1117244936570761,0.1712509684142583,0.0595264747571822,53.279699740587795
FIO-ESM-2-0,tas,zonal_mean_mae_bias_adjusted,global,0.1895236044607898,0.1911176916861819,0.001594087225392,0.8411022098948554
FIO-ESM-2-0,tas,zonal_mean_mae_bias_adjusted,northern_hemisphere,0.1636985357689558,0.2136153496802933,0.0499168139113375,30.49313402643389
FIO-ESM-2-0,tas,zonal_mean_mae_bias_adjusted,southern_hemisphere,0.3737940319158028,0.3704895034008691,-0.0033045285149336,-0.8840506355858635
FIO-ESM-2-0,tas,zonal_mean_mae_bias_adjusted,tropics,0.1488419900189612,0.1897007660013083,0.0408587759823471,27.45110837146295
FIO-ESM-2-0,tas,zonal_mean_rmse,global,0.3035724977797899,0.3053191358702256,0.0017466380904356,0.5753611091946428
FIO-ESM-2-0,tas,zonal_mean_rmse,northern_hemisphere,0.2584042066925214,0.2815678550173442,0.0231636483248228,8.964114253908237
FIO-ESM-2-0,tas,zonal_mean_rmse,southern_hemisphere,0.6471638677512267,0.5873259755900875,-0.0598378921611392,-9.246173209432207
FIO-ESM-2-0,tas,zonal_mean_rmse,tropics,0.2016696395719271,0.2511258286661256,0.0494561890941984,24.523368613727076
FIO-ESM-2-0,tas,zonal_mean_rmse_anomaly,global,0.1202840170451467,0.1661449096922896,0.0458608926471428,38.12717081931986
FIO-ESM-2-0,tas,zonal_mean_rmse_anomaly,northern_hemisphere,0.183361943257525,0.2146884901402505,0.0313265468827254,17.084541277318664
FIO-ESM-2-0,tas,zonal_mean_rmse_anomaly,southern_hemisphere,0.1461124049107373,0.1790921060584989,0.0329797011477616,22.571458712153497
FIO-ESM-2-0,tas,zonal_mean_rmse_anomaly,tropics,0.1438403862000498,0.2059298161297197,0.0620894299296699,43.16550557874434
FIO-ESM-2-0,tas,zonal_mean_rmse_bias_adjusted,global,0.2295095815174915,0.236608119754687,0.0070985382371955,3.09291585573934
FIO-ESM-2-0,tas,zonal_mean_rmse_bias_adjusted,northern_hemisphere,0.2225249180650446,0.2731972795042771,0.0506723614392324,22.771544813880492
FIO-ESM-2-0,tas,zonal_mean_rmse_bias_adjusted,southern_hemisphere,0.4321294044951766,0.4228312517445884,-0.0092981527505882,-2.1517056358269624
FIO-ESM-2-0,tas,zonal_mean_rmse_bias_adjusted,tropics,0.1845755832320445,0.2345948432191138,0.0500192599870693,27.099608253268332
FIO-ESM-2-0,tos,zonal_mean_mae,global,0.1168441623449325,0.1107760444283485,-0.006068117916584,-5.19334282073115
FIO-ESM-2-0,tos,zonal_mean_mae,northern_hemisphere,0.1075658500194549,0.2201231122016906,0.1125572621822356,104.64033163116176
FIO-ESM-2-0,tos,zonal_mean_mae,southern_hemisphere,0.1950012743473053,0.204980581998825,0.0099793076515196,5.117560223604556
FIO-ESM-2-0,tos,zonal_mean_mae,tropics,0.1051824241876602,0.1877336353063583,0.0825512111186981,78.48384533466842
FIO-ESM-2-0,tos,zonal_mean_mae_anomaly,global,0.0533888675272464,0.0778794288635253,0.0244905613362788,45.87203750628427
FIO-ESM-2-0,tos,zonal_mean_mae_anomaly,northern_hemisphere,0.0724729523062706,0.0898571461439132,0.0173841938376426,23.98714732108197
FIO-ESM-2-0,tos,zonal_mean_mae_anomaly,southern_hemisphere,0.0578863620758056,0.0797724276781082,0.0218860656023026,37.80867343786695
FIO-ESM-2-0,tos,zonal_mean_mae_anomaly,tropics,0.0987948402762413,0.1481774449348449,0.0493826046586035,49.98500379222676
FIO-ESM-2-0,tos,zonal_mean_mae_bias_adjusted,global,0.0952566936612129,0.1077568382024765,0.0125001445412636,13.122589143941155
FIO-ESM-2-0,tos,zonal_mean_mae_bias_adjusted,northern_hemisphere,0.094258151948452,0.1091505512595176,0.0148923993110656,15.799587625280386
FIO-ESM-2-0,tos,zonal_mean_mae_bias_adjusted,southern_hemisphere,0.1327236443758011,0.1336342692375183,0.0009106248617172,0.6861059805883799
FIO-ESM-2-0,tos,zonal_mean_mae_bias_adjusted,tropics,0.1032780036330223,0.1518707424402237,0.0485927388072014,47.050424192808734
FIO-ESM-2-0,tos,zonal_mean_rmse,global,0.1425727605819702,0.1349561512470245,-0.0076166093349456,-5.342261245314541
FIO-ESM-2-0,tos,zonal_mean_rmse,northern_hemisphere,0.1372579932212829,0.2581381201744079,0.120880126953125,88.06782331302627
FIO-ESM-2-0,tos,zonal_mean_rmse,southern_hemisphere,0.2426542490720749,0.2498999983072281,0.0072457492351531,2.9860384736147827
FIO-ESM-2-0,tos,zonal_mean_rmse,tropics,0.1330426335334777,0.2212164252996444,0.0881737917661666,66.27483944383843
FIO-ESM-2-0,tos,zonal_mean_rmse_anomaly,global,0.0674903467297554,0.0954646244645118,0.0279742777347564,41.44930214504735
FIO-ESM-2-0,tos,zonal_mean_rmse_anomaly,northern_hemisphere,0.0912947282195091,0.1154420003294944,0.0241472721099853,26.44979899816953
FIO-ESM-2-0,tos,zonal_mean_rmse_anomaly,southern_hemisphere,0.0725381001830101,0.09639473259449,0.0238566324114798,32.88841636504233
FIO-ESM-2-0,tos,zonal_mean_rmse_anomaly,tropics,0.1247256323695182,0.1814600080251693,0.056734375655651,45.48734255968098
FIO-ESM-2-0,tos,zonal_mean_rmse_bias_adjusted,global,0.1129046529531478,0.1325302571058273,0.0196256041526795,17.38245824184373
FIO-ESM-2-0,tos,zonal_mean_rmse_bias_adjusted,northern_hemisphere,0.114704430103302,0.1354429274797439,0.0207384973764419,18.079944565144483
FIO-ESM-2-0,tos,zonal_mean_rmse_bias_adjusted,southern_hemisphere,0.1553834676742553,0.166940838098526,0.0115573704242707,7.437966597900555
FIO-ESM-2-0,tos,zonal_mean_rmse_bias_adjusted,tropics,0.1287489682435989,0.1845980584621429,0.0558490902185439,43.378281768343925
GFDL-ESM4,pr,zonal_mean_mae,global,2.9058335258014267e-06,3.1189920264296234e-06,2.1315850062819666e-07,7.335537247248452
GFDL-ESM4,pr,zonal_mean_mae,northern_hemisphere,2.9687146252399543e-06,2.671731181180803e-06,-2.969834440591512e-07,-10.00377205455195
GFDL-ESM4,pr,zonal_mean_mae,southern_hemisphere,3.679238716358668e-06,4.108887424081331e-06,4.29648707722663e-07,11.677652385325109
GFDL-ESM4,pr,zonal_mean_mae,tropics,4.755398549605161e-06,4.847740456170868e-06,9.234190656570719e-08,1.941833173443986
GFDL-ESM4,pr,zonal_mean_mae_anomaly,global,4.0144314539247716e-07,4.808051699001226e-07,7.93620245076454e-08,19.769181618496905
GFDL-ESM4,pr,zonal_mean_mae_anomaly,northern_hemisphere,8.494426424476842e-07,8.710023280400492e-07,2.1559685592364985e-08,2.538097867354571
GFDL-ESM4,pr,zonal_mean_mae_anomaly,southern_hemisphere,8.234252959482546e-07,1.0227906841464574e-06,1.993653881982027e-07,24.211715279965254
GFDL-ESM4,pr,zonal_mean_mae_anomaly,tropics,6.91767468197213e-07,8.412593501816445e-07,1.4949188198443153e-07,21.61013474282279
GFDL-ESM4,pr,zonal_mean_mae_bias_adjusted,global,5.927610118305893e-07,6.213233518792549e-07,2.856234004866565e-08,4.8185254223212555
GFDL-ESM4,pr,zonal_mean_mae_bias_adjusted,northern_hemisphere,2.5046188056876417e-06,2.2636106677964563e-06,-2.410081378911855e-07,-9.622547644531354
GFDL-ESM4,pr,zonal_mean_mae_bias_adjusted,southern_hemisphere,2.0727795799757587e-06,2.1833791379322065e-06,1.1059955795644782e-07,5.3358089313935295
GFDL-ESM4,pr,zonal_mean_mae_bias_adjusted,tropics,7.795824785716832e-07,9.724760730023263e-07,1.9289359443064313e-07,24.74319263614728
GFDL-ESM4,pr,zonal_mean_rmse,global,2.9999680464243283e-06,3.2149093840416754e-06,2.1494133761734707e-07,7.164787567438803
GFDL-ESM4,pr,zonal_mean_rmse,northern_hemisphere,3.5564223708206555e-06,3.348108066347777e-06,-2.0831430447287858e-07,-5.857411824366896
GFDL-ESM4,pr,zonal_mean_rmse,southern_hemisphere,4.360725142760202e-06,4.802786406798987e-06,4.4206126403878443e-07,10.137333804968351
GFDL-ESM4,pr,zonal_mean_rmse,tropics,4.855052338825772e-06,4.9914096962311305e-06,1.3635735740535893e-07,2.8085661675552176
GFDL-ESM4,pr,zonal_mean_rmse_anomaly,global,5.154088853487337e-07,6.062693955755094e-07,9.086051022677567e-08,17.628821079655623
GFDL-ESM4,pr,zonal_mean_rmse_anomaly,northern_hemisphere,1.0897850870605907e-06,1.0900995448537287e-06,3.144577931379899e-10,0.0288550281033994
GFDL-ESM4,pr,zonal_mean_rmse_anomaly,southern_hemisphere,1.0259303735438152e-06,1.3173525985621382e-06,2.9142222501832293e-07,28.40565330098173
GFDL-ESM4,pr,zonal_mean_rmse_anomaly,tropics,8.579162908972648e-07,1.0420866374261095e-06,1.841703465288447e-07,21.46716975571443
GFDL-ESM4,pr,zonal_mean_rmse_bias_adjusted,global,7.456123398696946e-07,7.794427006047044e-07,3.383036073500989e-08,4.537258696780982
GFDL-ESM4,pr,zonal_mean_rmse_bias_adjusted,northern_hemisphere,2.813995024553151e-06,2.563828729762463e-06,-2.5016629479068797e-07,-8.890075945689109
GFDL-ESM4,pr,zonal_mean_rmse_bias_adjusted,southern_hemisphere,2.40597501033335e-06,2.5262304461648455e-06,1.2025543583149556e-07,4.998199703447214
GFDL-ESM4,pr,zonal_mean_rmse_bias_adjusted,tropics,9.786306236492235e-07,1.188940018437279e-06,2.1030939478805545e-07,21.490171031418477
GFDL-ESM4,tas,zonal_mean_mae,global,0.511857290764217,0.5513656072595386,0.0395083164953216,7.71861946839413
GFDL-ESM4,tas,zonal_mean_mae,northern_hemisphere,0.5129026063118735,0.5636910419627663,0.0507884356508928,9.90215979132901
GFDL-ESM4,tas,zonal_mean_mae,southern_hemisphere,0.5801072663346408,0.5955800120724969,0.015472745737856,2.667221501226715
GFDL-ESM4,tas,zonal_mean_mae,tropics,0.4244614887468477,0.4872480489709195,0.0627865602240718,14.79205107851804
GFDL-ESM4,tas,zonal_mean_mae_anomaly,global,0.1013326305539772,0.1514699222223768,0.0501372916683995,49.477933607667254
GFDL-ESM4,tas,zonal_mean_mae_anomaly,northern_hemisphere,0.1356712757430718,0.1802553559685601,0.0445840802254882,32.8618419641897
GFDL-ESM4,tas,zonal_mean_mae_anomaly,southern_hemisphere,0.1117287020554518,0.1569455941572476,0.0452168921017958,40.47025631726602
GFDL-ESM4,tas,zonal_mean_mae_anomaly,tropics,0.1240724207960842,0.1817854971229849,0.0577130763269006,46.515636558549474
GFDL-ESM4,tas,zonal_mean_mae_bias_adjusted,global,0.2047609037997825,0.204155083325224,-0.0006058204745585,-0.2958672594798119
GFDL-ESM4,tas,zonal_mean_mae_bias_adjusted,northern_hemisphere,0.2177433942785503,0.2449730092321634,0.027229614953613,12.505369011920218
GFDL-ESM4,tas,zonal_mean_mae_bias_adjusted,southern_hemisphere,0.4577596727893961,0.4513310194439133,-0.0064286533454828,-1.4043730209586374
GFDL-ESM4,tas,zonal_mean_mae_bias_adjusted,tropics,0.1758403788361486,0.2086066635223062,0.0327662846861576,18.634107195987024
GFDL-ESM4,tas,zonal_mean_rmse,global,0.5631291407752865,0.606410590630058,0.0432814498547714,7.685883524902269
GFDL-ESM4,tas,zonal_mean_rmse,northern_hemisphere,0.5806400110391144,0.6373669029761807,0.0567268919370662,9.769718045359587
GFDL-ESM4,tas,zonal_mean_rmse,southern_hemisphere,0.6927534591923594,0.7176055523732915,0.024852093180932,3.587436894202688
GFDL-ESM4,tas,zonal_mean_rmse,tropics,0.4762876430432196,0.5565700492881508,0.0802824062449312,16.8558658654191
GFDL-ESM4,tas,zonal_mean_rmse_anomaly,global,0.1256363457836224,0.1841281963054152,0.0584918505217927,46.55647229865358
GFDL-ESM4,tas,zonal_mean_rmse_anomaly,northern_hemisphere,0.1778535746501487,0.2266770013003345,0.0488234266501858,27.451473351730566
GFDL-ESM4,tas,zonal_mean_rmse_anomaly,southern_hemisphere,0.1399032108694822,0.1877037122806152,0.0478005014111329,34.166836567980404
GFDL-ESM4,tas,zonal_mean_rmse_anomaly,tropics,0.1537543398270427,0.2294372627367182,0.0756829229096754,49.22327590545459
GFDL-ESM4,tas,zonal_mean_rmse_bias_adjusted,global,0.2487132639950539,0.2551038588469951,0.0063905948519412,2.569462822082661
GFDL-ESM4,tas,zonal_mean_rmse_bias_adjusted,northern_hemisphere,0.2770676427475508,0.3091548943687624,0.0320872516212116,11.581017293472918
GFDL-ESM4,tas,zonal_mean_rmse_bias_adjusted,southern_hemisphere,0.5227683018535704,0.5168700930061536,-0.0058982088474167,-1.1282644388543812
GFDL-ESM4,tas,zonal_mean_rmse_bias_adjusted,tropics,0.2163064936751448,0.2714357004138397,0.0551292067386949,25.486616606845608
GFDL-ESM4,tos,zonal_mean_mae,global,0.1716019958257675,0.121608130633831,-0.0499938651919364,-29.133615230615803
GFDL-ESM4,tos,zonal_mean_mae,northern_hemisphere,0.2475734651088714,0.3180460035800934,0.0704725384712219,28.465303597956833
GFDL-ESM4,tos,zonal_mean_mae,southern_hemisphere,0.3573521077632904,0.310943454504013,-0.0464086532592774,-12.98681391576356
GFDL-ESM4,tos,zonal_mean_mae,tropics,0.1802085489034652,0.1684554070234298,-0.0117531418800354,-6.521966883120162
GFDL-ESM4,tos,zonal_mean_mae_anomaly,global,0.0701266899704933,0.0964662581682205,0.0263395681977272,37.55997639245473
GFDL-ESM4,tos,zonal_mean_mae_anomaly,northern_hemisphere,0.0943045318126678,0.1187470406293869,0.024442508816719,25.918700137627702
GFDL-ESM4,tos,zonal_mean_mae_anomaly,southern_hemisphere,0.0586177594959735,0.0925277769565582,0.0339100174605847,57.849391979770246
GFDL-ESM4,tos,zonal_mean_mae_anomaly,tropics,0.116859845817089,0.1669387221336364,0.0500788763165473,42.85379290584697
GFDL-ESM4,tos,zonal_mean_mae_bias_adjusted,global,0.1000889465212822,0.1136272773146629,0.0135383307933807,13.52629962041015
GFDL-ESM4,tos,zonal_mean_mae_bias_adjusted,northern_hemisphere,0.2291862517595291,0.2536725699901581,0.0244863182306289,10.684025783676123
GFDL-ESM4,tos,zonal_mean_mae_bias_adjusted,southern_hemisphere,0.2929869890213012,0.2794149518013,-0.0135720372200012,-4.632300316589991
GFDL-ESM4,tos,zonal_mean_mae_bias_adjusted,tropics,0.1211448684334755,0.167140930891037,0.0459960624575614,37.967817417556894
GFDL-ESM4,tos,zonal_mean_rmse,global,0.2073099017143249,0.1556680500507354,-0.0516418516635895,-24.910460733685788
GFDL-ESM4,tos,zonal_mean_rmse,northern_hemisphere,0.284965455532074,0.3800094425678253,0.0950439870357513,33.35281003035604
GFDL-ESM4,tos,zonal_mean_rmse,southern_hemisphere,0.4717413783073425,0.4091126620769501,-0.0626287162303924,-13.2760701329849
GFDL-ESM4,tos,zonal_mean_rmse,tropics,0.2168693542480468,0.2196256071329116,0.0027562528848648,1.2709277871101656
GFDL-ESM4,tos,zonal_mean_rmse_anomaly,global,0.0830689743161201,0.1180463582277298,0.0349773839116096,42.10643528413242
GFDL-ESM4,tos,zonal_mean_rmse_anomaly,northern_hemisphere,0.1127702295780181,0.1500049233436584,0.0372346937656402,33.01819452258906
GFDL-ESM4,tos,zonal_mean_rmse_anomaly,southern_hemisphere,0.0738214626908302,0.1104002892971038,0.0365788266062735,49.5503953362025
GFDL-ESM4,tos,zonal_mean_rmse_anomaly,tropics,0.1391020566225052,0.214163526892662,0.0750614702701568,53.96143816468396
GFDL-ESM4,tos,zonal_mean_rmse_bias_adjusted,global,0.123426653444767,0.1438979506492614,0.0204712972044943,16.585799447001314
GFDL-ESM4,tos,zonal_mean_rmse_bias_adjusted,northern_hemisphere,0.2710286676883697,0.3060622811317444,0.0350336134433746,12.92616524376548
GFDL-ESM4,tos,zonal_mean_rmse_bias_adjusted,southern_hemisphere,0.330570638179779,0.3230611979961395,-0.0075094401836394,-2.271659765364734
GFDL-ESM4,tos,zonal_mean_rmse_bias_adjusted,tropics,0.1441309452056884,0.2159891724586486,0.0718582272529602,49.85621037204174
IPSL-CM6A-LR,clt,zonal_mean_mae,global,5.085417747497559,5.4885334968566895,0.4031157493591308,7.926895475941908
IPSL-CM6A-LR,clt,zonal_mean_mae,northern_hemisphere,6.7599639892578125,7.07561731338501,0.3156533241271972,4.669452746032355
IPSL-CM6A-LR,clt,zonal_mean_mae,southern_hemisphere,3.245527982711792,3.719082355499267,0.4735543727874751,14.590981045610894
IPSL-CM6A-LR,clt,zonal_mean_mae,tropics,11.496732711791992,11.612088203430176,0.1153554916381836,1.003376302902698
IPSL-CM6A-LR,clt,zonal_mean_mae_anomaly,global,0.3906600773334503,0.5034961104393005,0.1128360331058502,28.883430801540115
IPSL-CM6A-LR,clt,zonal_mean_mae_anomaly,northern_hemisphere,0.5785216093063354,0.6051813960075378,0.0266597867012023,4.608261173367105
IPSL-CM6A-LR,clt,zonal_mean_mae_anomaly,southern_hemisphere,0.5997992157936096,0.7525444030761719,0.1527451872825622,25.4660531825573
IPSL-CM6A-LR,clt,zonal_mean_mae_anomaly,tropics,0.6700725555419922,0.8359858989715576,0.1659133434295654,24.760504225600677
IPSL-CM6A-LR,clt,zonal_mean_mae_bias_adjusted,global,1.0667424201965332,1.0763099193572998,0.0095674991607666,0.8968893501960779
IPSL-CM6A-LR,clt,zonal_mean_mae_bias_adjusted,northern_hemisphere,3.007310628890991,2.8693182468414307,-0.1379923820495605,-4.588564304727249
IPSL-CM6A-LR,clt,zonal_mean_mae_bias_adjusted,southern_hemisphere,1.1877038478851318,1.1974549293518066,0.0097510814666748,0.82100276799119
IPSL-CM6A-LR,clt,zonal_mean_mae_bias_adjusted,tropics,1.0922152996063232,1.1894639730453491,0.0972486734390258,8.903800695163131
IPSL-CM6A-LR,clt,zonal_mean_rmse,global,5.2613844871521,5.649913311004639,0.388528823852539,7.384535853657852
IPSL-CM6A-LR,clt,zonal_mean_rmse,northern_hemisphere,7.630221843719482,7.844320297241211,0.2140984535217285,2.8059269822928576
IPSL-CM6A-LR,clt,zonal_mean_rmse,southern_hemisphere,3.55446720123291,4.01177978515625,0.4573125839233398,12.865854656492974
IPSL-CM6A-LR,clt,zonal_mean_rmse,tropics,11.572219848632812,11.702804565429688,0.130584716796875,1.128432733779274
IPSL-CM6A-LR,clt,zonal_mean_rmse_anomaly,global,0.4953867197036743,0.642357587814331,0.1469708681106567,29.667906357798685
IPSL-CM6A-LR,clt,zonal_mean_rmse_anomaly,northern_hemisphere,0.7188966870307922,0.7999199032783508,0.0810232162475586,11.270495150311932
IPSL-CM6A-LR,clt,zonal_mean_rmse_anomaly,southern_hemisphere,0.7261979579925537,0.9029402136802672,0.1767422556877135,24.338027082351807
IPSL-CM6A-LR,clt,zonal_mean_rmse_anomaly,tropics,0.8556627035140991,1.0510883331298828,0.1954256296157837,22.839096388471205
IPSL-CM6A-LR,clt,zonal_mean_rmse_bias_adjusted,global,1.3493304252624512,1.340715765953064,-0.0086146593093872,-0.6384395658840654
IPSL-CM6A-LR,clt,zonal_mean_rmse_bias_adjusted,northern_hemisphere,3.5388095378875732,3.3865911960601807,-0.1522183418273925,-4.301399671208541
IPSL-CM6A-LR,clt,zonal_mean_rmse_bias_adjusted,southern_hemisphere,1.4658560752868652,1.504262089729309,0.0384060144424438,2.6200399268344174
IPSL-CM6A-LR,clt,zonal_mean_rmse_bias_adjusted,tropics,1.3196256160736084,1.4543178081512451,0.1346921920776367,10.206848854480226
IPSL-CM6A-LR,od550aer,zonal_mean_mae,global,0.0655871778726577,0.0706333294510841,0.0050461515784263,7.693808061423012
IPSL-CM6A-LR,od550aer,zonal_mean_mae,northern_hemisphere,0.074463278055191,0.0726913288235664,-0.0017719492316246,-2.3796282918289773
IPSL-CM6A-LR,od550aer,zonal_mean_mae,southern_hemisphere,0.0588668957352638,0.0696413069963455,0.0107744112610817,18.303005664739636
IPSL-CM6A-LR,od550aer,zonal_mean_mae,tropics,0.0663762912154197,0.0685680732131004,0.0021917819976807,3.302055534509193
IPSL-CM6A-LR,od550aer,zonal_mean_mae_anomaly,global,0.0061418325640261,0.0081719513982534,0.0020301188342272,33.053959271343494
IPSL-CM6A-LR,od550aer,zonal_mean_mae_anomaly,northern_hemisphere,0.0104069812223315,0.0119837820529937,0.0015768008306622,15.151375763787014
IPSL-CM6A-LR,od550aer,zonal_mean_mae_anomaly,southern_hemisphere,0.0047563095577061,0.009269437752664,0.0045131281949579,94.88718385971744
IPSL-CM6A-LR,od550aer,zonal_mean_mae_anomaly,tropics,0.0080510936677455,0.010283026844263,0.0022319331765175,27.722111661166345
IPSL-CM6A-LR,od550aer,zonal_mean_mae_bias_adjusted,global,0.0075159263797104,0.0107420329004526,0.0032261065207421,42.92360459319063
IPSL-CM6A-LR,od550aer,zonal_mean_mae_bias_adjusted,northern_hemisphere,0.0193039160221815,0.018514959141612,-0.0007889568805694,-4.087030215335246
IPSL-CM6A-LR,od550aer,zonal_mean_mae_bias_adjusted,southern_hemisphere,0.0236388389021158,0.024546118453145,0.0009072795510291,3.8380884728986926
IPSL-CM6A-LR,od550aer,zonal_mean_mae_bias_adjusted,tropics,0.011849925853312,0.0126167424023151,0.0007668165490031,6.4710662201213545
IPSL-CM6A-LR,od550aer,zonal_mean_rmse,global,0.0663164034485817,0.0719247162342071,0.0056083127856254,8.45690130040571
IPSL-CM6A-LR,od550aer,zonal_mean_rmse,northern_hemisphere,0.0780780240893364,0.076457679271698,-0.0016203448176383,-2.0752892206703497
IPSL-CM6A-LR,od550aer,zonal_mean_rmse,southern_hemisphere,0.0644951462745666,0.07521253824234,0.0107173919677734,16.617362060313322
IPSL-CM6A-LR,od550aer,zonal_mean_rmse,tropics,0.0680870711803436,0.0704562813043594,0.0023692101240157,3.4796769532653555
IPSL-CM6A-LR,od550aer,zonal_mean_rmse_anomaly,global,0.0079238284379243,0.010312576778233,0.0023887483403086,30.146391470010776
IPSL-CM6A-LR,od550aer,zonal_mean_rmse_anomaly,northern_hemisphere,0.0139364525675773,0.014918403699994,0.0009819511324167,7.045918806491532
IPSL-CM6A-LR,od550aer,zonal_mean_rmse_anomaly,southern_hemisphere,0.0064096893183887,0.0120093096047639,0.0055996202863752,87.36180504584676
IPSL-CM6A-LR,od550aer,zonal_mean_rmse_anomaly,tropics,0.010354071855545,0.013148927129805,0.0027948552742599,26.992813197092577
IPSL-CM6A-LR,od550aer,zonal_mean_rmse_bias_adjusted,global,0.0098075484856963,0.0135682793334126,0.0037607308477163,38.34526898542579
IPSL-CM6A-LR,od550aer,zonal_mean_rmse_bias_adjusted,northern_hemisphere,0.0234818402677774,0.0237011797726154,0.000219339504838,0.9340814107273592
IPSL-CM6A-LR,od550aer,zonal_mean_rmse_bias_adjusted,southern_hemisphere,0.0263498090207576,0.0284079965204,0.0020581874996424,7.811014865500621
IPSL-CM6A-LR,od550aer,zonal_mean_rmse_bias_adjusted,tropics,0.0151670016348361,0.0162020716816186,0.0010350700467825,6.8244869467483635
IPSL-CM6A-LR,pr,zonal_mean_mae,global,3.815394393313909e-06,4.01652278014808e-06,2.011283868341707e-07,5.271496629198484
IPSL-CM6A-LR,pr,zonal_mean_mae,northern_hemisphere,2.6793468350660987e-06,2.6110353701369604e-06,-6.831146492913831e-08,-2.549556632053315
IPSL-CM6A-LR,pr,zonal_mean_mae,southern_hemisphere,5.121961748955073e-06,5.65729123991332e-06,5.353294909582473e-07,10.45164952798524
IPSL-CM6A-LR,pr,zonal_mean_mae,tropics,5.7114780247502495e-06,5.94098992223735e-06,2.2951189748710021e-07,4.018432645499608
IPSL-CM6A-LR,pr,zonal_mean_mae_anomaly,global,3.99763536051978e-07,4.7128224878179026e-07,7.151871272981225e-08,17.89025418279101
IPSL-CM6A-LR,pr,zonal_mean_mae_anomaly,northern_hemisphere,7.411447313643293e-07,8.274502647509507e-07,8.630553338662139e-08,11.644896028302954
IPSL-CM6A-LR,pr,zonal_mean_mae_anomaly,southern_hemisphere,8.173871606231842e-07,8.763688583712792e-07,5.8981697748095037e-08,7.215882581655282
IPSL-CM6A-LR,pr,zonal_mean_mae_anomaly,tropics,6.54773032238154e-07,8.300090144075511e-07,1.752359821693972e-07,26.762858813901236
IPSL-CM6A-LR,pr,zonal_mean_mae_bias_adjusted,global,5.292941978041199e-07,5.411853294390312e-07,1.1891131634911291e-08,2.2466015467851275
IPSL-CM6A-LR,pr,zonal_mean_mae_bias_adjusted,northern_hemisphere,1.2831536650992348e-06,1.323269657405035e-06,4.0115992305800325e-08,3.126359172476656
IPSL-CM6A-LR,pr,zonal_mean_mae_bias_adjusted,southern_hemisphere,1.6185493905140902e-06,1.6642045466142008e-06,4.5655156100110617e-08,2.8207453147666652
IPSL-CM6A-LR,pr,zonal_mean_mae_bias_adjusted,tropics,8.374937578992103e-07,1.0706913826652451e-06,2.331976247660348e-07,27.844700043018037
IPSL-CM6A-LR,pr,zonal_mean_rmse,global,3.873743480653502e-06,4.076132881891681e-06,2.0238940123817886e-07,5.22464644984793
IPSL-CM6A-LR,pr,zonal_mean_rmse,northern_hemisphere,3.0620590223406907e-06,3.0096446153038414e-06,-5.24144070368493e-08,-1.7117373197066208
IPSL-CM6A-LR,pr,zonal_mean_rmse,southern_hemisphere,5.477761988004204e-06,6.01312694925582e-06,5.353649612516165e-07,9.773425030587612
IPSL-CM6A-LR,pr,zonal_mean_rmse,tropics,5.80365758651169e-06,6.087834663048852e-06,2.841770765371621e-07,4.896516934383231
IPSL-CM6A-LR,pr,zonal_mean_rmse_anomaly,global,4.887724003310723e-07,5.854361688761855e-07,9.666376854511328e-08,19.77684674495483
IPSL-CM6A-LR,pr,zonal_mean_rmse_anomaly,northern_hemisphere,9.748810043674894e-07,1.012067514238879e-06,3.7186509871389723e-08,3.814466555896904
IPSL-CM6A-LR,pr,zonal_mean_rmse_anomaly,southern_hemisphere,1.018516741169151e-06,1.1256909147050465e-06,1.0717417353589553e-07,10.5225735821358
IPSL-CM6A-LR,pr,zonal_mean_rmse_anomaly,tropics,8.095925068118959e-07,1.0599638926578336e-06,2.5037138584593777e-07,30.925605627438213
IPSL-CM6A-LR,pr,zonal_mean_rmse_bias_adjusted,global,6.698165293528291e-07,6.945554105186602e-07,2.4738881165831117e-08,3.693381707037539
IPSL-CM6A-LR,pr,zonal_mean_rmse_bias_adjusted,northern_hemisphere,1.6140694469868322e-06,1.69769214153348e-06,8.362269454664785e-08,5.180861003394611
IPSL-CM6A-LR,pr,zonal_mean_rmse_bias_adjusted,southern_hemisphere,1.9420044736762065e-06,2.0378311091917567e-06,9.582663551555016e-08,4.934418885974589
IPSL-CM6A-LR,pr,zonal_mean_rmse_bias_adjusted,tropics,1.0302728696842678e-06,1.3290492688611266e-06,2.987763991768589e-07,28.99973472740482
IPSL-CM6A-LR,tas,zonal_mean_mae,global,0.6994278861365406,0.7401245588406212,0.0406966727040806,5.818565932347728
IPSL-CM6A-LR,tas,zonal_mean_mae,northern_hemisphere,0.7326005424128942,0.8018335439684975,0.0692330015556033,9.450307165700067
IPSL-CM6A-LR,tas,zonal_mean_mae,southern_hemisphere,0.866035154020355,0.8447933752615232,-0.0212417787588318,-2.4527617222259503
IPSL-CM6A-LR,tas,zonal_mean_mae,tropics,0.6758545014953067,0.7544732080969965,0.0786187066016897,11.632489896530746
IPSL-CM6A-LR,tas,zonal_mean_mae_anomaly,global,0.1289254757116367,0.1324115720667383,0.0034860963551015,2.7039623750536443
IPSL-CM6A-LR,tas,zonal_mean_mae_anomaly,northern_hemisphere,0.1691777555169243,0.1710131148226523,0.001835359305728,1.0848703484214273
IPSL-CM6A-LR,tas,zonal_mean_mae_anomaly,southern_hemisphere,0.1283471049834465,0.1447494981314231,0.0164023931479765,12.7797141587978
IPSL-CM6A-LR,tas,zonal_mean_mae_anomaly,tropics,0.1351712086655387,0.1647925131272605,0.0296213044617218,21.91391551067312
IPSL-CM6A-LR,tas,zonal_mean_mae_bias_adjusted,global,0.1602661738849851,0.15390609115273,-0.0063600827322551,-3.968449846952368
IPSL-CM6A-LR,tas,zonal_mean_mae_bias_adjusted,northern_hemisphere,0.6015503946161966,0.6592584228622528,0.0577080282460561,9.59321592380888
IPSL-CM6A-LR,tas,zonal_mean_mae_bias_adjusted,southern_hemisphere,0.6228815875937112,0.6006889780278456,-0.0221926095658655,-3.5628938160781196
IPSL-CM6A-LR,tas,zonal_mean_mae_bias_adjusted,tropics,0.1749539128406117,0.1905260458462227,0.015572133005611,8.900705764607666
IPSL-CM6A-LR,tas,zonal_mean_rmse,global,0.7264018986986679,0.76603084298301,0.0396289442843421,5.4555122109863
IPSL-CM6A-LR,tas,zonal_mean_rmse,northern_hemisphere,0.8750011329559504,0.978495979379252,0.1034948464233016,11.827967133445052
IPSL-CM6A-LR,tas,zonal_mean_rmse,southern_hemisphere,1.0642950897951633,1.035876184392959,-0.0284189054022043,-2.6702091999385194
IPSL-CM6A-LR,tas,zonal_mean_rmse,tropics,0.7072369824437053,0.7937786553540733,0.086541672910368,12.236587601986244
IPSL-CM6A-LR,tas,zonal_mean_rmse_anomaly,global,0.1515874107393874,0.168491865589878,0.0169044548504906,11.151621871524108
IPSL-CM6A-LR,tas,zonal_mean_rmse_anomaly,northern_hemisphere,0.2105424190577297,0.2215525246295662,0.0110101055718365,5.22940014706376
IPSL-CM6A-LR,tas,zonal_mean_rmse_anomaly,southern_hemisphere,0.1654959604914116,0.1926743148060978,0.0271783543146862,16.42236718889379
IPSL-CM6A-LR,tas,zonal_mean_rmse_anomaly,tropics,0.1562649475201621,0.2087582596317148,0.0524933121115527,33.59250615355037
IPSL-CM6A-LR,tas,zonal_mean_rmse_bias_adjusted,global,0.196113108571144,0.1975319974581437,0.0014188888869997,0.7235053777575364
IPSL-CM6A-LR,tas,zonal_mean_rmse_bias_adjusted,northern_hemisphere,0.6798765437067876,0.7355322204881765,0.0556556767813888,8.186144572358069
IPSL-CM6A-LR,tas,zonal_mean_rmse_bias_adjusted,southern_hemisphere,0.7090239421038439,0.6808518693382688,-0.028172072765575,-3.973359867366652
IPSL-CM6A-LR,tas,zonal_mean_rmse_bias_adjusted,tropics,0.2083382907537581,0.2466875192675307,0.0383492285137726,18.407191676108567
IPSL-CM6A-LR,tos,zonal_mean_mae,global,0.1368206441402435,0.1526734977960586,0.015852853655815,11.586594812085266
IPSL-CM6A-LR,tos,zonal_mean_mae,northern_hemisphere,0.5538285970687866,0.6471893787384033,0.0933607816696167,16.857342174770565
IPSL-CM6A-LR,tos,zonal_mean_mae,southern_hemisphere,0.327994167804718,0.3270981013774872,-0.0008960664272308,-0.2731958416298235
IPSL-CM6A-LR,tos,zonal_mean_mae,tropics,0.1581713259220123,0.2583382427692413,0.1001669168472289,63.32811352711117
IPSL-CM6A-LR,tos,zonal_mean_mae_anomaly,global,0.0790455639362335,0.0797610282897949,0.0007154643535613,0.9051290394215626
IPSL-CM6A-LR,tos,zonal_mean_mae_anomaly,northern_hemisphere,0.1158257350325584,0.0921218693256378,-0.0237038657069205,-20.46511140227816
IPSL-CM6A-LR,tos,zonal_mean_mae_anomaly,southern_hemisphere,0.0590774789452552,0.0849096998572349,0.0258322209119796,43.726004178203695
IPSL-CM6A-LR,tos,zonal_mean_mae_anomaly,tropics,0.1306205242872238,0.1495234072208404,0.0189028829336166,14.47160240457367
IPSL-CM6A-LR,tos,zonal_mean_mae_bias_adjusted,global,0.1364510059356689,0.1419402062892913,0.0054892003536224,4.0228361205415695
IPSL-CM6A-LR,tos,zonal_mean_mae_bias_adjusted,northern_hemisphere,0.5138713717460632,0.5470806360244751,0.0332092642784118,6.462563611117587
IPSL-CM6A-LR,tos,zonal_mean_mae_bias_adjusted,southern_hemisphere,0.3376270830631256,0.336603432893753,-0.0010236501693726,-0.3031895901494442
IPSL-CM6A-LR,tos,zonal_mean_mae_bias_adjusted,tropics,0.1370605379343032,0.1626913547515869,0.0256308168172836,18.700362047002344
IPSL-CM6A-LR,tos,zonal_mean_rmse,global,0.1654838472604751,0.1886405199766159,0.0231566727161408,13.993313002743829
IPSL-CM6A-LR,tos,zonal_mean_rmse,northern_hemisphere,0.6070327758789062,0.7085239291191101,0.1014911532402038,16.71922131276315
IPSL-CM6A-LR,tos,zonal_mean_rmse,southern_hemisphere,0.4063577055931091,0.395626962184906,-0.010730743408203,-2.640713652160418
IPSL-CM6A-LR,tos,zonal_mean_rmse,tropics,0.198833629488945,0.320754736661911,0.121921107172966,61.318152007955334
IPSL-CM6A-LR,tos,zonal_mean_rmse_anomaly,global,0.0909695625305175,0.1035382971167564,0.0125687345862389,13.816417531987668
IPSL-CM6A-LR,tos,zonal_mean_rmse_anomaly,northern_hemisphere,0.1334638446569442,0.1200383082032203,-0.0134255364537238,-10.05930594029636
IPSL-CM6A-LR,tos,zonal_mean_rmse_anomaly,southern_hemisphere,0.0750763341784477,0.1070030406117439,0.0319267064332962,42.52565976038487
IPSL-CM6A-LR,tos,zonal_mean_rmse_anomaly,tropics,0.1515601873397827,0.1913928985595703,0.0398327112197876,26.281777503010535
IPSL-CM6A-LR,tos,zonal_mean_rmse_bias_adjusted,global,0.1632959544658661,0.1753425300121307,0.0120465755462646,7.377142676723647
IPSL-CM6A-LR,tos,zonal_mean_rmse_bias_adjusted,northern_hemisphere,0.5847083926200867,0.6229945421218872,0.0382861495018005,6.547904901833161
IPSL-CM6A-LR,tos,zonal_mean_rmse_bias_adjusted,southern_hemisphere,0.3800358772277832,0.381748616695404,0.0017127394676207,0.450678362294259
IPSL-CM6A-LR,tos,zonal_mean_rmse_bias_adjusted,tropics,0.1666576713323593,0.2035600990056991,0.0369024276733398,22.142651687330165
KACE-1-0-G,clt,zonal_mean_mae,global,1.5934194720005002,1.3300073790597973,-0.2634120929407029,-16.531246013329767
KACE-1-0-G,clt,zonal_mean_mae,northern_hemisphere,3.4305548716202208,2.950596804107073,-0.4799580675131478,-13.990683299768005
KACE-1-0-G,clt,zonal_mean_mae,southern_hemisphere,1.6450750474524645,1.646924003056444,0.0018489556039795,0.112393389398425
KACE-1-0-G,clt,zonal_mean_mae,tropics,3.4059130757696985,4.003473923925314,0.5975608481556152,17.544806190350968
KACE-1-0-G,clt,zonal_mean_mae_anomaly,global,0.4387608233099992,0.579395295504539,0.1406344721945398,32.052650264806545
KACE-1-0-G,clt,zonal_mean_mae_anomaly,northern_hemisphere,0.6823319861377445,0.7612985189961556,0.0789665328584111,11.573036947218524
KACE-1-0-G,clt,zonal_mean_mae_anomaly,southern_hemisphere,0.6100257184321777,0.7813434598108534,0.1713177413786757,28.083691589098592
KACE-1-0-G,clt,zonal_mean_mae_anomaly,tropics,0.8119775200607026,0.9801034090374032,0.1681258889767006,20.705731972004813
KACE-1-0-G,clt,zonal_mean_mae_bias_adjusted,global,1.1839371528580662,1.3060761452553395,0.1221389923972733,10.316340871846574
KACE-1-0-G,clt,zonal_mean_mae_bias_adjusted,northern_hemisphere,2.7046291238628446,2.6744006830185407,-0.0302284408443038,-1.1176556732898952
KACE-1-0-G,clt,zonal_mean_mae_bias_adjusted,southern_hemisphere,1.6452697413320092,1.520614977113027,-0.1246547642189821,-7.576554840062987
KACE-1-0-G,clt,zonal_mean_mae_bias_adjusted,tropics,1.138141585331707,1.27116909784879,0.133027512517083,11.688133904562733
KACE-1-0-G,clt,zonal_mean_rmse,global,1.8596033381402417,1.6218137850512295,-0.2377895530890121,-12.787111542121748
KACE-1-0-G,clt,zonal_mean_rmse,northern_hemisphere,3.829379053702111,3.3079492983790995,-0.5214297553230116,-13.6165615367565
KACE-1-0-G,clt,zonal_mean_rmse,southern_hemisphere,1.9119697019862945,1.9550617650388495,0.043092063052555,2.253804702437904
KACE-1-0-G,clt,zonal_mean_rmse,tropics,3.6925540230306337,4.3323200733672005,0.6397660503365667,17.325841310548626
KACE-1-0-G,clt,zonal_mean_rmse_anomaly,global,0.5578756320931775,0.7600742501998328,0.2021986181066553,36.244389694526696
KACE-1-0-G,clt,zonal_mean_rmse_anomaly,northern_hemisphere,0.8558555039447089,0.9516588173836644,0.0958033134389555,11.19386543609174
KACE-1-0-G,clt,zonal_mean_rmse_anomaly,southern_hemisphere,0.7713477738543094,0.9719207207705202,0.2005729469162107,26.002920305840483
KACE-1-0-G,clt,zonal_mean_rmse_anomaly,tropics,1.004461196115855,1.2614645452193336,0.2570033491034786,25.58618989934936
KACE-1-0-G,clt,zonal_mean_rmse_bias_adjusted,global,1.4970631519535211,1.6139316952188958,0.1168685432653746,7.806520594196218
KACE-1-0-G,clt,zonal_mean_rmse_bias_adjusted,northern_hemisphere,3.1326673661543474,3.133475616164163,0.0008082500098156,0.0258006968294199
KACE-1-0-G,clt,zonal_mean_rmse_bias_adjusted,southern_hemisphere,1.9119657368872665,1.809309346434984,-0.1026563904522823,-5.369154293497426
KACE-1-0-G,clt,zonal_mean_rmse_bias_adjusted,tropics,1.467687209814322,1.6556550844153644,0.1879678746010422,12.807079965275584
KACE-1-0-G,od550aer,zonal_mean_mae,global,0.056264725172193,0.0332410852669899,-0.0230236399052031,-40.920203261886336
KACE-1-0-G,od550aer,zonal_mean_mae,northern_hemisphere,0.0798003706465498,0.0446659505628631,-0.0351344200836866,-44.027890846902665
KACE-1-0-G,od550aer,zonal_mean_mae,southern_hemisphere,0.0290570721446786,0.0231365647240382,-0.0059205074206403,-20.375443854637155
KACE-1-0-G,od550aer,zonal_mean_mae,tropics,0.0772194476805106,0.0633954090983019,-0.0138240385822087,-17.902275912933984
KACE-1-0-G,od550aer,zonal_mean_mae_anomaly,global,0.0073108694108653,0.0086372128483506,0.0013263434374852,18.1420753530915
KACE-1-0-G,od550aer,zonal_mean_mae_anomaly,northern_hemisphere,0.0116072823361192,0.0115009920144398,-0.0001062903216794,-0.9157209982620068
KACE-1-0-G,od550aer,zonal_mean_mae_anomaly,southern_hemisphere,0.0046554550506853,,,
KACE-1-0-G,od550aer,zonal_mean_mae_anomaly,tropics,0.0090537041753748,0.0097470575917954,0.0006933534164206,7.658229195365741
KACE-1-0-G,od550aer,zonal_mean_mae_bias_adjusted,global,0.0165333253790146,0.0142159972508006,-0.0023173281282139,-14.01610429294118
KACE-1-0-G,od550aer,zonal_mean_mae_bias_adjusted,northern_hemisphere,0.0251890116350082,0.0197501801000085,-0.0054388315349996,-21.592079966491024
KACE-1-0-G,od550aer,zonal_mean_mae_bias_adjusted,southern_hemisphere,0.0137828331075136,0.01566859462449,0.0018857615169763,13.681958580405295
KACE-1-0-G,od550aer,zonal_mean_mae_bias_adjusted,tropics,0.0173663649116028,0.0172491875465499,-0.0001171773650528,-0.6747374343988866
KACE-1-0-G,od550aer,zonal_mean_rmse,global,0.05985594793841,0.0377280115964547,-0.0221279363419553,-36.96865074248643
KACE-1-0-G,od550aer,zonal_mean_rmse,northern_hemisphere,0.0854450599559063,0.0510044735078318,-0.0344405864480745,-40.30728805837046
KACE-1-0-G,od550aer,zonal_mean_rmse,southern_hemisphere,0.0336314752915763,0.0276454380573156,-0.0059860372342606,-17.79891361399785
KACE-1-0-G,od550aer,zonal_mean_rmse,tropics,0.0802208099612016,0.0670244184009784,-0.0131963915602231,-16.450085166935562
KACE-1-0-G,od550aer,zonal_mean_rmse_anomaly,global,0.0094168791539199,0.0107355333718704,0.0013186542179504,14.00309164423748
KACE-1-0-G,od550aer,zonal_mean_rmse_anomaly,northern_hemisphere,0.0151768554421487,0.0146583421229104,-0.0005185133192383,-3.416473993672637
KACE-1-0-G,od550aer,zonal_mean_rmse_anomaly,southern_hemisphere,0.0064399295989518,0.0121025826113742,0.0056626530124224,87.93035584339441
KACE-1-0-G,od550aer,zonal_mean_rmse_anomaly,tropics,0.0115765059323311,0.0121986909958284,0.0006221850634973,5.374549688258261
KACE-1-0-G,od550aer,zonal_mean_rmse_bias_adjusted,global,0.0204209501469259,0.0180864896840536,-0.0023344604628722,-11.431693658111795
KACE-1-0-G,od550aer,zonal_mean_rmse_bias_adjusted,northern_hemisphere,0.0305411053425002,0.024931060951285,-0.0056100443912152,-18.36883219615634
KACE-1-0-G,od550aer,zonal_mean_rmse_bias_adjusted,southern_hemisphere,0.0172487335143247,0.0199778841757177,0.0027291506613929,15.822324920994914
KACE-1-0-G,od550aer,zonal_mean_rmse_bias_adjusted,tropics,0.0217378759484015,0.0217553388217319,1.746287333040039e-05,0.0803338530951757
KACE-1-0-G,pr,zonal_mean_mae,global,3.909172413586754e-06,4.318364747704175e-06,4.091923341174214e-07,10.467492625682842
KACE-1-0-G,pr,zonal_mean_mae,northern_hemisphere,2.429802341399849e-06,2.5535559118660584e-06,1.2375357046620938e-07,5.093153807519706
KACE-1-0-G,pr,zonal_mean_mae,southern_hemisphere,6.104001702291632e-06,6.474422142831912e-06,3.704204405402803e-07,6.068485210304136
KACE-1-0-G,pr,zonal_mean_mae,tropics,6.436614671826235e-06,6.914703591765855e-06,4.780889199396203e-07,7.427645498685321
KACE-1-0-G,pr,zonal_mean_mae_anomaly,global,3.8795244394931953e-07,4.950635181581201e-07,1.071110742088006e-07,27.609330957789545
KACE-1-0-G,pr,zonal_mean_mae_anomaly,northern_hemisphere,9.42210497290583e-07,9.601963884201503e-07,1.7985891129567283e-08,1.9089037090212264
KACE-1-0-G,pr,zonal_mean_mae_anomaly,southern_hemisphere,8.46837219897431e-07,1.0200649978094191e-06,1.7322777791198818e-07,20.45585312522866
KACE-1-0-G,pr,zonal_mean_mae_anomaly,tropics,6.660186075875604e-07,8.558163084612029e-07,1.897977008736425e-07,28.497357087533036
KACE-1-0-G,pr,zonal_mean_mae_bias_adjusted,global,6.056825020424114e-07,7.186278283573137e-07,1.1294532631490229e-07,18.647612558401693
KACE-1-0-G,pr,zonal_mean_mae_bias_adjusted,northern_hemisphere,2.182644402381552e-06,2.1294700797160593e-06,-5.317432266549262e-08,-2.4362338916716086
KACE-1-0-G,pr,zonal_mean_mae_bias_adjusted,southern_hemisphere,2.507176695116597e-06,2.550933114045379e-06,4.3756418928782214e-08,1.7452467157185068
KACE-1-0-G,pr,zonal_mean_mae_bias_adjusted,tropics,8.019008228081972e-07,9.9873530382963e-07,1.9683448102143269e-07,24.545988159998757
KACE-1-0-G,pr,zonal_mean_rmse,global,3.981652255891828e-06,4.412225012373653e-06,4.30572756481825e-07,10.813921678988596
KACE-1-0-G,pr,zonal_mean_rmse,northern_hemisphere,3.120097407656555e-06,3.3522531982482314e-06,2.3215579059167627e-07,7.440658423739532
KACE-1-0-G,pr,zonal_mean_rmse,southern_hemisphere,6.761347011282183e-06,7.1512283223846905e-06,3.8988131110250786e-07,5.766326006518234
KACE-1-0-G,pr,zonal_mean_rmse,tropics,6.517746878536824e-06,7.031191298642106e-06,5.134444201052818e-07,7.877636699824486
KACE-1-0-G,pr,zonal_mean_rmse_anomaly,global,5.015587810886275e-07,6.378602396265147e-07,1.363014585378873e-07,27.175570177845668
KACE-1-0-G,pr,zonal_mean_rmse_anomaly,northern_hemisphere,1.2623829902994606e-06,1.2002168271738803e-06,-6.216616312558024e-08,-4.924508932969168
KACE-1-0-G,pr,zonal_mean_rmse_anomaly,southern_hemisphere,1.1105719702236057e-06,1.275838002305899e-06,1.6526603208229346e-07,14.881163626794786
KACE-1-0-G,pr,zonal_mean_rmse_anomaly,tropics,8.477079137415482e-07,1.055717909134735e-06,2.0800999539318677e-07,24.53793246722072
KACE-1-0-G,pr,zonal_mean_rmse_bias_adjusted,global,7.562577124901286e-07,9.05237795058038e-07,1.4898008256790937e-07,19.699644725256803
KACE-1-0-G,pr,zonal_mean_rmse_bias_adjusted,northern_hemisphere,2.6069206899012066e-06,2.5616456464856298e-06,-4.527504341557682e-08,-1.7367250024507876
KACE-1-0-G,pr,zonal_mean_rmse_bias_adjusted,southern_hemisphere,2.908088139206817e-06,3.0367621631080653e-06,1.2867402390124817e-07,4.424694773396521
KACE-1-0-G,pr,zonal_mean_rmse_bias_adjusted,tropics,1.0251906842669624e-06,1.2745686784637602e-06,2.4937799419679784e-07,24.325035139693014
KACE-1-0-G,tas,zonal_mean_mae,global,0.2075426564059393,0.4187810399063479,0.2112383835004086,101.78070723313895
KACE-1-0-G,tas,zonal_mean_mae,northern_hemisphere,0.2771615841411138,0.4698894882877345,0.1927279041466207,69.53629765966967
KACE-1-0-G,tas,zonal_mean_mae,southern_hemisphere,0.5255035671082405,0.5571842171883622,0.0316806500801216,6.028627028062827
KACE-1-0-G,tas,zonal_mean_mae,tropics,0.5067146999427767,0.5568929543647632,0.0501782544219864,9.90266404895162
KACE-1-0-G,tas,zonal_mean_mae_anomaly,global,0.0962290576180507,0.165320315300877,0.0690912576828263,71.79874706563284
KACE-1-0-G,tas,zonal_mean_mae_anomaly,northern_hemisphere,0.137601495289428,0.2378707432750583,0.1002692479856303,72.86930114729215
KACE-1-0-G,tas,zonal_mean_mae_anomaly,southern_hemisphere,0.1265734358451207,0.1361430691533148,0.0095696333081941,7.560538468675063
KACE-1-0-G,tas,zonal_mean_mae_anomaly,tropics,0.1369443031932874,0.2002545703324945,0.0633102671392071,46.23066871927417
KACE-1-0-G,tas,zonal_mean_mae_bias_adjusted,global,0.1588167456010528,0.1788278431656981,0.0200110975646453,12.600118135472393
KACE-1-0-G,tas,zonal_mean_mae_bias_adjusted,northern_hemisphere,0.2724772417291035,0.361741451899402,0.0892642101702985,32.76024434328533
KACE-1-0-G,tas,zonal_mean_mae_bias_adjusted,southern_hemisphere,0.4034531371748083,0.3757913635927153,-0.0276617735820929,-6.856254427910839
KACE-1-0-G,tas,zonal_mean_mae_bias_adjusted,tropics,0.1436636284861109,0.1996171031944034,0.0559534747082925,38.94755777639431
KACE-1-0-G,tas,zonal_mean_rmse,global,0.2660260221571759,0.4749533381846917,0.2089273160275158,78.53642073559085
KACE-1-0-G,tas,zonal_mean_rmse,northern_hemisphere,0.3352103717164891,0.5614196999408916,0.2262093282244024,67.4827950776307
KACE-1-0-G,tas,zonal_mean_rmse,southern_hemisphere,0.65839843800434,0.6861665426723831,0.0277681046680431,4.217522865365622
KACE-1-0-G,tas,zonal_mean_rmse,tropics,0.5372369471981064,0.6120053650686381,0.0747684178705316,13.917214417302684
KACE-1-0-G,tas,zonal_mean_rmse_anomaly,global,0.1246596056457339,0.2155333411871298,0.0908737355413959,72.8974996115799
KACE-1-0-G,tas,zonal_mean_rmse_anomaly,northern_hemisphere,0.1723094740989031,0.3136402412139196,0.1413307671150165,82.02147203693205
KACE-1-0-G,tas,zonal_mean_rmse_anomaly,southern_hemisphere,0.1571595286951006,0.1718349301920214,0.0146754014969207,9.337901187901876
KACE-1-0-G,tas,zonal_mean_rmse_anomaly,tropics,0.1715941100380102,0.252254941523959,0.0806608314859488,47.006760003639656
KACE-1-0-G,tas,zonal_mean_rmse_bias_adjusted,global,0.197773184693842,0.2332911686017466,0.0355179839079045,17.958948258272397
KACE-1-0-G,tas,zonal_mean_rmse_bias_adjusted,northern_hemisphere,0.3279390464779728,0.449644594294194,0.1217055478162212,37.11224665782396
KACE-1-0-G,tas,zonal_mean_rmse_bias_adjusted,southern_hemisphere,0.4593872535266137,0.4267794751821986,-0.032607778344415,-7.098102547271921
KACE-1-0-G,tas,zonal_mean_rmse_bias_adjusted,tropics,0.1785042024621345,0.2588945206438026,0.080390318181668,45.03553253807625
MIROC6,clt,zonal_mean_mae,global,6.677825927734375,6.870613098144531,0.1927871704101562,2.886975079860524
MIROC6,clt,zonal_mean_mae,northern_hemisphere,7.031458377838135,7.077045917510986,0.0455875396728515,0.6483369057055804
MIROC6,clt,zonal_mean_mae,southern_hemisphere,6.324017524719238,6.664001941680908,0.3399844169616699,5.37608277701229
MIROC6,clt,zonal_mean_mae,tropics,3.5078125,3.5778117179870605,0.0699992179870605,1.9955233635509464
MIROC6,clt,zonal_mean_mae_anomaly,global,0.4216130077838897,0.4617276787757873,0.0401146709918975,9.514571479364683
MIROC6,clt,zonal_mean_mae_anomaly,northern_hemisphere,0.5278962850570679,0.5534870624542236,0.0255907773971557,4.84769037432974
MIROC6,clt,zonal_mean_mae_anomaly,southern_hemisphere,0.5577129125595093,0.7681899666786194,0.2104770541191101,37.73931881067066
MIROC6,clt,zonal_mean_mae_anomaly,tropics,0.6329413652420044,0.8089287281036377,0.1759873628616333,27.804686583305347
MIROC6,clt,zonal_mean_mae_bias_adjusted,global,0.7734917402267456,0.8347996473312378,0.0613079071044921,7.926123049034764
MIROC6,clt,zonal_mean_mae_bias_adjusted,northern_hemisphere,2.01950740814209,2.295875072479248,0.2763676643371582,13.684904706114024
MIROC6,clt,zonal_mean_mae_bias_adjusted,southern_hemisphere,0.9995893836021424,1.1115455627441406,0.1119561791419981,11.200216906921362
MIROC6,clt,zonal_mean_mae_bias_adjusted,tropics,1.1029930114746094,1.2124732732772827,0.1094802618026733,9.92574392255735
MIROC6,clt,zonal_mean_rmse,global,6.742297649383545,6.9432806968688965,0.2009830474853515,2.980928133656746
MIROC6,clt,zonal_mean_rmse,northern_hemisphere,7.401928424835205,7.534372806549072,0.1324443817138672,1.7893226482640014
MIROC6,clt,zonal_mean_rmse,southern_hemisphere,6.442038536071777,6.808313369750977,0.3662748336791992,5.685697650336412
MIROC6,clt,zonal_mean_rmse,tropics,3.7622995376586914,3.872189521789551,0.1098899841308593,2.920819648486701
MIROC6,clt,zonal_mean_rmse_anomaly,global,0.5168080925941467,0.567452073097229,0.0506439805030822,9.799378382190577
MIROC6,clt,zonal_mean_rmse_anomaly,northern_hemisphere,0.6938465237617493,0.719115674495697,0.0252691507339477,3.641893396964628
MIROC6,clt,zonal_mean_rmse_anomaly,southern_hemisphere,0.7242723703384399,0.9670615196228028,0.2427891492843629,33.52180191147037
MIROC6,clt,zonal_mean_rmse_anomaly,tropics,0.7991366982460022,1.0208925008773804,0.2217558026313781,27.74942048314167
MIROC6,clt,zonal_mean_rmse_bias_adjusted,global,0.9301714897155762,1.001907229423523,0.0717357397079467,7.71209830671996
MIROC6,clt,zonal_mean_rmse_bias_adjusted,northern_hemisphere,2.312387704849243,2.5849945545196533,0.2726068496704101,11.788976783552949
MIROC6,clt,zonal_mean_rmse_bias_adjusted,southern_hemisphere,1.227463960647583,1.3943508863449097,0.1668869256973266,13.59607540813506
MIROC6,clt,zonal_mean_rmse_bias_adjusted,tropics,1.3750922679901123,1.485448718070984,0.1103564500808718,8.025385106860721
MIROC6,pr,zonal_mean_mae,global,5.508439244295005e-06,5.641354619001504e-06,1.3291537470649928e-07,2.4129407407762087
MIROC6,pr,zonal_mean_mae,northern_hemisphere,4.489242201088928e-06,4.537227141554467e-06,4.7984940465539694e-08,1.0688873158570122
MIROC6,pr,zonal_mean_mae,southern_hemisphere,6.5276376517431345e-06,6.7454830059432425e-06,2.1784535420010803e-07,3.337277064420614
MIROC6,pr,zonal_mean_mae,tropics,7.428828212141525e-06,7.549134807049995e-06,1.203065949084703e-07,1.6194558747750236
MIROC6,pr,zonal_mean_mae_anomaly,global,4.486087448185572e-07,5.056625695942785e-07,5.705382477572124e-08,12.717947528819805
MIROC6,pr,zonal_mean_mae_anomaly,northern_hemisphere,8.16112276424974e-07,8.747102242523397e-07,5.8597947827365715e-08,7.18013311649438
MIROC6,pr,zonal_mean_mae_anomaly,southern_hemisphere,8.284607702080393e-07,1.014254394249292e-06,1.8579362404125277e-07,22.426363531322927
MIROC6,pr,zonal_mean_mae_anomaly,tropics,7.863521886974922e-07,8.453835675936716e-07,5.9031378896179376e-08,7.506989837970503
MIROC6,pr,zonal_mean_mae_bias_adjusted,global,8.243951015174389e-07,8.407935183640802e-07,1.6398416846641343e-08,1.9891453523264848
MIROC6,pr,zonal_mean_mae_bias_adjusted,northern_hemisphere,1.04893911156978e-06,1.0988748044837848e-06,4.99356929140049e-08,4.7605902347633995
MIROC6,pr,zonal_mean_mae_bias_adjusted,southern_hemisphere,1.1380618616385618e-06,1.2267305464774836e-06,8.866868483892176e-08,7.791200797402887
MIROC6,pr,zonal_mean_mae_bias_adjusted,tropics,8.64654111865093e-07,9.741523854245315e-07,1.0949827355943853e-07,12.663823840870476
MIROC6,pr,zonal_mean_rmse,global,5.596466962742852e-06,5.732275440095691e-06,1.3580847735283896e-07,2.4266823740218895
MIROC6,pr,zonal_mean_rmse,northern_hemisphere,4.694070412369911e-06,4.748338142235298e-06,5.426772986538708e-08,1.1560910914838356
MIROC6,pr,zonal_mean_rmse,southern_hemisphere,6.673456937278388e-06,6.916975962667493e-06,2.435190253891051e-07,3.6490686562880343
MIROC6,pr,zonal_mean_rmse,tropics,7.512188403779874e-06,7.6485293902806e-06,1.36340986500727e-07,1.8149303395016685
MIROC6,pr,zonal_mean_rmse_anomaly,global,5.683405674972164e-07,6.556105063282303e-07,8.726993883101387e-08,15.355219004570053
MIROC6,pr,zonal_mean_rmse_anomaly,northern_hemisphere,1.0270409802615177e-06,1.0676600368242362e-06,4.0619056562718476e-08,3.954959669902904
MIROC6,pr,zonal_mean_rmse_anomaly,southern_hemisphere,1.0380902040196816e-06,1.3314817124410183e-06,2.9339150842133677e-07,28.262621811213453
MIROC6,pr,zonal_mean_rmse_anomaly,tropics,9.986789564209175e-07,1.09584823348996e-06,9.716927706904245e-08,9.72978117184719
MIROC6,pr,zonal_mean_rmse_bias_adjusted,global,9.88705323834438e-07,1.0169067081733374e-06,2.8201384338899304e-08,2.852354858323966
MIROC6,pr,zonal_mean_rmse_bias_adjusted,northern_hemisphere,1.3714960687138955e-06,1.4001020645082465e-06,2.8605995794350962e-08,2.0857512060662264
MIROC6,pr,zonal_mean_rmse_bias_adjusted,southern_hemisphere,1.3874356454834924e-06,1.5306911791412858e-06,1.4325553365779342e-07,10.325202046244952
MIROC6,pr,zonal_mean_rmse_bias_adjusted,tropics,1.1160117310282658e-06,1.2290508948353818e-06,1.1303916380711598e-07,10.128850859207768
MIROC6,tas,zonal_mean_mae,global,1.216377980033598,1.033187984416636,-0.183189995616962,-15.060285423113468
MIROC6,tas,zonal_mean_mae,northern_hemisphere,1.0426628381784586,0.7951605814079017,-0.2475022567705569,-23.737515878377867
MIROC6,tas,zonal_mean_mae,southern_hemisphere,1.439809357119328,1.3233935902396472,-0.1164157668796808,-8.085498701897416
MIROC6,tas,zonal_mean_mae,tropics,0.5988474561481212,0.451058367116237,-0.1477890890318842,-24.678920735922688
MIROC6,tas,zonal_mean_mae_anomaly,global,0.1539243824278401,0.1593841958197273,0.0054598133918871,3.547075067490859
MIROC6,tas,zonal_mean_mae_anomaly,northern_hemisphere,0.1962793412003373,0.196533846703618,0.0002545055032807,0.129664946766325
MIROC6,tas,zonal_mean_mae_anomaly,southern_hemisphere,0.1608991319752429,0.1543870629653473,-0.0065120690098955,-4.0472990313568555
MIROC6,tas,zonal_mean_mae_anomaly,tropics,0.2605347199116125,0.2477291088899164,-0.012805611021696,-4.915126485268621
MIROC6,tas,zonal_mean_mae_bias_adjusted,global,0.1934829818957325,0.2161467769999959,0.0226637951042634,11.71358580594798
MIROC6,tas,zonal_mean_mae_bias_adjusted,northern_hemisphere,0.3089050690825014,0.3283264103505691,0.0194213412680676,6.287155249912932
MIROC6,tas,zonal_mean_mae_bias_adjusted,southern_hemisphere,0.2212429885375542,0.2275783310983916,0.0063353425608373,2.8635224115868536
MIROC6,tas,zonal_mean_mae_bias_adjusted,tropics,0.2980199299842373,0.3210739994775849,0.0230540694933475,7.735747570495356
MIROC6,tas,zonal_mean_rmse,global,1.2394497947283558,1.0667668022068613,-0.1726829925214945,-13.93222970837158
MIROC6,tas,zonal_mean_rmse,northern_hemisphere,1.1063855230059203,0.8862966377025527,-0.2200888853033675,-19.892603502747555
MIROC6,tas,zonal_mean_rmse,southern_hemisphere,1.465563529919058,1.3524107794149165,-0.1131527505041414,-7.72076734949803
MIROC6,tas,zonal_mean_rmse,tropics,0.6794114240171429,0.5424886396939468,-0.1369227843231961,-20.153147192258768
MIROC6,tas,zonal_mean_rmse_anomaly,global,0.191958005932421,0.1977653782554556,0.0058073723230346,3.025334783420857
MIROC6,tas,zonal_mean_rmse_anomaly,northern_hemisphere,0.2457043134581043,0.2425656729102318,-0.0031386405478725,-1.2774055545458305
MIROC6,tas,zonal_mean_rmse_anomaly,southern_hemisphere,0.2014139010631055,0.1974820503080607,-0.0039318507550447,-1.952124820725702
MIROC6,tas,zonal_mean_rmse_anomaly,tropics,0.3132729226487571,0.3148216900341,0.0015487673853428,0.4943827804356265
MIROC6,tas,zonal_mean_rmse_bias_adjusted,global,0.238034458313742,0.2655447217166264,0.0275102634028844,11.557260909941206
MIROC6,tas,zonal_mean_rmse_bias_adjusted,northern_hemisphere,0.3823820297155881,0.4058652672846236,0.0234832375690354,6.141302609461556
MIROC6,tas,zonal_mean_rmse_bias_adjusted,southern_hemisphere,0.2735424562933306,0.2786473074763905,0.0051048511830598,1.8662006813252157
MIROC6,tas,zonal_mean_rmse_bias_adjusted,tropics,0.3768937803488968,0.3892216024034433,0.0123278220545464,3.270900900284
MIROC6,tos,zonal_mean_mae,global,0.2902006804943084,0.1320201456546783,-0.1581805348396301,-54.50729287408837
MIROC6,tos,zonal_mean_mae,northern_hemisphere,0.4643968343734741,0.7295575737953186,0.2651607394218445,57.09787832201257
MIROC6,tos,zonal_mean_mae,southern_hemisphere,0.8161410689353943,0.684631884098053,-0.1315091848373413,-16.1135359857441
MIROC6,tos,zonal_mean_mae,tropics,0.3038569092750549,0.5252116322517395,0.2213547229766846,72.84834282846987
MIROC6,tos,zonal_mean_mae_anomaly,global,0.1157701015472412,0.0999853312969207,-0.0157847702503205,-13.63458271121872
MIROC6,tos,zonal_mean_mae_anomaly,northern_hemisphere,0.1373017579317093,0.1321503967046737,-0.0051513612270355,-3.751853803356069
MIROC6,tos,zonal_mean_mae_anomaly,southern_hemisphere,0.1060181558132171,0.0966558307409286,-0.0093623250722885,-8.830869581228196
MIROC6,tos,zonal_mean_mae_anomaly,tropics,0.2170634567737579,0.2098135650157928,-0.0072498917579651,-3.3399872395479138
MIROC6,tos,zonal_mean_mae_bias_adjusted,global,0.1201057285070419,0.1012167111039161,-0.0188890174031258,-15.726991241736089
MIROC6,tos,zonal_mean_mae_bias_adjusted,northern_hemisphere,0.1681706458330154,0.1656103432178497,-0.0025603026151656,-1.5224432316849923
MIROC6,tos,zonal_mean_mae_bias_adjusted,southern_hemisphere,0.1210522875189781,0.1157742366194725,-0.0052780508995056,-4.360141396483837
MIROC6,tos,zonal_mean_mae_bias_adjusted,tropics,0.2178883850574493,0.2225887030363083,0.0047003179788589,2.1572136475377848
MIROC6,tos,zonal_mean_rmse,global,0.3237213790416717,0.1686569303274154,-0.1550644487142563,-47.90058944308874
MIROC6,tos,zonal_mean_rmse,northern_hemisphere,0.5100638270378113,0.7561870217323303,0.246123194694519,48.253410974833514
MIROC6,tos,zonal_mean_rmse,southern_hemisphere,0.8312354683876038,0.6999809741973877,-0.131254494190216,-15.79029037882829
MIROC6,tos,zonal_mean_rmse,tropics,0.3941631913185119,0.594059407711029,0.1998962163925171,50.714074980935195
MIROC6,tos,zonal_mean_rmse_anomaly,global,0.1381565928459167,0.1314378827810287,-0.006718710064888,-4.863112158810433
MIROC6,tos,zonal_mean_rmse_anomaly,northern_hemisphere,0.1675524413585662,0.1649093925952911,-0.002643048763275,-1.5774456891492878
MIROC6,tos,zonal_mean_rmse_anomaly,southern_hemisphere,0.133203312754631,0.1259504556655883,-0.0072528570890426,-5.444952485831128
MIROC6,tos,zonal_mean_rmse_anomaly,tropics,0.2630866765975952,0.2708988189697265,0.0078121423721312,2.969417711745385
MIROC6,tos,zonal_mean_rmse_bias_adjusted,global,0.1466326117515564,0.1346511095762252,-0.0119815021753311,-8.171103298379343
MIROC6,tos,zonal_mean_rmse_bias_adjusted,northern_hemisphere,0.2109519392251968,0.1989087164402008,-0.012043222784996,-5.708988895399319
MIROC6,tos,zonal_mean_rmse_bias_adjusted,southern_hemisphere,0.1576899737119674,0.1457825750112533,-0.0119073987007141,-7.551145085776899
MIROC6,tos,zonal_mean_rmse_bias_adjusted,tropics,0.2649801075458526,0.2794429957866668,0.0144628882408142,5.4581033930298055
MPI-ESM1-2-LR,clt,zonal_mean_mae,global,3.9364914894104,4.202558994293213,0.2660675048828129,6.759001146034842
MPI-ESM1-2-LR,clt,zonal_mean_mae,northern_hemisphere,2.396810293197632,2.5904734134674072,0.1936631202697754,8.080035404529475
MPI-ESM1-2-LR,clt,zonal_mean_mae,southern_hemisphere,5.545075416564941,5.90829610824585,0.3632206916809082,6.550329155052608
MPI-ESM1-2-LR,clt,zonal_mean_mae,tropics,5.976814270019531,6.073758125305176,0.0969438552856445,1.6219987924324062
MPI-ESM1-2-LR,clt,zonal_mean_mae_anomaly,global,0.3788882791996002,0.4698643386363983,0.0909760594367981,24.011315322021733
MPI-ESM1-2-LR,clt,zonal_mean_mae_anomaly,northern_hemisphere,0.5740442872047424,0.6263754367828369,0.0523311495780944,9.116221647795914
MPI-ESM1-2-LR,clt,zonal_mean_mae_anomaly,southern_hemisphere,0.623961865901947,0.7141114473342896,0.0901495814323425,14.447931253303413
MPI-ESM1-2-LR,clt,zonal_mean_mae_anomaly,tropics,0.621395468711853,0.7995557188987732,0.1781602501869201,28.670992814969296
MPI-ESM1-2-LR,clt,zonal_mean_mae_bias_adjusted,global,0.8832409977912903,0.8854169845581055,0.0021759867668151,0.2463638771588557
MPI-ESM1-2-LR,clt,zonal_mean_mae_bias_adjusted,northern_hemisphere,1.7396667003631592,2.0046355724334717,0.2649688720703125,15.231013619735302
MPI-ESM1-2-LR,clt,zonal_mean_mae_bias_adjusted,southern_hemisphere,1.7285842895507812,1.6759754419326782,-0.052608847618103,-3.0434644081935303
MPI-ESM1-2-LR,clt,zonal_mean_mae_bias_adjusted,tropics,1.3774020671844482,1.4311363697052002,0.0537343025207519,3.901134156898022
MPI-ESM1-2-LR,clt,zonal_mean_rmse,global,4.086402416229248,4.353633880615234,0.2672314643859863,6.5395288365303905
MPI-ESM1-2-LR,clt,zonal_mean_rmse,northern_hemisphere,3.1292595863342285,3.408311605453491,0.2790520191192627,8.917509443381086
MPI-ESM1-2-LR,clt,zonal_mean_rmse,southern_hemisphere,5.904390811920166,6.236031532287598,0.3316407203674316,5.616849069304388
MPI-ESM1-2-LR,clt,zonal_mean_rmse,tropics,6.194753170013428,6.316179275512695,0.1214261054992675,1.96014437002991
MPI-ESM1-2-LR,clt,zonal_mean_rmse_anomaly,global,0.4983993470668793,0.5939501523971558,0.0955508053302764,19.17153501355906
MPI-ESM1-2-LR,clt,zonal_mean_rmse_anomaly,northern_hemisphere,0.7342779636383057,0.794365406036377,0.0600874423980712,8.183201100076792
MPI-ESM1-2-LR,clt,zonal_mean_rmse_anomaly,southern_hemisphere,0.7626549005508423,0.8651906847953796,0.1025357842445373,13.444584722458204
MPI-ESM1-2-LR,clt,zonal_mean_rmse_anomaly,tropics,0.7712221145629883,0.9890391230583192,0.2178170084953309,28.24309681767315
MPI-ESM1-2-LR,clt,zonal_mean_rmse_bias_adjusted,global,1.0966877937316897,1.1369374990463257,0.040249705314636,3.6701151909130583
MPI-ESM1-2-LR,clt,zonal_mean_rmse_bias_adjusted,northern_hemisphere,2.0913548469543457,2.3201653957366943,0.2288105487823486,10.940780763033446
MPI-ESM1-2-LR,clt,zonal_mean_rmse_bias_adjusted,southern_hemisphere,2.0282912254333496,1.9950246810913088,-0.0332665443420407,-1.6401266211134602
MPI-ESM1-2-LR,clt,zonal_mean_rmse_bias_adjusted,tropics,1.6286970376968384,1.7330867052078247,0.1043896675109863,6.409397518067885
MPI-ESM1-2-LR,od550aer,zonal_mean_mae,global,0.0491013117134571,0.0473621636629104,-0.0017391480505467,-3.5419584321818776
MPI-ESM1-2-LR,od550aer,zonal_mean_mae,northern_hemisphere,0.0609444119036197,0.0517352409660816,-0.009209170937538,-15.110771685026522
MPI-ESM1-2-LR,od550aer,zonal_mean_mae,southern_hemisphere,0.0410596281290054,0.0455691330134868,0.0045095048844814,10.982819596692332
MPI-ESM1-2-LR,od550aer,zonal_mean_mae,tropics,0.050585102289915,0.0409688875079155,-0.0096162147819995,-19.009973977885306
MPI-ESM1-2-LR,od550aer,zonal_mean_mae_anomaly,global,0.0057730255648493,0.0075791897252202,0.0018061641603708,31.28626644871003
MPI-ESM1-2-LR,od550aer,zonal_mean_mae_anomaly,northern_hemisphere,0.0093135591596364,0.0107154725119471,0.0014019133523106,15.052391124398351
MPI-ESM1-2-LR,od550aer,zonal_mean_mae_anomaly,southern_hemisphere,0.0050432733260095,0.0089660873636603,0.0039228140376508,77.78309411508211
MPI-ESM1-2-LR,od550aer,zonal_mean_mae_anomaly,tropics,0.0073096184059977,0.0092411004006862,0.0019314819946884,26.42384167556102
MPI-ESM1-2-LR,od550aer,zonal_mean_mae_bias_adjusted,global,0.0067057311534881,0.0089221931993961,0.002216462045908,33.0532494544621
MPI-ESM1-2-LR,od550aer,zonal_mean_mae_bias_adjusted,northern_hemisphere,0.0171084459871053,0.0142132472246885,-0.0028951987624167,-16.92262853446141
MPI-ESM1-2-LR,od550aer,zonal_mean_mae_bias_adjusted,southern_hemisphere,0.0191307067871093,0.0202282033860683,0.001097496598959,5.736832471336178
MPI-ESM1-2-LR,od550aer,zonal_mean_mae_bias_adjusted,tropics,0.0105351507663726,0.012193975970149,0.0016588252037763,15.74562377475644
MPI-ESM1-2-LR,od550aer,zonal_mean_rmse,global,0.0497770793735981,0.0486084222793579,-0.0011686570942401,-2.347781567232839
MPI-ESM1-2-LR,od550aer,zonal_mean_rmse,northern_hemisphere,0.0643825009465217,0.0548369325697422,-0.0095455683767795,-14.826339822847787
MPI-ESM1-2-LR,od550aer,zonal_mean_rmse,southern_hemisphere,0.0464981831610202,0.0514396987855434,0.0049415156245231,10.627330550553014
MPI-ESM1-2-LR,od550aer,zonal_mean_rmse,tropics,0.0522809103131294,0.0438035018742084,-0.0084774084389209,-16.215112529882727
MPI-ESM1-2-LR,od550aer,zonal_mean_rmse_anomaly,global,0.0072563751600682,0.0094644660130143,0.002208090852946,30.429667764384806
MPI-ESM1-2-LR,od550aer,zonal_mean_rmse_anomaly,northern_hemisphere,0.0118877924978733,0.0134799173101782,0.0015921248123049,13.392939122967771
MPI-ESM1-2-LR,od550aer,zonal_mean_rmse_anomaly,southern_hemisphere,0.0069200661964714,0.0117575842887163,0.0048375180922449,69.9056620977353
MPI-ESM1-2-LR,od550aer,zonal_mean_rmse_anomaly,tropics,0.0094987098127603,0.0115948561578989,0.0020961463451386,22.06769536556108
MPI-ESM1-2-LR,od550aer,zonal_mean_rmse_bias_adjusted,global,0.0081742582842707,0.0109363468363881,0.0027620885521174,33.79008169380145
MPI-ESM1-2-LR,od550aer,zonal_mean_rmse_bias_adjusted,northern_hemisphere,0.020757783204317,0.018181137740612,-0.002576645463705,-12.412912488502796
MPI-ESM1-2-LR,od550aer,zonal_mean_rmse_bias_adjusted,southern_hemisphere,0.0218217223882675,0.0238641370087862,0.0020424146205187,9.359548179463646
MPI-ESM1-2-LR,od550aer,zonal_mean_rmse_bias_adjusted,tropics,0.0132075985893607,0.0155015159398317,0.002293917350471,17.36816375021309
MPI-ESM1-2-LR,pr,zonal_mean_mae,global,1.7308407223026734e-06,1.8979887954628791e-06,1.6714807316020578e-07,9.657045331001662
MPI-ESM1-2-LR,pr,zonal_mean_mae,northern_hemisphere,2.033933014899958e-06,1.7154845863842638e-06,-3.184484285156941e-07,-15.656780542074904
MPI-ESM1-2-LR,pr,zonal_mean_mae,southern_hemisphere,2.395342335148598e-06,2.857717163351481e-06,4.623748282028828e-07,19.303079205761993
MPI-ESM1-2-LR,pr,zonal_mean_mae,tropics,4.200382136332337e-06,4.377891400508815e-06,1.775092641764786e-07,4.226026547467298
MPI-ESM1-2-LR,pr,zonal_mean_mae_anomaly,global,4.307876224629581e-07,4.844392265113129e-07,5.3651604048354784e-08,12.454304917492864
MPI-ESM1-2-LR,pr,zonal_mean_mae_anomaly,northern_hemisphere,8.118105370158446e-07,9.654193036112702e-07,1.5360876659542558e-07,18.921750776983018
MPI-ESM1-2-LR,pr,zonal_mean_mae_anomaly,southern_hemisphere,8.683780379215023e-07,9.53100595779688e-07,8.472255785818573e-08,9.756414160470085
MPI-ESM1-2-LR,pr,zonal_mean_mae_anomaly,tropics,7.415090976792271e-07,8.965735673882591e-07,1.5506446970903198e-07,20.91201176011896
MPI-ESM1-2-LR,pr,zonal_mean_mae_bias_adjusted,global,6.04043464136339e-07,6.700398671455332e-07,6.599640300919418e-08,10.925770565791288
MPI-ESM1-2-LR,pr,zonal_mean_mae_bias_adjusted,northern_hemisphere,1.8381294921709923e-06,1.5956333072608686e-06,-2.424961849101237e-07,-13.192551773037188
MPI-ESM1-2-LR,pr,zonal_mean_mae_bias_adjusted,southern_hemisphere,1.6049955320340814e-06,1.6499966477567796e-06,4.5001115722698166e-08,2.8038156383941
MPI-ESM1-2-LR,pr,zonal_mean_mae_bias_adjusted,tropics,7.762563996038807e-07,1.006252887236769e-06,2.299964876328884e-07,29.62893288226085
MPI-ESM1-2-LR,pr,zonal_mean_rmse,global,1.888007773231948e-06,2.063858119072393e-06,1.75850345840445e-07,9.314068953191814
MPI-ESM1-2-LR,pr,zonal_mean_rmse,northern_hemisphere,2.4294265585922403e-06,2.1939304133411497e-06,-2.3549614525109066e-07,-9.69348690200998
MPI-ESM1-2-LR,pr,zonal_mean_rmse,southern_hemisphere,2.9843968150089495e-06,3.4401823540974874e-06,4.557855390885379e-07,15.27228339061108
MPI-ESM1-2-LR,pr,zonal_mean_rmse,tropics,4.3065842874057125e-06,4.5495871745515615e-06,2.43002887145849e-07,5.642589832886655
MPI-ESM1-2-LR,pr,zonal_mean_rmse_anomaly,global,5.296679432831297e-07,6.115611768109375e-07,8.189323352780775e-08,15.461240304669976
MPI-ESM1-2-LR,pr,zonal_mean_rmse_anomaly,northern_hemisphere,1.0325441053282702e-06,1.1549741429917049e-06,1.2243003766343466e-07,11.85712426536116
MPI-ESM1-2-LR,pr,zonal_mean_rmse_anomaly,southern_hemisphere,1.0643478844940546e-06,1.2582360113810864e-06,1.9388812688703186e-07,18.216612229111345
MPI-ESM1-2-LR,pr,zonal_mean_rmse_anomaly,tropics,9.01469718428416e-07,1.1166214335389668e-06,2.151517151105508e-07,23.866771197332852
MPI-ESM1-2-LR,pr,zonal_mean_rmse_bias_adjusted,global,7.655178251297912e-07,8.106471227620204e-07,4.512929763222928e-08,5.895264114141006
MPI-ESM1-2-LR,pr,zonal_mean_rmse_bias_adjusted,northern_hemisphere,2.114687958965078e-06,1.952466845978051e-06,-1.62221112987027e-07,-7.671160763899063
MPI-ESM1-2-LR,pr,zonal_mean_rmse_bias_adjusted,southern_hemisphere,1.9538965716492385e-06,2.0050699731655186e-06,5.1173401516280144e-08,2.619043518413355
MPI-ESM1-2-LR,pr,zonal_mean_rmse_bias_adjusted,tropics,9.505043863100582e-07,1.238066261066706e-06,2.875618747566478e-07,30.25360838922462
MPI-ESM1-2-LR,tas,zonal_mean_mae,global,0.3119329586604915,0.4239526876839358,0.1120197290234443,35.911475819830514
MPI-ESM1-2-LR,tas,zonal_mean_mae,northern_hemisphere,0.303208642526342,0.4634198502833129,0.1602112077569709,52.83860196796737
MPI-ESM1-2-LR,tas,zonal_mean_mae,southern_hemisphere,0.4944581954938504,0.5029164690359432,0.0084582735420928,1.7106144906031853
MPI-ESM1-2-LR,tas,zonal_mean_mae,tropics,0.2375619211791293,0.4005627914394727,0.1630008702603434,68.61405626427626
MPI-ESM1-2-LR,tas,zonal_mean_mae_anomaly,global,0.1073928638215197,0.1455668292129677,0.038173965391448,35.54609126998491
MPI-ESM1-2-LR,tas,zonal_mean_mae_anomaly,northern_hemisphere,0.1394191569422616,0.1775462088488751,0.0381270519066135,27.347068181170584
MPI-ESM1-2-LR,tas,zonal_mean_mae_anomaly,southern_hemisphere,0.1169067790727571,0.1434899644066362,0.0265831853338791,22.73878858413764
MPI-ESM1-2-LR,tas,zonal_mean_mae_anomaly,tropics,0.1609198754828384,0.193431796384884,0.0325119209020456,20.203794468827375
MPI-ESM1-2-LR,tas,zonal_mean_mae_bias_adjusted,global,0.2366788009040348,0.227725300895148,-0.0089535000088867,-3.782975059315567
MPI-ESM1-2-LR,tas,zonal_mean_mae_bias_adjusted,northern_hemisphere,0.2334686092939193,0.2401782813237086,0.0067096720297893,2.8739075673091197
MPI-ESM1-2-LR,tas,zonal_mean_mae_bias_adjusted,southern_hemisphere,0.4395120953155337,0.4252534642035239,-0.0142586311120098,-3.2441953848331027
MPI-ESM1-2-LR,tas,zonal_mean_mae_bias_adjusted,tropics,0.1803271625608782,0.2012236620661748,0.0208964995052966,11.588104203792367
MPI-ESM1-2-LR,tas,zonal_mean_rmse,global,0.3734151988528815,0.4938837020305519,0.1204685031776703,32.2612747279022
MPI-ESM1-2-LR,tas,zonal_mean_rmse,northern_hemisphere,0.35776128351005,0.5273916965005442,0.1696304129904942,47.414413132193786
MPI-ESM1-2-LR,tas,zonal_mean_rmse,southern_hemisphere,0.5556305855538947,0.590852542428951,0.0352219568750563,6.339096117242078
MPI-ESM1-2-LR,tas,zonal_mean_rmse,tropics,0.2965544700845378,0.4690105195503283,0.1724560494657905,58.153245647124805
MPI-ESM1-2-LR,tas,zonal_mean_rmse_anomaly,global,0.1409285260346073,0.1776278274396817,0.0366993014050744,26.041073753983845
MPI-ESM1-2-LR,tas,zonal_mean_rmse_anomaly,northern_hemisphere,0.1963943083582126,0.2192573708403936,0.022863062482181,11.641407876484903
MPI-ESM1-2-LR,tas,zonal_mean_rmse_anomaly,southern_hemisphere,0.1467049780646996,0.1845810747679368,0.0378760967032372,25.81786739815547
MPI-ESM1-2-LR,tas,zonal_mean_rmse_anomaly,tropics,0.2008053613517688,0.2387708059349316,0.0379654445831628,18.906589110763495
MPI-ESM1-2-LR,tas,zonal_mean_rmse_bias_adjusted,global,0.283660288182975,0.2807003577526367,-0.0029599304303383,-1.043477199187296
MPI-ESM1-2-LR,tas,zonal_mean_rmse_bias_adjusted,northern_hemisphere,0.2966136986454322,0.2995798999427623,0.0029662012973301,1.0000216816944325
MPI-ESM1-2-LR,tas,zonal_mean_rmse_bias_adjusted,southern_hemisphere,0.5011822772494474,0.4878970552359132,-0.0132852220135342,-2.650776497214789
MPI-ESM1-2-LR,tas,zonal_mean_rmse_bias_adjusted,tropics,0.2251687003111712,0.2593973674893469,0.0342286671781756,15.201343317642944
MPI-ESM1-2-LR,tos,zonal_mean_mae,global,0.417024701833725,0.603397011756897,0.186372309923172,44.6909521435212
MPI-ESM1-2-LR,tos,zonal_mean_mae,northern_hemisphere,0.7314236164093018,1.0162638425827026,0.2848402261734009,38.94326349096245
MPI-ESM1-2-LR,tos,zonal_mean_mae,southern_hemisphere,0.3192648589611053,0.3699864447116852,0.0507215857505798,15.886992986208698
MPI-ESM1-2-LR,tos,zonal_mean_mae,tropics,0.4484982788562774,0.6837672591209412,0.2352689802646637,52.45705309385511
MPI-ESM1-2-LR,tos,zonal_mean_mae_anomaly,global,0.0669325217604637,0.0900067612528801,0.0230742394924163,34.47388337614689
MPI-ESM1-2-LR,tos,zonal_mean_mae_anomaly,northern_hemisphere,0.0970442444086074,0.1060523688793182,0.0090081244707107,9.2824922545451
MPI-ESM1-2-LR,tos,zonal_mean_mae_anomaly,southern_hemisphere,0.0550172179937362,0.0913346484303474,0.0363174304366112,66.0110266585017
MPI-ESM1-2-LR,tos,zonal_mean_mae_anomaly,tropics,0.1323944926261901,0.165385752916336,0.0329912602901459,24.918906848561473
MPI-ESM1-2-LR,tos,zonal_mean_mae_bias_adjusted,global,0.1428975760936737,0.1484227180480957,0.0055251419544219,3.8665050209109904
MPI-ESM1-2-LR,tos,zonal_mean_mae_bias_adjusted,northern_hemisphere,0.1060589477419853,0.1103921234607696,0.0043331757187843,4.0856295588806235
MPI-ESM1-2-LR,tos,zonal_mean_mae_bias_adjusted,southern_hemisphere,0.2725003659725189,0.2621793746948242,-0.0103209912776947,-3.787514648231904
MPI-ESM1-2-LR,tos,zonal_mean_mae_bias_adjusted,tropics,0.1448115855455398,0.168966457247734,0.0241548717021941,16.68020663622805
MPI-ESM1-2-LR,tos,zonal_mean_rmse,global,0.4497236609458923,0.6304523348808289,0.1807286739349365,40.18660560460942
MPI-ESM1-2-LR,tos,zonal_mean_rmse,northern_hemisphere,0.7437344789505005,1.0268439054489136,0.2831094264984131,38.06592735863406
MPI-ESM1-2-LR,tos,zonal_mean_rmse,southern_hemisphere,0.3680963516235351,0.4391756355762481,0.071079283952713,19.30996697989777
MPI-ESM1-2-LR,tos,zonal_mean_rmse,tropics,0.4806733727455139,0.7159960865974426,0.2353227138519287,48.956885734653994
MPI-ESM1-2-LR,tos,zonal_mean_rmse_anomaly,global,0.0841877982020378,0.114374540746212,0.0301867425441742,35.85643429197502
MPI-ESM1-2-LR,tos,zonal_mean_rmse_anomaly,northern_hemisphere,0.1244850233197212,0.1403723657131195,0.0158873423933983,12.76245283948258
MPI-ESM1-2-LR,tos,zonal_mean_rmse_anomaly,southern_hemisphere,0.0728580132126808,0.1126322150230407,0.0397742018103599,54.59138954867531
MPI-ESM1-2-LR,tos,zonal_mean_rmse_anomaly,tropics,0.1646713614463806,0.2084396034479141,0.0437682420015335,26.5791462565791
MPI-ESM1-2-LR,tos,zonal_mean_rmse_bias_adjusted,global,0.1683501303195953,0.182708129286766,0.0143579989671706,8.528653313135852
MPI-ESM1-2-LR,tos,zonal_mean_rmse_bias_adjusted,northern_hemisphere,0.1347609907388687,0.1470235586166381,0.0122625678777693,9.099493711448746
MPI-ESM1-2-LR,tos,zonal_mean_rmse_bias_adjusted,southern_hemisphere,0.3061532080173492,0.302632063627243,-0.0035211443901062,-1.1501249367625976
MPI-ESM1-2-LR,tos,zonal_mean_rmse_bias_adjusted,tropics,0.1729051619768142,0.2123976200819015,0.0394924581050873,22.84053156861972
MRI-ESM2-0,clt,zonal_mean_mae,global,4.612005710601807,,,
MRI-ESM2-0,clt,zonal_mean_mae,northern_hemisphere,4.052970886230469,,,
MRI-ESM2-0,clt,zonal_mean_mae,southern_hemisphere,5.231183052062988,,,
MRI-ESM2-0,clt,zonal_mean_mae,tropics,5.920181751251221,,,
MRI-ESM2-0,clt,zonal_mean_mae_anomaly,global,0.442728042602539,,,
MRI-ESM2-0,clt,zonal_mean_mae_anomaly,northern_hemisphere,0.6325060725212097,,,
MRI-ESM2-0,clt,zonal_mean_mae_anomaly,southern_hemisphere,0.6384937763214111,,,
MRI-ESM2-0,clt,zonal_mean_mae_anomaly,tropics,0.6652593016624451,,,
MRI-ESM2-0,clt,zonal_mean_mae_bias_adjusted,global,0.6200923323631287,,,
MRI-ESM2-0,clt,zonal_mean_mae_bias_adjusted,northern_hemisphere,2.4392318725585938,,,
MRI-ESM2-0,clt,zonal_mean_mae_bias_adjusted,southern_hemisphere,2.7755653858184814,,,
MRI-ESM2-0,clt,zonal_mean_mae_bias_adjusted,tropics,1.0841695070266724,,,
MRI-ESM2-0,clt,zonal_mean_rmse,global,4.678867816925049,,,
MRI-ESM2-0,clt,zonal_mean_rmse,northern_hemisphere,4.941041946411133,,,
MRI-ESM2-0,clt,zonal_mean_rmse,southern_hemisphere,6.058239459991455,,,
MRI-ESM2-0,clt,zonal_mean_rmse,tropics,6.069207191467285,,,
MRI-ESM2-0,clt,zonal_mean_rmse_anomaly,global,0.5556850433349609,,,
MRI-ESM2-0,clt,zonal_mean_rmse_anomaly,northern_hemisphere,0.815348207950592,,,
MRI-ESM2-0,clt,zonal_mean_rmse_anomaly,southern_hemisphere,0.7877635359764099,,,
MRI-ESM2-0,clt,zonal_mean_rmse_anomaly,tropics,0.840410590171814,,,
MRI-ESM2-0,clt,zonal_mean_rmse_bias_adjusted,global,0.788163423538208,,,
MRI-ESM2-0,clt,zonal_mean_rmse_bias_adjusted,northern_hemisphere,2.839548110961914,,,
MRI-ESM2-0,clt,zonal_mean_rmse_bias_adjusted,southern_hemisphere,3.140641450881958,,,
MRI-ESM2-0,clt,zonal_mean_rmse_bias_adjusted,tropics,1.3366819620132446,,,
MRI-ESM2-0,pr,zonal_mean_mae,global,3.396035253899754e-06,3.710536248036078e-06,3.145009941363242e-07,9.260828307809073
MRI-ESM2-0,pr,zonal_mean_mae,northern_hemisphere,3.6427991290111095e-06,4.000660283054458e-06,3.578611540433485e-07,9.8237959703393
MRI-ESM2-0,pr,zonal_mean_mae,southern_hemisphere,3.605217671065475e-06,3.626072384577128e-06,2.0854713511653244e-08,0.5784592059177915
MRI-ESM2-0,pr,zonal_mean_mae,tropics,5.22518439538544e-06,5.4791812544863205e-06,2.53996859100881e-07,4.86101235633321
MRI-ESM2-0,pr,zonal_mean_mae_anomaly,global,4.413007275161363e-07,4.953071197633108e-07,5.4006392247174464e-08,12.238002087861888
MRI-ESM2-0,pr,zonal_mean_mae_anomaly,northern_hemisphere,9.445860200685274e-07,9.408881282979564e-07,-3.6978917705710046e-09,-0.3914827969085051
MRI-ESM2-0,pr,zonal_mean_mae_anomaly,southern_hemisphere,9.07592152543657e-07,1.0157231145058176e-06,1.0813096196216065e-07,11.91404769852936
MRI-ESM2-0,pr,zonal_mean_mae_anomaly,tropics,6.753206776011211e-07,8.040580041779322e-07,1.2873732657681106e-07,19.063140052828334
MRI-ESM2-0,pr,zonal_mean_mae_bias_adjusted,global,5.573031671701756e-07,6.323346610770386e-07,7.503149390686303e-08,13.463317333696716
MRI-ESM2-0,pr,zonal_mean_mae_bias_adjusted,northern_hemisphere,2.363562998652924e-06,2.3668176254432183e-06,3.2546267902944233e-09,0.1377000228954907
MRI-ESM2-0,pr,zonal_mean_mae_bias_adjusted,southern_hemisphere,2.229131496278569e-06,2.361982524234918e-06,1.3285102795634884e-07,5.959766311594333
MRI-ESM2-0,pr,zonal_mean_mae_bias_adjusted,tropics,7.969887860781455e-07,9.68484300756245e-07,1.7149551467809945e-07,21.517933209826133
MRI-ESM2-0,pr,zonal_mean_rmse,global,3.467436272330815e-06,3.792493544096942e-06,3.250572717661271e-07,9.374570900119908
MRI-ESM2-0,pr,zonal_mean_rmse,northern_hemisphere,4.281024757801788e-06,4.744660145661328e-06,4.636353878595401e-07,10.830009497483182
MRI-ESM2-0,pr,zonal_mean_rmse,southern_hemisphere,4.380777681944892e-06,4.469440227694577e-06,8.86625457496848e-08,2.0238996860101364
MRI-ESM2-0,pr,zonal_mean_rmse,tropics,5.317589511832921e-06,5.609635991277173e-06,2.9204647944425233e-07,5.492083937550621
MRI-ESM2-0,pr,zonal_mean_rmse_anomaly,global,5.48963043911499e-07,6.242258905331255e-07,7.526284662162652e-08,13.710002422997352
MRI-ESM2-0,pr,zonal_mean_rmse_anomaly,northern_hemisphere,1.2036888392685796e-06,1.2127250101912068e-06,9.036170922627209e-09,0.7507065470606197
MRI-ESM2-0,pr,zonal_mean_rmse_anomaly,southern_hemisphere,1.1740233958335011e-06,1.3047546190136927e-06,1.307312231801916e-07,11.1353166933593
MRI-ESM2-0,pr,zonal_mean_rmse_anomaly,tropics,8.413844625465572e-07,1.0139302730749478e-06,1.725458105283906e-07,20.50736829702782
MRI-ESM2-0,pr,zonal_mean_rmse_bias_adjusted,global,7.000410278124036e-07,7.841726414881123e-07,8.413161367570866e-08,12.018097559026806
MRI-ESM2-0,pr,zonal_mean_rmse_bias_adjusted,northern_hemisphere,2.743962795648258e-06,2.6842997158382782e-06,-5.966307980997996e-08,-2.174339969353871
MRI-ESM2-0,pr,zonal_mean_rmse_bias_adjusted,southern_hemisphere,2.626717787279631e-06,2.7686812700267183e-06,1.4196348274708728e-07,5.404595934689741
MRI-ESM2-0,pr,zonal_mean_rmse_bias_adjusted,tropics,9.87021053333592e-07,1.202743646899762e-06,2.1572259356617017e-07,21.85592625786277
MRI-ESM2-0,tas,zonal_mean_mae,global,0.3351248274629265,0.3109004091450529,-0.0242244183178735,-7.228476177448666
MRI-ESM2-0,tas,zonal_mean_mae,northern_hemisphere,0.4458536394446061,0.4773952369817427,0.0315415975371365,7.0744286345688545
MRI-ESM2-0,tas,zonal_mean_mae,southern_hemisphere,0.7102589766281866,0.7001423821384359,-0.0101165944897506,-1.4243529223350595
MRI-ESM2-0,tas,zonal_mean_mae,tropics,0.2842335210522298,0.2734125968515774,-0.0108209242006523,-3.807054199868275
MRI-ESM2-0,tas,zonal_mean_mae_anomaly,global,0.1055391496336265,0.1652244643007203,0.0596853146670938,56.5527720038376
MRI-ESM2-0,tas,zonal_mean_mae_anomaly,northern_hemisphere,0.1440358089546123,0.1988647814468587,0.0548289724922464,38.06620929210999
MRI-ESM2-0,tas,zonal_mean_mae_anomaly,southern_hemisphere,0.1186397071407559,0.1793436354752259,0.0607039283344699,51.16662017923725
MRI-ESM2-0,tas,zonal_mean_mae_anomaly,tropics,0.1348931127914421,0.2007660907035817,0.0658729779121396,48.83346269426347
MRI-ESM2-0,tas,zonal_mean_mae_bias_adjusted,global,0.3171872997465063,0.2910175545848124,-0.0261697451616939,-8.250565259898037
MRI-ESM2-0,tas,zonal_mean_mae_bias_adjusted,northern_hemisphere,0.2608812510248583,0.3069187437105408,0.0460374926856824,17.646915025448013
MRI-ESM2-0,tas,zonal_mean_mae_bias_adjusted,southern_hemisphere,0.5302916746944963,0.5264669530862032,-0.0038247216082931,-0.7212486619739241
MRI-ESM2-0,tas,zonal_mean_mae_bias_adjusted,tropics,0.1565418071138912,0.2143608702664006,0.0578190631525094,36.935221471184
MRI-ESM2-0,tas,zonal_mean_rmse,global,0.3913439883781334,0.3737155915419047,-0.0176283968362286,-4.504578416877423
MRI-ESM2-0,tas,zonal_mean_rmse,northern_hemisphere,0.5182081728727778,0.5822849951682391,0.0640768222954613,12.365073661467015
MRI-ESM2-0,tas,zonal_mean_rmse,southern_hemisphere,0.8838999640132597,0.8636723313825379,-0.0202276326307218,-2.2884527044078897
MRI-ESM2-0,tas,zonal_mean_rmse,tropics,0.3216330351781482,0.3440467354109898,0.0224137002328416,6.968718316023406
MRI-ESM2-0,tas,zonal_mean_rmse_anomaly,global,0.1328432089703729,0.2078192693230415,0.0749760603526686,56.43951311759563
MRI-ESM2-0,tas,zonal_mean_rmse_anomaly,northern_hemisphere,0.1874650489321546,0.258525678667325,0.0710606297351704,37.90606843246174
MRI-ESM2-0,tas,zonal_mean_rmse_anomaly,southern_hemisphere,0.1463154663431058,0.2176861353213477,0.0713706689782419,48.778622494275226
MRI-ESM2-0,tas,zonal_mean_rmse_anomaly,tropics,0.1709920444855603,0.2524362675114281,0.0814442230258678,47.63041653247529
MRI-ESM2-0,tas,zonal_mean_rmse_bias_adjusted,global,0.3597678461090032,0.3525949710390867,-0.0071728750699164,-1.9937510112405188
MRI-ESM2-0,tas,zonal_mean_rmse_bias_adjusted,northern_hemisphere,0.3346818978234962,0.3901756993112452,0.0554938014877489,16.58105856595063
MRI-ESM2-0,tas,zonal_mean_rmse_bias_adjusted,southern_hemisphere,0.5898105880423458,0.5861148474166624,-0.0036957406256833,-0.6265978774558729
MRI-ESM2-0,tas,zonal_mean_rmse_bias_adjusted,tropics,0.197326888739042,0.2690168253568286,0.0716899366177865,36.33054627065754
MRI-ESM2-0,tos,zonal_mean_mae,global,0.0889904350042343,,,
MRI-ESM2-0,tos,zonal_mean_mae,northern_hemisphere,0.1769331246614456,,,
MRI-ESM2-0,tos,zonal_mean_mae,southern_hemisphere,0.1460322439670562,,,
MRI-ESM2-0,tos,zonal_mean_mae,tropics,0.240975871682167,,,
MRI-ESM2-0,tos,zonal_mean_mae_anomaly,global,0.0744218528270721,,,
MRI-ESM2-0,tos,zonal_mean_mae_anomaly,northern_hemisphere,0.0946890488266944,,,
MRI-ESM2-0,tos,zonal_mean_mae_anomaly,southern_hemisphere,0.0727163106203079,,,
MRI-ESM2-0,tos,zonal_mean_mae_anomaly,tropics,0.1362971812486648,,,
MRI-ESM2-0,tos,zonal_mean_mae_bias_adjusted,global,0.0789841338992118,,,
MRI-ESM2-0,tos,zonal_mean_mae_bias_adjusted,northern_hemisphere,0.157801404595375,,,
MRI-ESM2-0,tos,zonal_mean_mae_bias_adjusted,southern_hemisphere,0.14052614569664,,,
MRI-ESM2-0,tos,zonal_mean_mae_bias_adjusted,tropics,0.1421055346727371,,,
MRI-ESM2-0,tos,zonal_mean_rmse,global,0.1128121763467788,,,
MRI-ESM2-0,tos,zonal_mean_rmse,northern_hemisphere,0.2202105373144149,,,
MRI-ESM2-0,tos,zonal_mean_rmse,southern_hemisphere,0.1696287989616394,,,
MRI-ESM2-0,tos,zonal_mean_rmse,tropics,0.2801987528800964,,,
MRI-ESM2-0,tos,zonal_mean_rmse_anomaly,global,0.0901487469673156,,,
MRI-ESM2-0,tos,zonal_mean_rmse_anomaly,northern_hemisphere,0.1146483570337295,,,
MRI-ESM2-0,tos,zonal_mean_rmse_anomaly,southern_hemisphere,0.0911774709820747,,,
MRI-ESM2-0,tos,zonal_mean_rmse_anomaly,tropics,0.1639698445796966,,,
MRI-ESM2-0,tos,zonal_mean_rmse_bias_adjusted,global,0.1011647805571556,,,
MRI-ESM2-0,tos,zonal_mean_rmse_bias_adjusted,northern_hemisphere,0.1873623579740524,,,
MRI-ESM2-0,tos,zonal_mean_rmse_bias_adjusted,southern_hemisphere,0.1667044907808303,,,
MRI-ESM2-0,tos,zonal_mean_rmse_bias_adjusted,tropics,0.1768284887075424,,,
NorESM2-LM,clt,zonal_mean_mae,global,4.903846740722656,5.070795059204102,0.1669483184814453,3.4044358910132444
NorESM2-LM,clt,zonal_mean_mae,northern_hemisphere,3.541340589523315,3.6407580375671382,0.0994174480438232,2.807339354422428
NorESM2-LM,clt,zonal_mean_mae,southern_hemisphere,6.266363620758057,6.50084114074707,0.2344775199890136,3.741843502542362
NorESM2-LM,clt,zonal_mean_mae,tropics,5.145762920379639,5.210602760314941,0.0648398399353027,1.2600627144811998
NorESM2-LM,clt,zonal_mean_mae_anomaly,global,0.4549809396266937,0.5212005972862244,0.0662196576595306,14.554380610726914
NorESM2-LM,clt,zonal_mean_mae_anomaly,northern_hemisphere,0.6833620667457581,0.6156550049781799,-0.0677070617675781,-9.907933884888616
NorESM2-LM,clt,zonal_mean_mae_anomaly,southern_hemisphere,0.5988302826881409,0.7149192690849304,0.1160889863967895,19.38595788370416
NorESM2-LM,clt,zonal_mean_mae_anomaly,tropics,0.7209396362304688,0.8557193875312805,0.1347797513008117,18.695011971532885
NorESM2-LM,clt,zonal_mean_mae_bias_adjusted,global,0.9047977924346924,0.8151799440383911,-0.0896178483963012,-9.90473773760559
NorESM2-LM,clt,zonal_mean_mae_bias_adjusted,northern_hemisphere,0.7397491335868835,0.73145991563797,-0.0082892179489135,-1.1205444619746898
NorESM2-LM,clt,zonal_mean_mae_bias_adjusted,southern_hemisphere,1.6247594356536863,1.3626629114151,-0.2620965242385862,-16.131404962922247
NorESM2-LM,clt,zonal_mean_mae_bias_adjusted,tropics,0.9615218043327332,0.9412556290626526,-0.0202661752700805,-2.1077187411412552
NorESM2-LM,clt,zonal_mean_rmse,global,5.019955635070801,5.166841506958008,0.146885871887207,2.9260392434750147
NorESM2-LM,clt,zonal_mean_rmse,northern_hemisphere,3.670058250427246,3.7499048709869385,0.0798466205596923,2.175622704364355
NorESM2-LM,clt,zonal_mean_rmse,southern_hemisphere,6.543679237365723,6.704559326171875,0.1608800888061523,2.4585570742449403
NorESM2-LM,clt,zonal_mean_rmse,tropics,5.290499687194824,5.344369411468506,0.0538697242736816,1.0182350904219584
NorESM2-LM,clt,zonal_mean_rmse_anomaly,global,0.5671177506446838,0.6080004572868347,0.0408827066421508,7.208856819536427
NorESM2-LM,clt,zonal_mean_rmse_anomaly,northern_hemisphere,0.8349059820175171,0.7885329723358154,-0.0463730096817016,-5.554279245867077
NorESM2-LM,clt,zonal_mean_rmse_anomaly,southern_hemisphere,0.7602089643478394,0.8965802788734436,0.1363713145256042,17.938661726068062
NorESM2-LM,clt,zonal_mean_rmse_anomaly,tropics,0.8811847567558289,1.0070700645446775,0.1258853077888486,14.28591527755294
NorESM2-LM,clt,zonal_mean_rmse_bias_adjusted,global,1.0734258890151978,0.991609275341034,-0.0818166136741637,-7.622008609204071
NorESM2-LM,clt,zonal_mean_rmse_bias_adjusted,northern_hemisphere,0.963448405265808,0.8981467485427856,-0.0653016567230223,-6.777909057310249
NorESM2-LM,clt,zonal_mean_rmse_bias_adjusted,southern_hemisphere,1.8847851753234863,1.6401783227920532,-0.2446068525314331,-12.977969889297922
NorESM2-LM,clt,zonal_mean_rmse_bias_adjusted,tropics,1.2290276288986206,1.1882349252700806,-0.04079270362854,-3.319103872798691
NorESM2-LM,od550aer,zonal_mean_mae,global,,0.010206876322627,,
NorESM2-LM,od550aer,zonal_mean_mae,northern_hemisphere,,0.0283910315483808,,
NorESM2-LM,od550aer,zonal_mean_mae,southern_hemisphere,,0.0239556264132261,,
NorESM2-LM,od550aer,zonal_mean_mae,tropics,,0.0169710498303174,,
NorESM2-LM,od550aer,zonal_mean_mae_anomaly,global,,0.0082000065594911,,
NorESM2-LM,od550aer,zonal_mean_mae_anomaly,northern_hemisphere,,0.0119195068255066,,
NorESM2-LM,od550aer,zonal_mean_mae_anomaly,southern_hemisphere,,0.0093691209331154,,
NorESM2-LM,od550aer,zonal_mean_mae_anomaly,tropics,,0.0109168784692883,,
NorESM2-LM,od550aer,zonal_mean_mae_bias_adjusted,global,,0.0088609512895345,,
NorESM2-LM,od550aer,zonal_mean_mae_bias_adjusted,northern_hemisphere,,0.0184117890894413,,
NorESM2-LM,od550aer,zonal_mean_mae_bias_adjusted,southern_hemisphere,,0.0210124775767326,,
NorESM2-LM,od550aer,zonal_mean_mae_bias_adjusted,tropics,,0.0124545218423008,,
NorESM2-LM,od550aer,zonal_mean_rmse,global,,0.0129276672378182,,
NorESM2-LM,od550aer,zonal_mean_rmse,northern_hemisphere,,0.0356100238859653,,
NorESM2-LM,od550aer,zonal_mean_rmse,southern_hemisphere,,0.0278549026697874,,
NorESM2-LM,od550aer,zonal_mean_rmse,tropics,,0.0201647281646728,,
NorESM2-LM,od550aer,zonal_mean_rmse_anomaly,global,,0.0103072607889771,,
NorESM2-LM,od550aer,zonal_mean_rmse_anomaly,northern_hemisphere,,0.0148415500298142,,
NorESM2-LM,od550aer,zonal_mean_rmse_anomaly,southern_hemisphere,,0.0124207567423582,,
NorESM2-LM,od550aer,zonal_mean_rmse_anomaly,tropics,,0.0138019323348999,,
NorESM2-LM,od550aer,zonal_mean_rmse_bias_adjusted,global,,0.0112362904474139,,
NorESM2-LM,od550aer,zonal_mean_rmse_bias_adjusted,northern_hemisphere,,0.0224608704447746,,
NorESM2-LM,od550aer,zonal_mean_rmse_bias_adjusted,southern_hemisphere,,0.0250089764595031,,
NorESM2-LM,od550aer,zonal_mean_rmse_bias_adjusted,tropics,,0.0154430735856294,,
NorESM2-LM,pr,zonal_mean_mae,global,1.7595809822523734e-06,2.0456166112126084e-06,2.8603562896023504e-07,16.25589454792195
NorESM2-LM,pr,zonal_mean_mae,northern_hemisphere,1.9220403828512644e-06,1.9400283690629294e-06,1.7987986211664975e-08,0.9358797230358172
NorESM2-LM,pr,zonal_mean_mae,southern_hemisphere,3.953909981646575e-06,3.813756165982341e-06,-1.4015381566423417e-07,-3.5446890878853083
NorESM2-LM,pr,zonal_mean_mae,tropics,3.909575752913952e-06,4.217746663925936e-06,3.081709110119837e-07,7.882464249024784
NorESM2-LM,pr,zonal_mean_mae_anomaly,global,4.379359381800896e-07,4.852471988670004e-07,4.7311260686910834e-08,10.803237771149837
NorESM2-LM,pr,zonal_mean_mae_anomaly,northern_hemisphere,9.084446332963124e-07,1.076165858648892e-06,1.677212253525796e-07,18.462459813758738
NorESM2-LM,pr,zonal_mean_mae_anomaly,southern_hemisphere,8.465476071251032e-07,1.0834691011041286e-06,2.369214939790254e-07,27.986789164004215
NorESM2-LM,pr,zonal_mean_mae_anomaly,tropics,7.608172722939344e-07,8.182186661542801e-07,5.7401393860345706e-08,7.5447017241439855
NorESM2-LM,pr,zonal_mean_mae_bias_adjusted,global,5.908250386710279e-07,6.235594014469825e-07,3.273436277595465e-08,5.540449478848371
NorESM2-LM,pr,zonal_mean_mae_bias_adjusted,northern_hemisphere,1.9309904928377364e-06,1.91595654541743e-06,-1.5033947420306504e-08,-0.7785614417092744
NorESM2-LM,pr,zonal_mean_mae_bias_adjusted,southern_hemisphere,1.8950156572827836e-06,2.049771637757658e-06,1.547559804748744e-07,8.166475030437224
NorESM2-LM,pr,zonal_mean_mae_bias_adjusted,tropics,8.215147886403429e-07,9.508108860245556e-07,1.292960973842127e-07,15.738742524429243
NorESM2-LM,pr,zonal_mean_rmse,global,1.8969285520142876e-06,2.1849084532732377e-06,2.879799012589501e-07,15.181378389457713
NorESM2-LM,pr,zonal_mean_rmse,northern_hemisphere,2.341243998671416e-06,2.336078068765346e-06,-5.165929906070232e-09,-0.2206489331740621
NorESM2-LM,pr,zonal_mean_rmse,southern_hemisphere,4.558018645184347e-06,4.54513883596519e-06,-1.2879809219157325e-08,-0.2825747374413472
NorESM2-LM,pr,zonal_mean_rmse,tropics,4.0385207284998614e-06,4.373165211291052e-06,3.3464448279119097e-07,8.28631336295003
NorESM2-LM,pr,zonal_mean_rmse_anomaly,global,5.468703534461383e-07,5.99793452238373e-07,5.2923098792234675e-08,9.677448861276972
NorESM2-LM,pr,zonal_mean_rmse_anomaly,northern_hemisphere,1.1854457397930671e-06,1.338146603302448e-06,1.5270086350938096e-07,12.881303494838708
NorESM2-LM,pr,zonal_mean_rmse_anomaly,southern_hemisphere,1.0552503226790575e-06,1.354778646600607e-06,2.995283239215496e-07,28.384575439987593
NorESM2-LM,pr,zonal_mean_rmse_anomaly,tropics,9.215829663844488e-07,1.024353764478292e-06,1.0277079809384325e-07,11.151551389565425
NorESM2-LM,pr,zonal_mean_rmse_bias_adjusted,global,7.210973080873373e-07,7.676437121517665e-07,4.6546404064429225e-08,6.454940760753978
NorESM2-LM,pr,zonal_mean_rmse_bias_adjusted,northern_hemisphere,2.30219711738755e-06,2.313060804226552e-06,1.0863686839002185e-08,0.4718834350435598
NorESM2-LM,pr,zonal_mean_rmse_bias_adjusted,southern_hemisphere,2.3005359253147617e-06,2.547502845118288e-06,2.4696691980352625e-07,10.735190747770478
NorESM2-LM,pr,zonal_mean_rmse_bias_adjusted,tropics,1.0123582114829333e-06,1.1555042647160008e-06,1.431460532330675e-07,14.13986191936773
NorESM2-LM,tas,zonal_mean_mae,global,0.3743910552837761,0.3568766863184109,-0.0175143689653651,-4.678094927265254
NorESM2-LM,tas,zonal_mean_mae,northern_hemisphere,0.3955896508189009,0.4182903858484683,0.0227007350295673,5.738455235766435
NorESM2-LM,tas,zonal_mean_mae,southern_hemisphere,0.4134548272258314,0.3725422405802485,-0.0409125866455828,-9.895297853962704
NorESM2-LM,tas,zonal_mean_mae,tropics,0.2537008048716051,0.291733104062754,0.0380322991911488,14.991004545845469
NorESM2-LM,tas,zonal_mean_mae_anomaly,global,0.1440263575380721,0.1688012327842268,0.0247748752461546,17.201625917398946
NorESM2-LM,tas,zonal_mean_mae_anomaly,northern_hemisphere,0.2001622766348361,0.2268662819700907,0.0267040053352546,13.341177860387637
NorESM2-LM,tas,zonal_mean_mae_anomaly,southern_hemisphere,0.1394966648787004,0.1575721025248564,0.0180754376461559,12.957612758608615
NorESM2-LM,tas,zonal_mean_mae_anomaly,tropics,0.1916576815019695,0.2386444923072119,0.0469868108052424,24.516007100273505
NorESM2-LM,tas,zonal_mean_mae_bias_adjusted,global,0.3075007931738009,0.2797411218597219,-0.027759671314079,-9.027512100883955
NorESM2-LM,tas,zonal_mean_mae_bias_adjusted,northern_hemisphere,0.3474621379151822,0.3453348913155579,-0.0021272465996243,-0.6122240001135308
NorESM2-LM,tas,zonal_mean_mae_bias_adjusted,southern_hemisphere,0.3441224420793048,0.3254787617000744,-0.0186436803792304,-5.41774615644913
NorESM2-LM,tas,zonal_mean_mae_bias_adjusted,tropics,0.1991807859218136,0.2361819519058073,0.0370011659839936,18.5766743577958
NorESM2-LM,tas,zonal_mean_rmse,global,0.4589083226713777,0.4377153067926843,-0.0211930158786934,-4.6181371815890255
NorESM2-LM,tas,zonal_mean_rmse,northern_hemisphere,0.5080148321865281,0.5423261768370631,0.0343113446505349,6.7540045047221895
NorESM2-LM,tas,zonal_mean_rmse,southern_hemisphere,0.5183909524651288,0.4667877624356286,-0.0516031900295002,-9.95449279816886
NorESM2-LM,tas,zonal_mean_rmse,tropics,0.2966327335279873,0.3503005990992278,0.0536678655712404,18.092361194580334
NorESM2-LM,tas,zonal_mean_rmse_anomaly,global,0.1822864738172686,0.2077990197991061,0.0255125459818374,13.99585248843659
NorESM2-LM,tas,zonal_mean_rmse_anomaly,northern_hemisphere,0.2486880326558408,0.272454741487019,0.0237667088311781,9.556836562404635
NorESM2-LM,tas,zonal_mean_rmse_anomaly,southern_hemisphere,0.1739005295276229,0.2006660741867354,0.0267655446591125,15.39129566299624
NorESM2-LM,tas,zonal_mean_rmse_anomaly,tropics,0.2265547038570524,0.272249365650103,0.0456946617930505,20.16937234809401
NorESM2-LM,tas,zonal_mean_rmse_bias_adjusted,global,0.3675152637055628,0.3393774183050412,-0.0281378454005216,-7.656238578179008
NorESM2-LM,tas,zonal_mean_rmse_bias_adjusted,northern_hemisphere,0.4262336842799526,0.4220211349573478,-0.0042125493226048,-0.9883191962458828
NorESM2-LM,tas,zonal_mean_rmse_bias_adjusted,southern_hemisphere,0.4072157612745543,0.3883696140382843,-0.0188461472362699,-4.628049557139679
NorESM2-LM,tas,zonal_mean_rmse_bias_adjusted,tropics,0.2341199436625165,0.2820373076812627,0.0479173640187461,20.46701501338945
NorESM2-LM,tos,zonal_mean_mae,global,0.7357247471809387,0.6729868650436401,-0.0627378821372985,-8.52735787095514
NorESM2-LM,tos,zonal_mean_mae,northern_hemisphere,0.2492885887622833,0.2542726695537567,0.0049840807914734,1.9993216762224677
NorESM2-LM,tos,zonal_mean_mae,southern_hemisphere,1.1197680234909058,0.996643841266632,-0.1231241822242737,-10.99550796605452
NorESM2-LM,tos,zonal_mean_mae,tropics,0.6862258911132812,0.6282927393913269,-0.0579331517219543,-8.442285910834398
NorESM2-LM,tos,zonal_mean_mae_anomaly,global,0.0942747890949249,0.11722993850708,0.022955149412155,24.34919200831269
NorESM2-LM,tos,zonal_mean_mae_anomaly,northern_hemisphere,0.1377539634704589,0.1371107250452041,-0.0006432384252547,-0.4669473088465693
NorESM2-LM,tos,zonal_mean_mae_anomaly,southern_hemisphere,0.0720102712512016,0.114445261657238,0.0424349904060364,58.929080072488006
NorESM2-LM,tos,zonal_mean_mae_anomaly,tropics,0.1789851784706115,0.2125468403100967,0.0335616618394852,18.751084378193855
NorESM2-LM,tos,zonal_mean_mae_bias_adjusted,global,0.1271819323301315,0.1413485258817672,0.0141665935516356,11.138841258413075
NorESM2-LM,tos,zonal_mean_mae_bias_adjusted,northern_hemisphere,0.1679026633501052,0.1612362116575241,-0.006666451692581,-3.970426412284136
NorESM2-LM,tos,zonal_mean_mae_bias_adjusted,southern_hemisphere,0.1279620826244354,0.1496162414550781,0.0216541588306427,16.922324478101032
NorESM2-LM,tos,zonal_mean_mae_bias_adjusted,tropics,0.1804699897766113,0.2143134623765945,0.0338434725999831,18.75296421409188
NorESM2-LM,tos,zonal_mean_rmse,global,0.7522512078285217,0.6950491666793823,-0.0572020411491394,-7.604114231236809
NorESM2-LM,tos,zonal_mean_rmse,northern_hemisphere,0.2907485663890838,0.2943327724933624,0.0035842061042786,1.2327510841385148
NorESM2-LM,tos,zonal_mean_rmse,southern_hemisphere,1.1304972171783447,1.0132060050964355,-0.1172912120819091,-10.375188041122405
NorESM2-LM,tos,zonal_mean_rmse,tropics,0.7176657915115356,0.675330638885498,-0.0423351526260376,-5.899006630491891
NorESM2-LM,tos,zonal_mean_rmse_anomaly,global,0.1104974299669265,0.1427884399890899,0.0322910100221634,29.223313186404948
NorESM2-LM,tos,zonal_mean_rmse_anomaly,northern_hemisphere,0.162568986415863,0.1679772436618805,0.0054082572460174,3.3267459958092975
NorESM2-LM,tos,zonal_mean_rmse_anomaly,southern_hemisphere,0.0899911671876907,0.138108417391777,0.0481172502040863,53.46885889781855
NorESM2-LM,tos,zonal_mean_rmse_anomaly,tropics,0.201379507780075,0.239982783794403,0.038603276014328,19.169416213136415
NorESM2-LM,tos,zonal_mean_rmse_bias_adjusted,global,0.1568153947591781,0.1737300157546997,0.0169146209955216,10.78632682811368
NorESM2-LM,tos,zonal_mean_rmse_bias_adjusted,northern_hemisphere,0.2097431421279907,0.1970575153827667,-0.0126856267452239,-6.048172358113574
NorESM2-LM,tos,zonal_mean_rmse_bias_adjusted,southern_hemisphere,0.1553815156221389,0.1824485659599304,0.0270670503377915,17.41973633698741
NorESM2-LM,tos,zonal_mean_rmse_bias_adjusted,tropics,0.2100908160209655,0.2476282566785812,0.0375374406576157,17.867244922248176
ACCESS-CM2,clt,zonal_mean_crps,global,2.1889878167046444,1.6145761984365958,-0.5744116182680485,-26.240969176922224
ACCESS-CM2,clt,zonal_mean_crps,northern_hemisphere,3.6125922450312866,3.0768086751302084,-0.5357835699010782,-14.831000388654106
ACCESS-CM2,clt,zonal_mean_crps,southern_hemisphere,1.5428998593930845,1.260461750736943,-0.2824381086561414,-18.305666886718193
ACCESS-CM2,clt,zonal_mean_crps,tropics,2.4413772159152556,2.9382456073054564,0.4968683913902008,20.35197134433518
ACCESS-CM2,clt,zonal_mean_crps_anomaly,global,0.357875414247866,0.4387694464789496,0.0808940322310836,22.60396467890807
ACCESS-CM2,clt,zonal_mean_crps_anomaly,northern_hemisphere,0.6344445475825556,0.6195141545048467,-0.0149303930777089,-2.353301503590612
ACCESS-CM2,clt,zonal_mean_crps_anomaly,southern_hemisphere,0.448538010208695,0.6477679641158492,0.1992299539071542,44.41763002748792
ACCESS-CM2,clt,zonal_mean_crps_anomaly,tropics,0.5727821350097656,0.7641401396857368,0.1913580046759712,33.408514857522334
ACCESS-CM2,clt,zonal_mean_crps_bias_adjusted,global,0.7843063919632522,0.8156123408564816,0.0313059488932293,3.9915458058253535
ACCESS-CM2,clt,zonal_mean_crps_bias_adjusted,northern_hemisphere,1.8570682101779517,1.7419774726585109,-0.1150907375194409,-6.197442661969457
ACCESS-CM2,clt,zonal_mean_crps_bias_adjusted,southern_hemisphere,1.435495122273763,1.2565160680700231,-0.1789790542037399,-12.468106051119474
ACCESS-CM2,clt,zonal_mean_crps_bias_adjusted,tropics,0.9414750770286278,1.0656891469602232,0.1242140699315954,13.193559018431502
ACCESS-CM2,pr,zonal_mean_crps,global,5.080309679046709e-06,5.480508343680413e-06,4.001986646337037e-07,7.877446256559672
ACCESS-CM2,pr,zonal_mean_crps,northern_hemisphere,2.7883049555115307e-06,2.9763632499924384e-06,1.880582944809077e-07,6.744538258241101
ACCESS-CM2,pr,zonal_mean_crps,southern_hemisphere,7.553492585227812e-06,7.975838490084344e-06,4.223459048565314e-07,5.591398946793214
ACCESS-CM2,pr,zonal_mean_crps,tropics,7.802721827627263e-06,8.239337057602825e-06,4.36615229975562e-07,5.595678528864494
ACCESS-CM2,pr,zonal_mean_crps_anomaly,global,3.5816439473516465e-07,3.916679260227183e-07,3.350353128755363e-08,9.354232799250452
ACCESS-CM2,pr,zonal_mean_crps_anomaly,northern_hemisphere,8.030906849819951e-07,6.679104764636442e-07,-1.351802085183509e-07,-16.832496136022492
ACCESS-CM2,pr,zonal_mean_crps_anomaly,southern_hemisphere,8.391092183888692e-07,7.752065374478225e-07,-6.390268094104674e-08,-7.615537946745837
ACCESS-CM2,pr,zonal_mean_crps_anomaly,tropics,5.961451919305277e-07,7.01815841037185e-07,1.0567064910665737e-07,17.725656524119344
ACCESS-CM2,pr,zonal_mean_crps_bias_adjusted,global,4.864945283231834e-07,5.277006712950189e-07,4.1206142971835494e-08,8.470011597840998
ACCESS-CM2,pr,zonal_mean_crps_bias_adjusted,northern_hemisphere,2.1558856486889355e-06,2.105278389097765e-06,-5.060725959117072e-08,-2.3473999941484207
ACCESS-CM2,pr,zonal_mean_crps_bias_adjusted,southern_hemisphere,2.3679685926725615e-06,2.465217472423252e-06,9.724887975069021e-08,4.106848378463169
ACCESS-CM2,pr,zonal_mean_crps_bias_adjusted,tropics,7.493052247877199e-07,9.157489835666234e-07,1.6644375877890357e-07,22.21307863241679
ACCESS-CM2,tas,zonal_mean_crps,global,0.2296489294822,0.1953996116003081,-0.0342493178818918,-14.913772060298896
ACCESS-CM2,tas,zonal_mean_crps,northern_hemisphere,0.5577648594139829,0.5144508468111927,-0.0433140126027902,-7.765640282232587
ACCESS-CM2,tas,zonal_mean_crps,southern_hemisphere,0.4367624651055923,0.4566137801091177,0.0198513150035253,4.545105541229625
ACCESS-CM2,tas,zonal_mean_crps,tropics,0.2402104655192348,0.2977718614161022,0.0575613958968674,23.962900938742894
ACCESS-CM2,tas,zonal_mean_crps_anomaly,global,0.0932706293417347,0.1088264016691756,0.0155557723274408,16.678103747371534
ACCESS-CM2,tas,zonal_mean_crps_anomaly,northern_hemisphere,0.1151169465848853,0.1283741396953486,0.0132571931104633,11.516282792201826
ACCESS-CM2,tas,zonal_mean_crps_anomaly,southern_hemisphere,0.1161846935024501,0.1240832411928916,0.0078985476904415,6.798268732597679
ACCESS-CM2,tas,zonal_mean_crps_anomaly,tropics,0.1184106027680838,0.1276125015335714,0.0092018987654875,7.771178045187554
ACCESS-CM2,tas,zonal_mean_crps_bias_adjusted,global,0.1932345280737034,0.1777623981704212,-0.0154721299032821,-8.006917840987922
ACCESS-CM2,tas,zonal_mean_crps_bias_adjusted,northern_hemisphere,0.1622945966886607,0.1908022464158163,0.0285076497271556,17.565372051075457
ACCESS-CM2,tas,zonal_mean_crps_bias_adjusted,southern_hemisphere,0.3788979056837444,0.3600206358331619,-0.0188772698505824,-4.982152069834545
ACCESS-CM2,tas,zonal_mean_crps_bias_adjusted,tropics,0.1332629230716745,0.1348913783597685,0.001628455288094,1.2219867691317443
ACCESS-CM2,tos,zonal_mean_crps,global,0.1826781785046613,0.1838687737782796,0.0011905952736183,0.6517446601253095
ACCESS-CM2,tos,zonal_mean_crps,northern_hemisphere,0.4147559112972683,0.4589386498486554,0.0441827385513871,10.652708580618643
ACCESS-CM2,tos,zonal_mean_crps,southern_hemisphere,0.6479671372307672,0.6666369358698527,0.0186697986390855,2.881287887357243
ACCESS-CM2,tos,zonal_mean_crps,tropics,0.2032205246112964,0.1945294980649595,-0.0086910265463369,-4.276648022122986
ACCESS-CM2,tos,zonal_mean_crps_anomaly,global,0.0541815846054642,0.0643041098559344,0.0101225252504702,18.682593586325897
ACCESS-CM2,tos,zonal_mean_crps_anomaly,northern_hemisphere,0.0635660613024676,0.0651299070428918,0.0015638457404242,2.46018977482808
ACCESS-CM2,tos,zonal_mean_crps_anomaly,southern_hemisphere,0.0595908041353578,0.0731325423275982,0.0135417381922403,22.724543473991275
ACCESS-CM2,tos,zonal_mean_crps_anomaly,tropics,0.0991053810826054,0.1160410633793583,0.0169356822967529,17.0885597853025
ACCESS-CM2,tos,zonal_mean_crps_bias_adjusted,global,0.1022232038003427,0.100188398361206,-0.0020348054391366,-1.990551424225488
ACCESS-CM2,tos,zonal_mean_crps_bias_adjusted,northern_hemisphere,0.1077996165664107,0.103915551856712,-0.0038840647096987,-3.6030413033110382
ACCESS-CM2,tos,zonal_mean_crps_bias_adjusted,southern_hemisphere,0.1698960657472963,0.1641144478762591,-0.0057816178710372,-3.403032227736702
ACCESS-CM2,tos,zonal_mean_crps_bias_adjusted,tropics,0.1197624188882333,0.137185216833044,0.0174227979448106,14.547800642762782
CESM2-WACCM,clt,zonal_mean_crps,global,3.3800538804796005,3.1867840378372763,-0.1932698426423242,-5.717951532030044
CESM2-WACCM,clt,zonal_mean_crps,northern_hemisphere,3.910203965504964,4.020714763358787,0.1105107978538226,2.8262156866681836
CESM2-WACCM,clt,zonal_mean_crps,southern_hemisphere,2.6797316869099936,2.237182758472584,-0.4425489284374095,-16.514673114445795
CESM2-WACCM,clt,zonal_mean_crps,tropics,1.1279436535305447,1.1990091500458893,0.0710654965153445,6.300447393174689
CESM2-WACCM,clt,zonal_mean_crps_anomaly,global,0.3886690634268301,0.3800161008481627,-0.0086529625786674,-2.2263059741302187
CESM2-WACCM,clt,zonal_mean_crps_anomaly,northern_hemisphere,0.5363952248184769,0.5056940537911875,-0.0307011710272894,-5.723610055939461
CESM2-WACCM,clt,zonal_mean_crps_anomaly,southern_hemisphere,0.5221469525937682,0.577605876216182,0.0554589236224137,10.621324772062968
CESM2-WACCM,clt,zonal_mean_crps_anomaly,tropics,0.6350750181410049,0.6837474858319318,0.0486724676909269,7.664050120157653
CESM2-WACCM,clt,zonal_mean_crps_bias_adjusted,global,0.6622960973668981,0.6830566123679832,0.0207605150010851,3.134627409646991
CESM2-WACCM,clt,zonal_mean_crps_bias_adjusted,northern_hemisphere,0.8499995514198587,0.6897206129851164,-0.1602789384347422,-18.856355649483422
CESM2-WACCM,clt,zonal_mean_crps_bias_adjusted,southern_hemisphere,1.04143044507062,1.0933877874303748,0.0519573423597548,4.989036243916563
CESM2-WACCM,clt,zonal_mean_crps_bias_adjusted,tropics,0.9324097386112922,1.0481947545652035,0.1157850159539113,12.417825678907928
CESM2-WACCM,od550aer,zonal_mean_crps,global,0.0287833816475338,0.0235737928568765,-0.0052095887906573,-18.099293732929738
CESM2-WACCM,od550aer,zonal_mean_crps,northern_hemisphere,0.0479865397016207,0.0349236921855697,-0.013062847516051,-27.22189930191995
CESM2-WACCM,od550aer,zonal_mean_crps,southern_hemisphere,0.0181557021759174,0.0188282314549993,0.0006725292790819,3.7042317205113777
CESM2-WACCM,od550aer,zonal_mean_crps,tropics,0.0093977355432731,0.0113664383275641,0.001968702784291,20.948693174285086
CESM2-WACCM,od550aer,zonal_mean_crps_anomaly,global,0.0048896693245128,0.0067289759508437,0.0018393066263309,37.61617615142464
CESM2-WACCM,od550aer,zonal_mean_crps_anomaly,northern_hemisphere,0.0078815293808778,0.0094252605129171,0.0015437311320393,19.586695137935088
CESM2-WACCM,od550aer,zonal_mean_crps_anomaly,southern_hemisphere,0.0041060319791237,0.0077445691106496,0.0036385371315258,88.61443724805902
CESM2-WACCM,od550aer,zonal_mean_crps_anomaly,tropics,0.0067812190977511,0.0080885704330824,0.0013073513353312,19.279001555410595
CESM2-WACCM,od550aer,zonal_mean_crps_bias_adjusted,global,0.0063806674132744,0.0072965522055272,0.0009158847922528,14.354059425623747
CESM2-WACCM,od550aer,zonal_mean_crps_bias_adjusted,northern_hemisphere,0.0186957598008491,0.0146337818630315,-0.0040619779378175,-21.726733660929263
CESM2-WACCM,od550aer,zonal_mean_crps_bias_adjusted,southern_hemisphere,0.0135174865454987,0.0142351053241226,0.0007176187786239,5.308818146098936
CESM2-WACCM,od550aer,zonal_mean_crps_bias_adjusted,tropics,0.0092427341474427,0.0108060536147267,0.001563319467284,16.914036932638655
CESM2-WACCM,pr,zonal_mean_crps,global,2.5947046786448616e-06,2.809381846789081e-06,2.146771681442193e-07,8.273664818623553
CESM2-WACCM,pr,zonal_mean_crps,northern_hemisphere,2.60176665405096e-06,2.9653708123886547e-06,3.636041583376945e-07,13.97527936533284
CESM2-WACCM,pr,zonal_mean_crps,southern_hemisphere,2.3774657738276464e-06,2.4510503644032055e-06,7.358459057555914e-08,3.0950851694950043
CESM2-WACCM,pr,zonal_mean_crps,tropics,4.34215307568256e-06,4.4811021965600684e-06,1.389491208775083e-07,3.200005123164994
CESM2-WACCM,pr,zonal_mean_crps_anomaly,global,3.503236510166769e-07,4.228843560364718e-07,7.256070501979492e-08,20.712476822280184
CESM2-WACCM,pr,zonal_mean_crps_anomaly,northern_hemisphere,8.012698412198074e-07,8.000582359575977e-07,-1.211605262209684e-09,-0.1512106408953575
CESM2-WACCM,pr,zonal_mean_crps_anomaly,southern_hemisphere,7.823500002107015e-07,9.035980686652086e-07,1.2124806845450717e-07,15.497931670205508
CESM2-WACCM,pr,zonal_mean_crps_anomaly,tropics,6.329687696254243e-07,7.272680132128126e-07,9.429924358738836e-08,14.897929899952626
CESM2-WACCM,pr,zonal_mean_crps_bias_adjusted,global,5.575606219618176e-07,6.044598531271159e-07,4.689923116529826e-08,8.411503488226966
CESM2-WACCM,pr,zonal_mean_crps_bias_adjusted,northern_hemisphere,1.2774332625903534e-06,1.3596514152056811e-06,8.221815261532798e-08,6.436199449559317
CESM2-WACCM,pr,zonal_mean_crps_bias_adjusted,southern_hemisphere,1.4524433346970771e-06,1.6090011723901154e-06,1.565578376930381e-07,10.778929129492676
CESM2-WACCM,pr,zonal_mean_crps_bias_adjusted,tropics,7.325054597189322e-07,8.787540840179039e-07,1.462486242989717e-07,19.965533684225147
CESM2-WACCM,tas,zonal_mean_crps,global,0.2874540595289405,0.2919723939830904,0.0045183344541498,1.5718457626078497
CESM2-WACCM,tas,zonal_mean_crps,northern_hemisphere,0.686022005965205,0.587273263754544,-0.0987487422106609,-14.39439862745008
CESM2-WACCM,tas,zonal_mean_crps,southern_hemisphere,0.4005992422430909,0.3988302781268467,-0.0017689641162441,-0.4415794963413149
CESM2-WACCM,tas,zonal_mean_crps,tropics,0.2804192651290395,0.2657146250440939,-0.0147046400849455,-5.243805227925036
CESM2-WACCM,tas,zonal_mean_crps_anomaly,global,0.1201677757252977,0.125994705691131,0.0058269299658333,4.848995440469518
CESM2-WACCM,tas,zonal_mean_crps_anomaly,northern_hemisphere,0.1468049541549462,0.1602531858183377,0.0134482316633914,9.160611602519516
CESM2-WACCM,tas,zonal_mean_crps_anomaly,southern_hemisphere,0.1250006967258635,0.1200823016664592,-0.0049183950594042,-3.934694116298188
CESM2-WACCM,tas,zonal_mean_crps_anomaly,tropics,0.186636744369452,0.1524516747929191,-0.0341850695765328,-18.316366207536657
CESM2-WACCM,tas,zonal_mean_crps_bias_adjusted,global,0.2653371853159154,0.271628958298944,0.0062917729830286,2.3712368002764213
CESM2-WACCM,tas,zonal_mean_crps_bias_adjusted,northern_hemisphere,0.2829815773723883,0.307225371244409,0.0242437938720206,8.567269324432798
CESM2-WACCM,tas,zonal_mean_crps_bias_adjusted,southern_hemisphere,0.3404813689028746,0.3378588441881671,-0.0026225247147075,-0.7702402992440048
CESM2-WACCM,tas,zonal_mean_crps_bias_adjusted,tropics,0.1971795647945141,0.1646800922909703,-0.0324994725035438,-16.48217072464502
CESM2-WACCM,tos,zonal_mean_crps,global,0.5675294222655121,0.4819056104730677,-0.0856238117924443,-15.087114153596469
CESM2-WACCM,tos,zonal_mean_crps,northern_hemisphere,0.7027853312315765,0.5409413072797987,-0.1618440239517777,-23.028941663901655
CESM2-WACCM,tos,zonal_mean_crps,southern_hemisphere,0.4458028298837167,0.4141510283505474,-0.0316518015331692,-7.09995527426897
CESM2-WACCM,tos,zonal_mean_crps,tropics,0.6371090553424976,0.562069665061103,-0.0750393902813946,-11.77810763355967
CESM2-WACCM,tos,zonal_mean_crps_anomaly,global,0.0888417791437219,0.0801889048682318,-0.00865287427549,-9.739645422332304
CESM2-WACCM,tos,zonal_mean_crps_anomaly,northern_hemisphere,0.1063531257488109,0.0990261166184036,-0.0073270091304072,-6.88932185003429
CESM2-WACCM,tos,zonal_mean_crps_anomaly,southern_hemisphere,0.084485297732883,0.0737694236967298,-0.0107158740361531,-12.683714591423357
CESM2-WACCM,tos,zonal_mean_crps_anomaly,tropics,0.1682715645542851,0.1412184803574173,-0.0270530841968677,-16.0770384874744
CESM2-WACCM,tos,zonal_mean_crps_bias_adjusted,global,0.1070659584469265,0.1076592957531964,0.0005933373062698,0.5541792320142725
CESM2-WACCM,tos,zonal_mean_crps_bias_adjusted,northern_hemisphere,0.1333882314187509,0.1354000285819724,0.0020117971632215,1.5082268816548523
CESM2-WACCM,tos,zonal_mean_crps_bias_adjusted,southern_hemisphere,0.1094218271749991,0.1035667728494714,-0.0058550543255276,-5.350901622364248
CESM2-WACCM,tos,zonal_mean_crps_bias_adjusted,tropics,0.1724872712735776,0.1476639941886619,-0.0248232770849156,-14.39136749142731
CanESM5,clt,zonal_mean_crps,global,1.1466582580848976,1.4192299136409052,0.2725716555560076,23.770958228761703
CanESM5,clt,zonal_mean_crps,northern_hemisphere,2.1145421946490255,2.0706548584832087,-0.0438873361658167,-2.075500610811942
CanESM5,clt,zonal_mean_crps,southern_hemisphere,1.6095641489382144,1.8521923983538593,0.2426282494156448,15.07415840342245
CanESM5,clt,zonal_mean_crps,tropics,1.655852448498761,1.710646120707194,0.054793672208433,3.309091474793565
CanESM5,clt,zonal_mean_crps_anomaly,global,0.3264199044969347,0.3828996976216634,0.0564797931247287,17.302803029666077
CanESM5,clt,zonal_mean_crps_anomaly,northern_hemisphere,0.4687618432221589,0.5175720250165021,0.0488101817943432,10.412575703438971
CanESM5,clt,zonal_mean_crps_anomaly,southern_hemisphere,0.4484303686353895,0.5441174118607132,0.0956870432253236,21.33821657005683
CanESM5,clt,zonal_mean_crps_anomaly,tropics,0.5277688238355849,0.6347373255976925,0.1069685017621075,20.26805997836495
CanESM5,clt,zonal_mean_crps_bias_adjusted,global,0.5384954099301938,0.5409003716927988,0.0024049617626049,0.4466076624342484
CanESM5,clt,zonal_mean_crps_bias_adjusted,northern_hemisphere,1.49975250032213,1.517805834169741,0.0180533338476107,1.2037542090266966
CanESM5,clt,zonal_mean_crps_bias_adjusted,southern_hemisphere,1.5698714715463142,1.7181241706565575,0.1482526991102433,9.443620181479906
CanESM5,clt,zonal_mean_crps_bias_adjusted,tropics,1.2481729966622812,1.232517825232612,-0.0156551714296693,-1.254246925028226
CanESM5,od550aer,zonal_mean_crps,global,0.0241751433522612,0.0292419051337573,0.005066761781496,20.95855940817866
CanESM5,od550aer,zonal_mean_crps,northern_hemisphere,0.0322953164784444,0.0344478494177261,0.0021525329392817,6.665155118447065
CanESM5,od550aer,zonal_mean_crps,southern_hemisphere,0.0431101948988658,0.0515836915622154,0.0084734966633496,19.655435757662453
CanESM5,od550aer,zonal_mean_crps,tropics,0.0377471140965267,0.0367124643107807,-0.001034649785746,-2.741003678056644
CanESM5,od550aer,zonal_mean_crps_anomaly,global,0.0085401655347258,0.0099478402968358,0.0014076747621099,16.482991534368388
CanESM5,od550aer,zonal_mean_crps_anomaly,northern_hemisphere,0.0160691740957123,0.0174018338322639,0.0013326597365516,8.293268394591667
CanESM5,od550aer,zonal_mean_crps_anomaly,southern_hemisphere,0.0037101038352206,0.0084767267245937,0.004766622889373,128.47680553095634
CanESM5,od550aer,zonal_mean_crps_anomaly,tropics,0.008625734059347,0.0097234338728917,0.0010976998135447,12.725871282285276
CanESM5,od550aer,zonal_mean_crps_bias_adjusted,global,0.0167546755530768,0.0183898072551797,0.0016351317021029,9.759256136730874
CanESM5,od550aer,zonal_mean_crps_bias_adjusted,northern_hemisphere,0.0327208102232328,0.0342727808350766,0.0015519706118437,4.743069017104722
CanESM5,od550aer,zonal_mean_crps_bias_adjusted,southern_hemisphere,0.014170316737835,0.0159678638050401,0.0017975470672051,12.685299139472455
CanESM5,od550aer,zonal_mean_crps_bias_adjusted,tropics,0.0117746153501448,0.0123145205693112,0.0005399052191663,4.5853321158361595
CanESM5,pr,zonal_mean_crps,global,2.132647787894476e-06,2.557329391358373e-06,4.246816034638969e-07,19.913349305708714
CanESM5,pr,zonal_mean_crps,northern_hemisphere,2.708826445154113e-06,2.863388728521251e-06,1.5456228336713822e-07,5.705876197555534
CanESM5,pr,zonal_mean_crps,southern_hemisphere,2.827885117329532e-06,3.027685266311487e-06,1.99800148981955e-07,7.065355935344115
CanESM5,pr,zonal_mean_crps,tropics,5.618189159038054e-06,5.999358732137975e-06,3.811695730999214e-07,6.784562824602104
CanESM5,pr,zonal_mean_crps_anomaly,global,3.868652432477878e-07,4.067129894893797e-07,1.984774624159194e-08,5.130403050676597
CanESM5,pr,zonal_mean_crps_anomaly,northern_hemisphere,7.751302493690875e-07,7.886813785228662e-07,1.3551129153778653e-08,1.7482389785211594
CanESM5,pr,zonal_mean_crps_anomaly,southern_hemisphere,7.15160039935317e-07,8.077342634485966e-07,9.25742235132796e-08,12.94454644329016
CanESM5,pr,zonal_mean_crps_anomaly,tropics,6.149993101576843e-07,6.810601748670537e-07,6.606086470936945e-08,10.741616066598777
CanESM5,pr,zonal_mean_crps_bias_adjusted,global,5.942828465776983e-07,6.246692447786228e-07,3.038639820092453e-08,5.113120524327926
CanESM5,pr,zonal_mean_crps_bias_adjusted,northern_hemisphere,2.3591470347094364e-06,2.195700985625822e-06,-1.634460490836145e-07,-6.928184071568277
CanESM5,pr,zonal_mean_crps_bias_adjusted,southern_hemisphere,1.7618579039225115e-06,1.8878906269458608e-06,1.2603272302334886e-07,7.153398849178242
CanESM5,pr,zonal_mean_crps_bias_adjusted,tropics,6.86433637990073e-07,8.289847722119669e-07,1.4255113422189386e-07,20.766921422920618
CanESM5,tas,zonal_mean_crps,global,0.2256712140375971,0.2991184001824149,0.0734471861448178,32.54610316962332
CanESM5,tas,zonal_mean_crps,northern_hemisphere,0.3944990906406347,0.6581309972835762,0.2636319066429414,66.82699983283216
CanESM5,tas,zonal_mean_crps,southern_hemisphere,0.3440525488851411,0.3060041271238569,-0.0380484217612842,-11.058898381824322
CanESM5,tas,zonal_mean_crps,tropics,0.6734301117234612,0.7375771268793856,0.0641470151559243,9.525415338461404
CanESM5,tas,zonal_mean_crps_anomaly,global,0.1447829479865546,0.1214776973168611,-0.0233052506696935,-16.096681959990057
CanESM5,tas,zonal_mean_crps_anomaly,northern_hemisphere,0.1987455606725345,0.1732328255393715,-0.0255127351331629,-12.83688302110019
CanESM5,tas,zonal_mean_crps_anomaly,southern_hemisphere,0.1175478914541136,0.1164338772019808,-0.0011140142521327,-0.9477109613383748
CanESM5,tas,zonal_mean_crps_anomaly,tropics,0.1510447005086879,0.149475893386021,-0.0015688071226668,-1.0386376465930005
CanESM5,tas,zonal_mean_crps_bias_adjusted,global,0.2045691063060022,0.1806383790055139,-0.0239307273004882,-11.6981140176131
CanESM5,tas,zonal_mean_crps_bias_adjusted,northern_hemisphere,0.2374737915036193,0.2241494222235376,-0.0133243692800816,-5.610879918880892
CanESM5,tas,zonal_mean_crps_bias_adjusted,southern_hemisphere,0.3493792171517036,0.3165338000233194,-0.0328454171283842,-9.401079261713072
CanESM5,tas,zonal_mean_crps_bias_adjusted,tropics,0.1615859456584846,0.1614413975533444,-0.0001445481051402,-0.0894558648347608
CanESM5,tos,zonal_mean_crps,global,0.1504685154667607,0.1482240623897976,-0.002244453076963,-1.4916429992019782
CanESM5,tos,zonal_mean_crps,northern_hemisphere,0.1336815427850793,0.1251004289697717,-0.0085811138153076,-6.419071501219513
CanESM5,tos,zonal_mean_crps,southern_hemisphere,0.1964763650187739,0.1477079841825697,-0.0487683808362042,-24.821499945575763
CanESM5,tos,zonal_mean_crps,tropics,0.4283945684079771,0.4037530563495777,-0.0246415120583994,-5.752059870874072
CanESM5,tos,zonal_mean_crps_anomaly,global,0.0879057389718514,0.0639984254483823,-0.0239073135234691,-27.196533244689007
CanESM5,tos,zonal_mean_crps_anomaly,northern_hemisphere,0.12205390047144,0.0848534795973036,-0.0372004208741364,-30.478682557827103
CanESM5,tos,zonal_mean_crps_anomaly,southern_hemisphere,0.0646332025527954,0.0582503716150919,-0.0063828309377034,-9.875467539287806
CanESM5,tos,zonal_mean_crps_anomaly,tropics,0.1351046844764992,0.1322200404273139,-0.0028846440491852,-2.1351177128777175
CanESM5,tos,zonal_mean_crps_bias_adjusted,global,0.0900857572202329,0.0679746539504439,-0.0221111032697889,-24.544505093889455
CanESM5,tos,zonal_mean_crps_bias_adjusted,northern_hemisphere,0.1315235438170256,0.0886331946761519,-0.0428903491408736,-32.6103965085843
CanESM5,tos,zonal_mean_crps_bias_adjusted,southern_hemisphere,0.0669516678209658,0.0616678405691076,-0.0052838272518581,-7.892002430749827
CanESM5,tos,zonal_mean_crps_bias_adjusted,tropics,0.1398292223612467,0.1356945550000226,-0.0041346673612241,-2.956940824960223
EC-Earth3-Veg,pr,zonal_mean_crps,global,2.5939178360406205e-06,2.8622707085796045e-06,2.68352872538984e-07,10.345465411834333
EC-Earth3-Veg,pr,zonal_mean_crps,northern_hemisphere,1.98243286562232e-06,1.9569351361833808e-06,-2.5497729438939386e-08,-1.2861837533618172
EC-Earth3-Veg,pr,zonal_mean_crps,southern_hemisphere,4.387047930423351e-06,4.811026868386155e-06,4.239789379628044e-07,9.66433338971727
EC-Earth3-Veg,pr,zonal_mean_crps,tropics,4.127086571383255e-06,4.354160969173622e-06,2.270743977903674e-07,5.502050753305618
EC-Earth3-Veg,pr,zonal_mean_crps_anomaly,global,3.534690626515335e-07,4.130737545859086e-07,5.960469193437512e-08,16.862774775040567
EC-Earth3-Veg,pr,zonal_mean_crps_anomaly,northern_hemisphere,6.584194478717918e-07,6.831909424228664e-07,2.4771494551074655e-08,3.7622665355866265
EC-Earth3-Veg,pr,zonal_mean_crps_anomaly,southern_hemisphere,6.58943557667684e-07,8.014061862653492e-07,1.4246262859766525e-07,21.619853011676533
EC-Earth3-Veg,pr,zonal_mean_crps_anomaly,tropics,5.602325203384411e-07,7.339337403040931e-07,1.7370121996565197e-07,31.00520117266981
EC-Earth3-Veg,pr,zonal_mean_crps_bias_adjusted,global,4.2982139887128674e-07,4.943125734118642e-07,6.449117454057747e-08,15.004179575500808
EC-Earth3-Veg,pr,zonal_mean_crps_bias_adjusted,northern_hemisphere,1.880298854033484e-06,1.8636670877943591e-06,-1.6631766239125035e-08,-0.8845278080900675
EC-Earth3-Veg,pr,zonal_mean_crps_bias_adjusted,southern_hemisphere,2.0645303990291995e-06,2.1825528569428978e-06,1.1802245791369826e-07,5.716673291378793
EC-Earth3-Veg,pr,zonal_mean_crps_bias_adjusted,tropics,8.078330278362113e-07,1.0237414985399314e-06,2.159084707037201e-07,26.72686845721486
EC-Earth3-Veg,tas,zonal_mean_crps,global,0.2386681586083609,0.1995246897248102,-0.0391434688835506,-16.400792259759545
EC-Earth3-Veg,tas,zonal_mean_crps,northern_hemisphere,0.4247370825579645,0.4519356424108061,0.0271985598528415,6.403622610260243
EC-Earth3-Veg,tas,zonal_mean_crps,southern_hemisphere,1.0007006064794794,0.9575873042672264,-0.043113302212253,-4.308311790069566
EC-Earth3-Veg,tas,zonal_mean_crps,tropics,0.2923310163927697,0.3435581879800957,0.0512271715873259,17.523686750535628
EC-Earth3-Veg,tas,zonal_mean_crps_anomaly,global,0.0988674134943949,0.104791179762853,0.005923766268458,5.991626623056997
EC-Earth3-Veg,tas,zonal_mean_crps_anomaly,northern_hemisphere,0.1272321384951173,0.1358379751694062,0.0086058366742889,6.763885898702549
EC-Earth3-Veg,tas,zonal_mean_crps_anomaly,southern_hemisphere,0.1174194998295809,0.1114716761009601,-0.0059478237286207,-5.065448019497003
EC-Earth3-Veg,tas,zonal_mean_crps_anomaly,tropics,0.1431559902674187,0.1215875642381843,-0.0215684260292343,-15.066380379154264
EC-Earth3-Veg,tas,zonal_mean_crps_bias_adjusted,global,0.1520075304909784,0.1385397069744433,-0.0134678235165351,-8.85997126131491
EC-Earth3-Veg,tas,zonal_mean_crps_bias_adjusted,northern_hemisphere,0.2707927642518567,0.2732159203459608,0.002423156094104,0.8948378295109783
EC-Earth3-Veg,tas,zonal_mean_crps_bias_adjusted,southern_hemisphere,0.3794499509057875,0.3536377202905169,-0.0258122306152706,-6.8025389260570615
EC-Earth3-Veg,tas,zonal_mean_crps_bias_adjusted,tropics,0.184212796078646,0.1577455999202456,-0.0264671961584004,-14.367729453007568
EC-Earth3-Veg,tos,zonal_mean_crps,global,0.0,0.937380513438472,0.0,0.0
EC-Earth3-Veg,tos,zonal_mean_crps,northern_hemisphere,0.0,0.2294157028198242,0.0,0.0
EC-Earth3-Veg,tos,zonal_mean_crps,southern_hemisphere,0.0,1.6095517105526396,0.0,0.0
EC-Earth3-Veg,tos,zonal_mean_crps,tropics,0.0,0.4949048784044054,0.0,0.0
EC-Earth3-Veg,tos,zonal_mean_crps_anomaly,global,0.0,0.0665059919710512,0.0,0.0
EC-Earth3-Veg,tos,zonal_mean_crps_anomaly,northern_hemisphere,0.0,0.0675108768321849,0.0,0.0
EC-Earth3-Veg,tos,zonal_mean_crps_anomaly,southern_hemisphere,0.0,0.0741024617795591,0.0,0.0
EC-Earth3-Veg,tos,zonal_mean_crps_anomaly,tropics,0.0,0.1075032658047146,0.0,0.0
EC-Earth3-Veg,tos,zonal_mean_crps_bias_adjusted,global,0.0,0.1172623581356472,0.0,0.0
EC-Earth3-Veg,tos,zonal_mean_crps_bias_adjusted,northern_hemisphere,0.0,0.2600863809938784,0.0,0.0
EC-Earth3-Veg,tos,zonal_mean_crps_bias_adjusted,southern_hemisphere,0.0,0.3922335218500208,0.0,0.0
EC-Earth3-Veg,tos,zonal_mean_crps_bias_adjusted,tropics,0.0,0.111399922547517,0.0,0.0
EC-Earth3-Veg-LR,clt,zonal_mean_crps,global,2.242132352899622,2.43643067324603,0.1942983203464079,8.665782824779855
EC-Earth3-Veg-LR,clt,zonal_mean_crps,northern_hemisphere,1.3075436274210612,1.199246572565149,-0.1082970548559119,-8.282481179577312
EC-Earth3-Veg-LR,clt,zonal_mean_crps,southern_hemisphere,3.9761293022720903,4.174103959401449,0.1979746571293583,4.979079956384445
EC-Earth3-Veg-LR,clt,zonal_mean_crps,tropics,3.604921051307961,3.605045823697691,0.0001247723897299,0.003461168440421
EC-Earth3-Veg-LR,clt,zonal_mean_crps_anomaly,global,0.3083741258691859,0.4331101700111672,0.1247360441419813,40.44958175086812
EC-Earth3-Veg-LR,clt,zonal_mean_crps_anomaly,northern_hemisphere,0.4806974128440575,0.570144925294099,0.0894475124500415,18.607862255971632
EC-Earth3-Veg-LR,clt,zonal_mean_crps_anomaly,southern_hemisphere,0.459393384721544,0.6610401612740977,0.2016467765525537,43.89414024208894
EC-Earth3-Veg-LR,clt,zonal_mean_crps_anomaly,tropics,0.4833641193531177,0.6778310104652687,0.1944668911121509,40.231966611920726
EC-Earth3-Veg-LR,clt,zonal_mean_crps_bias_adjusted,global,0.6090097427368164,0.6744963469328705,0.0654866041960541,10.752964952870082
EC-Earth3-Veg-LR,clt,zonal_mean_crps_bias_adjusted,northern_hemisphere,1.2649603525797526,1.153941786730731,-0.1110185658490217,-8.776446283285567
EC-Earth3-Veg-LR,clt,zonal_mean_crps_bias_adjusted,southern_hemisphere,1.735290160002532,1.6448593069005897,-0.0904308531019424,-5.211281386036932
EC-Earth3-Veg-LR,clt,zonal_mean_crps_bias_adjusted,tropics,0.8635420269436306,1.0290363276446306,0.165494300701,19.16459136178244
EC-Earth3-Veg-LR,pr,zonal_mean_crps,global,1.752401909403421e-06,2.0035976225093084e-06,2.511957131058874e-07,14.334366549018611
EC-Earth3-Veg-LR,pr,zonal_mean_crps,northern_hemisphere,1.9829331618152705e-06,1.888460905387614e-06,-9.44722564276566e-08,-4.764268319622647
EC-Earth3-Veg-LR,pr,zonal_mean_crps,southern_hemisphere,3.966454562908405e-06,4.419278448713831e-06,4.528238858054261e-07,11.416338662742495
EC-Earth3-Veg-LR,pr,zonal_mean_crps,tropics,3.0873988517096557e-06,3.283701661766153e-06,1.963028100564975e-07,6.358194048941693
EC-Earth3-Veg-LR,pr,zonal_mean_crps_anomaly,global,3.376482928379793e-07,4.15364743107434e-07,7.77164502694547e-08,23.016983031733258
EC-Earth3-Veg-LR,pr,zonal_mean_crps_anomaly,northern_hemisphere,6.810850327046528e-07,7.474700211147407e-07,6.638498841008791e-08,9.746945714908293
EC-Earth3-Veg-LR,pr,zonal_mean_crps_anomaly,southern_hemisphere,6.219298130518939e-07,9.395397851390212e-07,3.176099720871274e-07,51.06845908038598
EC-Earth3-Veg-LR,pr,zonal_mean_crps_anomaly,tropics,5.751700983738476e-07,6.98235901466062e-07,1.2306580309221444e-07,21.39641880552428
EC-Earth3-Veg-LR,pr,zonal_mean_crps_bias_adjusted,global,3.891417842775506e-07,5.050077679361157e-07,1.1586598365856509e-07,29.774747493043584
EC-Earth3-Veg-LR,pr,zonal_mean_crps_bias_adjusted,northern_hemisphere,2.0212114644959068e-06,1.878238078831971e-06,-1.4297338566393588e-07,-7.0736480657947185
EC-Earth3-Veg-LR,pr,zonal_mean_crps_bias_adjusted,southern_hemisphere,2.286813014507061e-06,2.308259910124535e-06,2.144689561747419e-08,0.9378508641248584
EC-Earth3-Veg-LR,pr,zonal_mean_crps_bias_adjusted,tropics,8.626683329229882e-07,1.0620097310931196e-06,1.993413981701314e-07,23.107536298996955
EC-Earth3-Veg-LR,tas,zonal_mean_crps,global,0.32201698460435,0.3493603220860202,0.0273433374816702,8.491271823834367
EC-Earth3-Veg-LR,tas,zonal_mean_crps,northern_hemisphere,1.304251225104463,1.327141010420137,0.0228897853156746,1.7550135184915248
EC-Earth3-Veg-LR,tas,zonal_mean_crps,southern_hemisphere,0.7344122880014238,0.6761380347354249,-0.0582742532659988,-7.93481457460117
EC-Earth3-Veg-LR,tas,zonal_mean_crps,tropics,0.8193095719665046,0.8905857446730521,0.0712761727065475,8.699541070351545
EC-Earth3-Veg-LR,tas,zonal_mean_crps_anomaly,global,0.0984060773558344,0.1145195037477957,0.0161134263919612,16.37442201226597
EC-Earth3-Veg-LR,tas,zonal_mean_crps_anomaly,northern_hemisphere,0.1355178460291886,0.1341582590651746,-0.001359586964014,-1.0032530798350847
EC-Earth3-Veg-LR,tas,zonal_mean_crps_anomaly,southern_hemisphere,0.1021585429025032,0.1333546972395644,0.0311961543370612,30.537000089002653
EC-Earth3-Veg-LR,tas,zonal_mean_crps_anomaly,tropics,0.1146860637675237,0.1546469991732796,0.0399609354057559,34.84375877330607
EC-Earth3-Veg-LR,tas,zonal_mean_crps_bias_adjusted,global,0.1588867384295907,0.1497637421954298,-0.0091229962341608,-5.741823593542787
EC-Earth3-Veg-LR,tas,zonal_mean_crps_bias_adjusted,northern_hemisphere,0.3604844633736721,0.3555747563515503,-0.0049097070221218,-1.3619746538237143
EC-Earth3-Veg-LR,tas,zonal_mean_crps_bias_adjusted,southern_hemisphere,0.4245656289883258,0.3970763368634477,-0.0274892921248781,-6.47468618464967
EC-Earth3-Veg-LR,tas,zonal_mean_crps_bias_adjusted,tropics,0.1612772371197078,0.1875585548198873,0.0262813177001795,16.295739045102966
EC-Earth3-Veg-LR,tos,zonal_mean_crps,global,0.6646057729367857,0.5327336081752071,-0.1318721647615786,-19.84216360006275
EC-Earth3-Veg-LR,tos,zonal_mean_crps,northern_hemisphere,0.4251455359988742,0.5497623637870507,0.1246168277881764,29.31156915369951
EC-Earth3-Veg-LR,tos,zonal_mean_crps,southern_hemisphere,1.5430554610711558,1.443759497889766,-0.0992959631813898,-6.435022310375077
EC-Earth3-Veg-LR,tos,zonal_mean_crps,tropics,0.1749770976878978,0.1343635347154405,-0.0406135629724573,-23.210787874021484
EC-Earth3-Veg-LR,tos,zonal_mean_crps_anomaly,global,0.0576159441912615,0.0712335180353235,0.0136175738440619,23.635078857437673
EC-Earth3-Veg-LR,tos,zonal_mean_crps_anomaly,northern_hemisphere,0.0694904627623381,0.070802859906797,0.0013123971444589,1.888600380957897
EC-Earth3-Veg-LR,tos,zonal_mean_crps_anomaly,southern_hemisphere,0.0568472270612363,0.0845100862008554,0.027662859139619,48.66175637700035
EC-Earth3-Veg-LR,tos,zonal_mean_crps_anomaly,tropics,0.0986666220205801,0.1360165666650842,0.0373499446445041,37.85469075521162
EC-Earth3-Veg-LR,tos,zonal_mean_crps_bias_adjusted,global,0.170219467304371,0.1528292744248001,-0.0173901928795708,-10.21633609537462
EC-Earth3-Veg-LR,tos,zonal_mean_crps_bias_adjusted,northern_hemisphere,0.2315924132311785,0.2402520268051712,0.0086596135739927,3.739161163862733
EC-Earth3-Veg-LR,tos,zonal_mean_crps_bias_adjusted,southern_hemisphere,0.4747881209408796,0.4472098032633463,-0.0275783176775332,-5.808552586126572
EC-Earth3-Veg-LR,tos,zonal_mean_crps_bias_adjusted,tropics,0.1106822119818793,0.1433337600142867,0.0326515480324074,29.500266978539464
FGOALS-g3,clt,zonal_mean_crps,global,13.083561011376274,12.970645810140107,-0.1129152012361665,-0.863031105507023
FGOALS-g3,clt,zonal_mean_crps,northern_hemisphere,10.67445651248393,10.470050483552658,-0.2044060289312721,-1.9149080676118388
FGOALS-g3,clt,zonal_mean_crps,southern_hemisphere,15.340629299563284,15.339373650887737,-0.0012556486755492,-0.008185118426563
FGOALS-g3,clt,zonal_mean_crps,tropics,11.617721095510785,11.355848201690824,-0.2618728938199606,-2.2540814301451184
FGOALS-g3,clt,zonal_mean_crps_anomaly,global,0.323713315195825,0.3919774542130892,0.0682641390172642,21.08783785306112
FGOALS-g3,clt,zonal_mean_crps_anomaly,northern_hemisphere,0.4663428091842329,0.4516217847446538,-0.014721024439579,-3.1566959218971027
FGOALS-g3,clt,zonal_mean_crps_anomaly,southern_hemisphere,0.455756076725754,0.6246194282053528,0.1688633514795987,37.051256165962286
FGOALS-g3,clt,zonal_mean_crps_anomaly,tropics,0.5110350786861692,0.661685577061562,0.1506504983753928,29.479482849338513
FGOALS-g3,clt,zonal_mean_crps_bias_adjusted,global,0.9107606099065976,0.9419938273995712,0.0312332174929736,3.429355327101465
FGOALS-g3,clt,zonal_mean_crps_bias_adjusted,northern_hemisphere,3.3985402107688603,3.5927374844579716,0.1941972736891113,5.714137884076339
FGOALS-g3,clt,zonal_mean_crps_bias_adjusted,southern_hemisphere,2.300657397026596,2.32958823253138,0.0289308355047843,1.2575029877188588
FGOALS-g3,clt,zonal_mean_crps_bias_adjusted,tropics,1.3282547940030232,1.3656693289946966,0.0374145349916734,2.8168191193886485
FGOALS-g3,pr,zonal_mean_crps,global,8.90193664004106e-07,1.016079654055464e-06,1.2588599005135818e-07,14.141416091990692
FGOALS-g3,pr,zonal_mean_crps,northern_hemisphere,1.448474918282818e-06,1.486143920344509e-06,3.766900206169097e-08,2.6005974688431586
FGOALS-g3,pr,zonal_mean_crps,southern_hemisphere,1.891586965750912e-06,2.265039485690916e-06,3.734525199400039e-07,19.74281524993236
FGOALS-g3,pr,zonal_mean_crps,tropics,2.8393192806998387e-06,2.9021226225723976e-06,6.280334187255892e-08,2.211915450983698
FGOALS-g3,pr,zonal_mean_crps_anomaly,global,3.507465646258348e-07,4.116378572766178e-07,6.089129265078293e-08,17.360481553323208
FGOALS-g3,pr,zonal_mean_crps_anomaly,northern_hemisphere,7.443440326806286e-07,7.52633240874533e-07,8.289208193904386e-09,1.1136259350467566
FGOALS-g3,pr,zonal_mean_crps_anomaly,southern_hemisphere,7.257926562535545e-07,8.124354017354179e-07,8.66427454818634e-08,11.93767183166357
FGOALS-g3,pr,zonal_mean_crps_anomaly,tropics,5.947362361862234e-07,6.887986463753762e-07,9.406241018915282e-08,15.815819596319344
FGOALS-g3,pr,zonal_mean_crps_bias_adjusted,global,5.650986990350674e-07,6.194053596510002e-07,5.4306660615932794e-08,9.610119561178244
FGOALS-g3,pr,zonal_mean_crps_bias_adjusted,northern_hemisphere,1.4261387314346789e-06,1.4384345418605974e-06,1.2295810425918784e-08,0.8621749171309123
FGOALS-g3,pr,zonal_mean_crps_bias_adjusted,southern_hemisphere,1.2330516757787551e-06,1.2674389050307472e-06,3.4387229251992076e-08,2.788790602005729
FGOALS-g3,pr,zonal_mean_crps_bias_adjusted,tropics,8.742373258453617e-07,9.980874393510072e-07,1.238501135056455e-07,14.166646726721044
FGOALS-g3,tas,zonal_mean_crps,global,0.6895318202433155,0.7390696859639206,0.0495378657206051,7.184275513655727
FGOALS-g3,tas,zonal_mean_crps,northern_hemisphere,0.8500776631556078,0.9661621584415752,0.1160844952859674,13.655751740969812
FGOALS-g3,tas,zonal_mean_crps,southern_hemisphere,0.5255739667221839,0.5092804447759304,-0.0162935219462535,-3.1001387012888784
FGOALS-g3,tas,zonal_mean_crps,tropics,0.1505630832224639,0.1720019293675032,0.0214388461450393,14.239112062657815
FGOALS-g3,tas,zonal_mean_crps_anomaly,global,0.0767464240322825,0.1154123635690183,0.0386659395367358,50.381421706985854
FGOALS-g3,tas,zonal_mean_crps_anomaly,northern_hemisphere,0.1055731387202863,0.1304557146523688,0.0248825759320824,23.56904060417134
FGOALS-g3,tas,zonal_mean_crps_anomaly,southern_hemisphere,0.0923363528798326,0.1241386229965927,0.03180227011676,34.441765485526425
FGOALS-g3,tas,zonal_mean_crps_anomaly,tropics,0.114883559982284,0.1527933599452176,0.0379097999629336,32.9984551042635
FGOALS-g3,tas,zonal_mean_crps_bias_adjusted,global,0.141875174846846,0.1515946179580382,0.0097194431111921,6.850700358032551
FGOALS-g3,tas,zonal_mean_crps_bias_adjusted,northern_hemisphere,0.2555559407606706,0.2905976455200295,0.0350417047593589,13.71195075921778
FGOALS-g3,tas,zonal_mean_crps_bias_adjusted,southern_hemisphere,0.3426278430498268,0.3254778971915305,-0.0171499458582963,-5.00541511910996
FGOALS-g3,tas,zonal_mean_crps_bias_adjusted,tropics,0.1452218721239393,0.1765505305093171,0.0313286583853778,21.572961377774025
FGOALS-g3,tos,zonal_mean_crps,global,0.1366548750135633,0.1795945626718026,0.0429396876582392,31.421994754286946
FGOALS-g3,tos,zonal_mean_crps,northern_hemisphere,0.5067782048825864,0.7202823479970296,0.2135041431144432,42.12970113107157
FGOALS-g3,tos,zonal_mean_crps,southern_hemisphere,0.2166412662576746,0.1977103666022971,-0.0189308996553774,-8.738362723960853
FGOALS-g3,tos,zonal_mean_crps,tropics,0.2143754552911829,0.1761672337849935,-0.0382082215061894,-17.823039234735045
FGOALS-g3,tos,zonal_mean_crps_anomaly,global,0.0473434377599645,0.0735713393599898,0.0262279016000253,55.39923343337069
FGOALS-g3,tos,zonal_mean_crps_anomaly,northern_hemisphere,0.0662552727593316,0.0803989710631194,0.0141436983037878,21.34727956696211
FGOALS-g3,tos,zonal_mean_crps_anomaly,southern_hemisphere,0.0470026448920921,0.0787722066596702,0.0317695617675781,67.59100863475699
FGOALS-g3,tos,zonal_mean_crps_anomaly,tropics,0.093226671218872,0.1317459530300564,0.0385192818111843,41.317877499617055
FGOALS-g3,tos,zonal_mean_crps_bias_adjusted,global,0.1333454803184227,0.142996342976888,0.0096508626584653,7.237487641440503
FGOALS-g3,tos,zonal_mean_crps_bias_adjusted,northern_hemisphere,0.2612506089387116,0.2663714991675483,0.0051208902288366,1.9601448010549904
FGOALS-g3,tos,zonal_mean_crps_bias_adjusted,southern_hemisphere,0.1108943895057395,0.113572261068556,0.0026778715628165,2.4147944497028875
FGOALS-g3,tos,zonal_mean_crps_bias_adjusted,tropics,0.1049280431535509,0.1513803199485496,0.0464522767949987,44.27060240418362
FIO-ESM-2-0,clt,zonal_mean_crps,global,1.5781189972377494,1.8654980109608763,0.2873790137231269,18.210224591817152
FIO-ESM-2-0,clt,zonal_mean_crps,northern_hemisphere,0.9146793278530344,0.8031608991487452,-0.111518428704289,-12.192079268485143
FIO-ESM-2-0,clt,zonal_mean_crps,southern_hemisphere,2.8043684301021368,3.2970583256081643,0.4926898955060275,17.56865789164812
FIO-ESM-2-0,clt,zonal_mean_crps,tropics,2.5104086456196044,2.6921823921595376,0.1817737465399331,7.240803080291688
FIO-ESM-2-0,clt,zonal_mean_crps_anomaly,global,0.3093715911334247,0.3863827954605661,0.0770112043271413,24.892784772189454
FIO-ESM-2-0,clt,zonal_mean_crps_anomaly,northern_hemisphere,0.4563096686402487,0.5134280818421898,0.0571184132019411,12.51746722179864
FIO-ESM-2-0,clt,zonal_mean_crps_anomaly,southern_hemisphere,0.4535319087913942,0.5689338847520974,0.1154019759607031,25.445172373479725
FIO-ESM-2-0,clt,zonal_mean_crps_anomaly,tropics,0.5105358390222837,0.6354047163504536,0.1248688773281698,24.458396019230225
FIO-ESM-2-0,clt,zonal_mean_crps_bias_adjusted,global,0.7460359546825538,0.759973689301923,0.0139377346193692,1.868238994633959
FIO-ESM-2-0,clt,zonal_mean_crps_bias_adjusted,northern_hemisphere,0.8924736170557572,0.7519359501344188,-0.1405376669213384,-15.746982794288956
FIO-ESM-2-0,clt,zonal_mean_crps_bias_adjusted,southern_hemisphere,1.1281717154960496,1.1875432477735468,0.0593715322774972,5.26263258172467
FIO-ESM-2-0,clt,zonal_mean_crps_bias_adjusted,tropics,1.363535811000671,1.3673608587010913,0.0038250477004202,0.2805241834912369
FIO-ESM-2-0,pr,zonal_mean_crps,global,3.944645876974892e-06,4.147542377646547e-06,2.0289650067165457e-07,5.143592276710369
FIO-ESM-2-0,pr,zonal_mean_crps,northern_hemisphere,3.1995736398962727e-06,3.286773945280561e-06,8.72003053842882e-08,2.7253726651878263
FIO-ESM-2-0,pr,zonal_mean_crps,southern_hemisphere,4.322703796249048e-06,4.536755351127421e-06,2.140515548783728e-07,4.951797878543339
FIO-ESM-2-0,pr,zonal_mean_crps,tropics,6.845137092276885e-06,7.0115666341924965e-06,1.664295419156114e-07,2.4313544005333023
FIO-ESM-2-0,pr,zonal_mean_crps_anomaly,global,3.503989272714099e-07,3.93581300156904e-07,4.3182372885494095e-08,12.3237742825754
FIO-ESM-2-0,pr,zonal_mean_crps_anomaly,northern_hemisphere,6.794548477709779e-07,7.207004899483001e-07,4.1245642177322214e-08,6.070402222109802
FIO-ESM-2-0,pr,zonal_mean_crps_anomaly,southern_hemisphere,6.60155537805639e-07,7.489697489032781e-07,8.881421109763906e-08,13.453528147754096
FIO-ESM-2-0,pr,zonal_mean_crps_anomaly,tropics,5.527183104182102e-07,7.172727250580291e-07,1.6455441463981893e-07,29.77184065338998
FIO-ESM-2-0,pr,zonal_mean_crps_bias_adjusted,global,5.453527822123252e-07,6.180422512080026e-07,7.268946899567737e-08,13.3288893660355
FIO-ESM-2-0,pr,zonal_mean_crps_bias_adjusted,northern_hemisphere,1.0377284550730937e-06,1.0757564162705737e-06,3.8027961197479795e-08,3.664538734731067
FIO-ESM-2-0,pr,zonal_mean_crps_bias_adjusted,southern_hemisphere,1.3836829871617833e-06,1.456794361186262e-06,7.311137402447858e-08,5.283824019145089
FIO-ESM-2-0,pr,zonal_mean_crps_bias_adjusted,tropics,6.648960190874294e-07,8.553871171052773e-07,1.9049109801784785e-07,28.649757638690197
FIO-ESM-2-0,tas,zonal_mean_crps,global,0.2174084111153128,0.2148765744361737,-0.002531836679139,-1.1645532323936671
FIO-ESM-2-0,tas,zonal_mean_crps,northern_hemisphere,0.1757109913031105,0.1889071158172864,0.0131961245141758,7.510130365955205
FIO-ESM-2-0,tas,zonal_mean_crps,southern_hemisphere,0.4917803905518479,0.4386181682940219,-0.053162222257826,-10.810154955176314
FIO-ESM-2-0,tas,zonal_mean_crps,tropics,0.1257376268623053,0.1687006407974101,0.0429630139351047,34.16878066432197
FIO-ESM-2-0,tas,zonal_mean_crps_anomaly,global,0.0758540154889404,0.1081312467592337,0.0322772312702932,42.55177667555297
FIO-ESM-2-0,tas,zonal_mean_crps_anomaly,northern_hemisphere,0.1103318894761411,0.1381492022443143,0.0278173127681731,25.212395890481453
FIO-ESM-2-0,tas,zonal_mean_crps_anomaly,southern_hemisphere,0.0926926272310513,0.1134334364032721,0.0207408091722208,22.375899563749535
FIO-ESM-2-0,tas,zonal_mean_crps_anomaly,tropics,0.09060792085623,0.1434945041537295,0.0528865832974995,58.36860927580063
FIO-ESM-2-0,tas,zonal_mean_crps_bias_adjusted,global,0.1652350099894552,0.1605519575616049,-0.0046830524278503,-2.834176866118878
FIO-ESM-2-0,tas,zonal_mean_crps_bias_adjusted,northern_hemisphere,0.1360991527672719,0.1760103072867288,0.0399111545194569,29.325057289448765
FIO-ESM-2-0,tas,zonal_mean_crps_bias_adjusted,southern_hemisphere,0.3331493462576488,0.3286175331760698,-0.0045318130815789,-1.360294754435501
FIO-ESM-2-0,tas,zonal_mean_crps_bias_adjusted,tropics,0.1215162043838973,0.159135788290565,0.0376195839066676,30.958491583409607
FIO-ESM-2-0,tos,zonal_mean_crps,global,0.0968453654536494,0.091036574045817,-0.0058087914078324,-5.998006596002273
FIO-ESM-2-0,tos,zonal_mean_crps,northern_hemisphere,0.0886135436870433,0.1877758979797363,0.0991623542926929,111.90428704996248
FIO-ESM-2-0,tos,zonal_mean_crps,southern_hemisphere,0.1696061699478714,0.180806259755735,0.0112000898078635,6.6035863030843345
FIO-ESM-2-0,tos,zonal_mean_crps,tropics,0.0838907506730821,0.1529040601518419,0.0690133094787597,82.26569547303377
FIO-ESM-2-0,tos,zonal_mean_crps_anomaly,global,0.0441258501123499,0.064137946234809,0.0200120961224591,45.35231858764383
FIO-ESM-2-0,tos,zonal_mean_crps_anomaly,northern_hemisphere,0.0621322896745469,0.0725095219082302,0.0103772322336832,16.70183456627767
FIO-ESM-2-0,tos,zonal_mean_crps_anomaly,southern_hemisphere,0.0448721196916368,0.0639577326951203,0.0190856130034835,42.533343944169985
FIO-ESM-2-0,tos,zonal_mean_crps_anomaly,tropics,0.081042100765087,0.1301533893302635,0.0491112885651764,60.59972298538153
FIO-ESM-2-0,tos,zonal_mean_crps_bias_adjusted,global,0.079842221295392,0.0895157919989691,0.0096735707035771,12.115858685579193
FIO-ESM-2-0,tos,zonal_mean_crps_bias_adjusted,northern_hemisphere,0.0768480636455394,0.0889177922849302,0.0120697286393907,15.705963256357608
FIO-ESM-2-0,tos,zonal_mean_crps_bias_adjusted,southern_hemisphere,0.1129601054721408,0.1157582627402411,0.0027981572681003,2.477119914508596
FIO-ESM-2-0,tos,zonal_mean_crps_bias_adjusted,tropics,0.082641440850717,0.1312443715554696,0.0486029307047525,58.81181427190818
GFDL-ESM4,pr,zonal_mean_crps,global,2.785926770027598e-06,2.9925694350283643e-06,2.0664266500076697e-07,7.417376049648279
GFDL-ESM4,pr,zonal_mean_crps,northern_hemisphere,2.6636755996555117e-06,2.382091590199572e-06,-2.815840094559395e-07,-10.571257607058318
GFDL-ESM4,pr,zonal_mean_crps,southern_hemisphere,3.370891243792829e-06,3.751288724945173e-06,3.803974811523434e-07,11.284774667613757
GFDL-ESM4,pr,zonal_mean_crps,tropics,4.53388768248799e-06,4.618105237939205e-06,8.421755545121468e-08,1.857513051690772
GFDL-ESM4,pr,zonal_mean_crps_anomaly,global,3.3328681604837546e-07,3.996653857838182e-07,6.63785697354427e-08,19.91635028425729
GFDL-ESM4,pr,zonal_mean_crps_anomaly,northern_hemisphere,6.890715077908546e-07,7.283157258455132e-07,3.9244218054658587e-08,5.695231570446808
GFDL-ESM4,pr,zonal_mean_crps_anomaly,southern_hemisphere,6.781073184188077e-07,8.22388697256597e-07,1.4428137883778934e-07,21.277071478039897
GFDL-ESM4,pr,zonal_mean_crps_anomaly,tropics,5.708913839178557e-07,7.019206990393017e-07,1.3102931512144605e-07,22.95170654393683
GFDL-ESM4,pr,zonal_mean_crps_bias_adjusted,global,5.113897579441848e-07,5.375304934002796e-07,2.6140735456094857e-08,5.1117049276039594
GFDL-ESM4,pr,zonal_mean_crps_bias_adjusted,northern_hemisphere,2.1940212701776075e-06,1.9494791373559835e-06,-2.4454213282162397e-07,-11.145841480462408
GFDL-ESM4,pr,zonal_mean_crps_bias_adjusted,southern_hemisphere,1.7813813462486936e-06,1.853017725066079e-06,7.163637881738543e-08,4.021394911776767
GFDL-ESM4,pr,zonal_mean_crps_bias_adjusted,tropics,6.448672576408609e-07,8.074578309552399e-07,1.625905733143791e-07,25.213029718579527
GFDL-ESM4,tas,zonal_mean_crps,global,0.4456796740256166,0.4941375532643451,0.0484578792387285,10.872804407037703
GFDL-ESM4,tas,zonal_mean_crps,northern_hemisphere,0.4321023640975049,0.4970661466719003,0.0649637825743953,15.034350184609536
GFDL-ESM4,tas,zonal_mean_crps,southern_hemisphere,0.5015732081609826,0.5318709490581859,0.0302977408972032,6.040542119123526
GFDL-ESM4,tas,zonal_mean_crps,tropics,0.362399725812569,0.4115768736565394,0.0491771478439703,13.569863424622042
GFDL-ESM4,tas,zonal_mean_crps_anomaly,global,0.0799182173187887,0.1255012051626057,0.045582987843817,57.0370428334123
GFDL-ESM4,tas,zonal_mean_crps_anomaly,northern_hemisphere,0.1080073105404596,0.1520894376110393,0.0440821270705796,40.814021615755706
GFDL-ESM4,tas,zonal_mean_crps_anomaly,southern_hemisphere,0.0918623167814525,0.1229589177378822,0.0310966009564296,33.85131362450924
GFDL-ESM4,tas,zonal_mean_crps_anomaly,tropics,0.1057424428460577,0.1496147933155128,0.043872350469455,41.48982120010737
GFDL-ESM4,tas,zonal_mean_crps_bias_adjusted,global,0.1696468216647491,0.1715634472813705,0.0019166256166213,1.1297739608755484
GFDL-ESM4,tas,zonal_mean_crps_bias_adjusted,northern_hemisphere,0.1829698383202765,0.2056978624116481,0.0227280240913716,12.421732619989411
GFDL-ESM4,tas,zonal_mean_crps_bias_adjusted,southern_hemisphere,0.4088470008875616,0.4034885432152169,-0.0053584576723447,-1.3106266306740906
GFDL-ESM4,tas,zonal_mean_crps_bias_adjusted,tropics,0.1491072991453219,0.1768486304647823,0.0277413313194603,18.60494521627897
GFDL-ESM4,tos,zonal_mean_crps,global,0.1364779419369167,0.0961804955093949,-0.0402974464275218,-29.52671021823311
GFDL-ESM4,tos,zonal_mean_crps,northern_hemisphere,0.2086945798661973,0.279969815854673,0.0712752359884756,34.152892726861005
GFDL-ESM4,tos,zonal_mean_crps,southern_hemisphere,0.3129826695830733,0.2684789375022606,-0.0445037320808127,-14.219232055275308
GFDL-ESM4,tos,zonal_mean_crps,tropics,0.1458086843843813,0.1382641174175121,-0.0075445669668692,-5.174291914588718
GFDL-ESM4,tos,zonal_mean_crps_anomaly,global,0.056802080295704,0.0810296305903682,0.0242275502946641,42.65257569535973
GFDL-ESM4,tos,zonal_mean_crps_anomaly,northern_hemisphere,0.0754431636245162,0.1000375959608289,0.0245944323363127,32.599948298457186
GFDL-ESM4,tos,zonal_mean_crps_anomaly,southern_hemisphere,0.0490835198649653,0.0747305110648826,0.0256469911999172,52.25173596041031
GFDL-ESM4,tos,zonal_mean_crps_anomaly,tropics,0.0943772086390742,0.139125359499896,0.0447481508608217,47.41414956650353
GFDL-ESM4,tos,zonal_mean_crps_bias_adjusted,global,0.0826457465136492,0.0949505911933051,0.0123048446796558,14.888660576892072
GFDL-ESM4,tos,zonal_mean_crps_bias_adjusted,northern_hemisphere,0.2008174172154179,0.2189751907631203,0.0181577735477023,9.041931621012948
GFDL-ESM4,tos,zonal_mean_crps_bias_adjusted,southern_hemisphere,0.2657559068114669,0.249932176095468,-0.0158237307159989,-5.954234811128633
GFDL-ESM4,tos,zonal_mean_crps_bias_adjusted,tropics,0.0976233040844952,0.1385073043681957,0.0408840002837004,41.87934496492191
IPSL-CM6A-LR,clt,zonal_mean_crps,global,4.881653171115452,5.279689965424714,0.3980367943092622,8.153729491976819
IPSL-CM6A-LR,clt,zonal_mean_crps,northern_hemisphere,6.51323752226653,6.8173484872888634,0.3041109650223337,4.669121369866866
IPSL-CM6A-LR,clt,zonal_mean_crps,southern_hemisphere,2.9682850978992605,3.43200588579531,0.4637207878960501,15.622515108950903
IPSL-CM6A-LR,clt,zonal_mean_crps,tropics,11.15038025467484,11.25676970658479,0.1063894519099477,0.9541329486529714
IPSL-CM6A-LR,clt,zonal_mean_crps_anomaly,global,0.3238923178778755,0.4048597618385597,0.0809674439606841,24.99826006716626
IPSL-CM6A-LR,clt,zonal_mean_crps_anomaly,northern_hemisphere,0.4768527772691515,0.4978945343582719,0.0210417570891204,4.41263175809161
IPSL-CM6A-LR,clt,zonal_mean_crps_anomaly,southern_hemisphere,0.4996814056679054,0.5890531575238264,0.0893717518559209,17.885746966401737
IPSL-CM6A-LR,clt,zonal_mean_crps_anomaly,tropics,0.5614545610215929,0.6722236103481717,0.1107690493265788,19.728942823980155
IPSL-CM6A-LR,clt,zonal_mean_crps_bias_adjusted,global,0.9358811413800276,0.9138693632902922,-0.0220117780897353,-2.351984361740347
IPSL-CM6A-LR,clt,zonal_mean_crps_bias_adjusted,northern_hemisphere,2.796202196898284,2.6388760813960324,-0.1573261155022516,-5.6264212822937925
IPSL-CM6A-LR,clt,zonal_mean_crps_bias_adjusted,southern_hemisphere,1.013125207689073,0.9926307254367404,-0.0204944822523329,-2.022897278321664
IPSL-CM6A-LR,clt,zonal_mean_crps_bias_adjusted,tropics,0.8987520147252965,0.9655876406916868,0.0668356259663901,7.436492477495969
IPSL-CM6A-LR,od550aer,zonal_mean_crps,global,0.0654592514934915,0.0705006660962546,0.0050414146027631,7.701607469899627
IPSL-CM6A-LR,od550aer,zonal_mean_crps,northern_hemisphere,0.0742219268861744,0.0724336715829041,-0.0017882553032703,-2.40933559433554
IPSL-CM6A-LR,od550aer,zonal_mean_crps,southern_hemisphere,0.0587316432933288,0.0695166672062542,0.0107850239129254,18.36322518520517
IPSL-CM6A-LR,od550aer,zonal_mean_crps,tropics,0.0661674688949629,0.068318389383731,0.0021509204887681,3.2507220310673053
IPSL-CM6A-LR,od550aer,zonal_mean_crps_anomaly,global,0.006019003185685,0.0080472115703203,0.0020282083846352,33.69674881480293
IPSL-CM6A-LR,od550aer,zonal_mean_crps_anomaly,northern_hemisphere,0.010184916867702,0.0117490016406884,0.0015640847729863,15.356873240137508
IPSL-CM6A-LR,od550aer,zonal_mean_crps_anomaly,southern_hemisphere,0.0046419350878783,0.0091508391416735,0.0045089040537951,97.13414704073162
IPSL-CM6A-LR,od550aer,zonal_mean_crps_anomaly,tropics,0.0078707690178244,0.0100396293456907,0.0021688603278663,27.55588841388517
IPSL-CM6A-LR,od550aer,zonal_mean_crps_bias_adjusted,global,0.0073927747568598,0.0106162716669064,0.0032234969100466,43.60334266988892
IPSL-CM6A-LR,od550aer,zonal_mean_crps_bias_adjusted,northern_hemisphere,0.0190660857078101,0.0182617243379354,-0.0008043613698747,-4.218807059832135
IPSL-CM6A-LR,od550aer,zonal_mean_crps_bias_adjusted,southern_hemisphere,0.0235121366395442,0.0244210378370351,0.0009089011974908,3.865668235196517
IPSL-CM6A-LR,od550aer,zonal_mean_crps_bias_adjusted,tropics,0.0116478944818178,0.0123699586010641,0.0007220641192462,6.199095642336024
IPSL-CM6A-LR,pr,zonal_mean_crps,global,3.709770842558808e-06,3.915772755068179e-06,2.0600191250937085e-07,5.552955189201967
IPSL-CM6A-LR,pr,zonal_mean_crps,northern_hemisphere,2.4091349587251897e-06,2.349558312912618e-06,-5.9576645812571545e-08,-2.472947627811475
IPSL-CM6A-LR,pr,zonal_mean_crps,southern_hemisphere,4.826376809635096e-06,5.371657642980508e-06,5.452808333454115e-07,11.297933312145144
IPSL-CM6A-LR,pr,zonal_mean_crps,tropics,5.477426114979338e-06,5.719540476329038e-06,2.421143613497006e-07,4.420221400843376
IPSL-CM6A-LR,pr,zonal_mean_crps_anomaly,global,3.2753972913336905e-07,4.016808125689514e-07,7.414108343558231e-08,22.635752808293137
IPSL-CM6A-LR,pr,zonal_mean_crps_anomaly,northern_hemisphere,6.132961600626542e-07,6.802542817173094e-07,6.695812165465511e-08,10.917746761664818
IPSL-CM6A-LR,pr,zonal_mean_crps_anomaly,southern_hemisphere,6.68467853554628e-07,7.273735095454699e-07,5.8905655990841954e-08,8.812040201724988
IPSL-CM6A-LR,pr,zonal_mean_crps_anomaly,tropics,5.276262729441644e-07,6.998814637039754e-07,1.72255190759811e-07,32.647197380567086
IPSL-CM6A-LR,pr,zonal_mean_crps_bias_adjusted,global,4.548914620062095e-07,4.7073462560042066e-07,1.5843163594211136e-08,3.482844792104466
IPSL-CM6A-LR,pr,zonal_mean_crps_bias_adjusted,northern_hemisphere,1.088766367940008e-06,1.1342956457627695e-06,4.5529277822761466e-08,4.18173073337164
IPSL-CM6A-LR,pr,zonal_mean_crps_bias_adjusted,southern_hemisphere,1.3804005986996882e-06,1.4565768533766795e-06,7.617625467699136e-08,5.518416519722461
IPSL-CM6A-LR,pr,zonal_mean_crps_bias_adjusted,tropics,6.836783642130386e-07,9.181538324035636e-07,2.344754681905249e-07,34.296166218514536
IPSL-CM6A-LR,tas,zonal_mean_crps,global,0.6440646740282835,0.6728744806201007,0.0288098065918172,4.4731232364643
IPSL-CM6A-LR,tas,zonal_mean_crps,northern_hemisphere,0.6580362073803714,0.7324004915127579,0.0743642841323865,11.30094108779047
IPSL-CM6A-LR,tas,zonal_mean_crps,southern_hemisphere,0.8154128673848885,0.7857563471582786,-0.0296565202266099,-3.6369943880970848
IPSL-CM6A-LR,tas,zonal_mean_crps,tropics,0.6050641455520924,0.658291254337015,0.0532271087849225,8.79693651924381
IPSL-CM6A-LR,tas,zonal_mean_crps_anomaly,global,0.1024257877124985,0.1093431843101483,0.0069173965976497,6.753569342387101
IPSL-CM6A-LR,tas,zonal_mean_crps_anomaly,northern_hemisphere,0.1354683112458416,0.1429997177881428,0.0075314065423011,5.55953379283923
IPSL-CM6A-LR,tas,zonal_mean_crps_anomaly,southern_hemisphere,0.1052493947240036,0.1259488888902675,0.0206994941662638,19.667090932488797
IPSL-CM6A-LR,tas,zonal_mean_crps_anomaly,tropics,0.1126710623477451,0.123796225706014,0.0111251633582689,9.874020113463116
IPSL-CM6A-LR,tas,zonal_mean_crps_bias_adjusted,global,0.1316204134576112,0.1302536739233835,-0.0013667395342276,-1.038394803909242
IPSL-CM6A-LR,tas,zonal_mean_crps_bias_adjusted,northern_hemisphere,0.5332586519940417,0.5903159102514445,0.0570572582574028,10.699734180410513
IPSL-CM6A-LR,tas,zonal_mean_crps_bias_adjusted,southern_hemisphere,0.5685345118611715,0.5350815060206016,-0.0334530058405699,-5.884076541115723
IPSL-CM6A-LR,tas,zonal_mean_crps_bias_adjusted,tropics,0.1389250311278586,0.1515106610048046,0.0125856298769459,9.05929606404974
IPSL-CM6A-LR,tos,zonal_mean_crps,global,0.1142165837464509,0.1261829729433413,0.0119663891968903,10.47692795947612
IPSL-CM6A-LR,tos,zonal_mean_crps,northern_hemisphere,0.5065315741079826,0.5976233782591645,0.0910918041511819,17.983440481789774
IPSL-CM6A-LR,tos,zonal_mean_crps,southern_hemisphere,0.294860823949178,0.2862530964392203,-0.0086077275099577,-2.919250985828274
IPSL-CM6A-LR,tos,zonal_mean_crps,tropics,0.1283429198794894,0.2098615452095314,0.0815186253300419,63.51626206306176
IPSL-CM6A-LR,tos,zonal_mean_crps_anomaly,global,0.0639873840190746,0.0638148766976815,-0.000172507321393,-0.2695958336749868
IPSL-CM6A-LR,tos,zonal_mean_crps_anomaly,northern_hemisphere,0.0938827444005895,0.0720539534533465,-0.021828790947243,-23.251121477767473
IPSL-CM6A-LR,tos,zonal_mean_crps_anomaly,southern_hemisphere,0.0518665419684516,0.0700611458884345,0.0181946039199829,35.07965487857276
IPSL-CM6A-LR,tos,zonal_mean_crps_anomaly,tropics,0.1093412452273898,0.114121784987273,0.0047805397598831,4.372128513756549
IPSL-CM6A-LR,tos,zonal_mean_crps_bias_adjusted,global,0.1128325444680673,0.1136285287362558,0.0007959842681884,0.7054562776555748
IPSL-CM6A-LR,tos,zonal_mean_crps_bias_adjusted,northern_hemisphere,0.4732101864284939,0.5032866354341861,0.0300764490056921,6.355832961393147
IPSL-CM6A-LR,tos,zonal_mean_crps_bias_adjusted,southern_hemisphere,0.3064590171531395,0.2974313815434773,-0.0090276356096621,-2.945788867145967
IPSL-CM6A-LR,tos,zonal_mean_crps_bias_adjusted,tropics,0.1164638289698848,0.1232810355998851,0.0068172066300003,5.853496909983245
KACE-1-0-G,clt,zonal_mean_crps,global,1.3981039331834604,1.1489230408708897,-0.2491808923125706,-17.822773142851386
KACE-1-0-G,clt,zonal_mean_crps,northern_hemisphere,3.14046308862803,2.6297981597863327,-0.5106649288416971,-16.260816141761776
KACE-1-0-G,clt,zonal_mean_crps,southern_hemisphere,1.4194941864213697,1.416753625774578,-0.0027405606467916,-0.1930660000588478
KACE-1-0-G,clt,zonal_mean_crps,tropics,3.0429409847729727,3.634640179887625,0.5916991951146522,19.444977673755233
KACE-1-0-G,clt,zonal_mean_crps_anomaly,global,0.3719749924149199,0.4868313619982343,0.1148563695833143,30.87744389418461
KACE-1-0-G,clt,zonal_mean_crps_anomaly,northern_hemisphere,0.5697022581081583,0.6230532959818456,0.0533510378736872,9.364722908217525
KACE-1-0-G,clt,zonal_mean_crps_anomaly,southern_hemisphere,0.4983683555120276,0.6331537661833639,0.1347854106713363,27.045338890519385
KACE-1-0-G,clt,zonal_mean_crps_anomaly,tropics,0.6867267456093522,0.8201899077154053,0.1334631621060531,19.434682420535037
KACE-1-0-G,clt,zonal_mean_crps_bias_adjusted,global,1.0402010370979753,1.136800560214048,0.0965995231160727,9.286620534966278
KACE-1-0-G,clt,zonal_mean_crps_bias_adjusted,northern_hemisphere,2.424144748442516,2.382551726151225,-0.0415930222912912,-1.71578130051905
KACE-1-0-G,clt,zonal_mean_crps_bias_adjusted,southern_hemisphere,1.4186160570733952,1.290549911561371,-0.1280661455120242,-9.027540952569272
KACE-1-0-G,clt,zonal_mean_crps_bias_adjusted,tropics,0.9538542430903096,1.0605605664350208,0.1067063233447113,11.18685838194762
KACE-1-0-G,od550aer,zonal_mean_crps,global,0.0535004778461971,0.0314207408463424,-0.0220797369998546,-41.2701678353778
KACE-1-0-G,od550aer,zonal_mean_crps,northern_hemisphere,0.075198018937159,0.041851180958055,-0.0333468379791039,-44.34536767114971
KACE-1-0-G,od550aer,zonal_mean_crps,southern_hemisphere,0.0271932029312646,0.0216108698566694,-0.0055823330745951,-20.52841325350835
KACE-1-0-G,od550aer,zonal_mean_crps,tropics,0.0730115856311646,0.0601673824910002,-0.0128442031401643,-17.592006842653536
KACE-1-0-G,od550aer,zonal_mean_crps_anomaly,global,0.0059212746469441,0.0074139704359478,0.0014926957890037,25.20902808948538
KACE-1-0-G,od550aer,zonal_mean_crps_anomaly,northern_hemisphere,0.0093019518097181,0.0096297099819524,0.0003277581722342,3.523541929037557
KACE-1-0-G,od550aer,zonal_mean_crps_anomaly,southern_hemisphere,0.003888889930391,0.0083454907134047,0.0044566007830136,114.5982751578017
KACE-1-0-G,od550aer,zonal_mean_crps_anomaly,tropics,0.0073290129237975,0.007905009885986,0.0005759969621884,7.85913421326037
KACE-1-0-G,od550aer,zonal_mean_crps_bias_adjusted,global,0.0147701039231862,0.0127381624184615,-0.0020319415047247,-13.757123953169998
KACE-1-0-G,od550aer,zonal_mean_crps_bias_adjusted,northern_hemisphere,0.0222466994447028,0.0173433190649778,-0.0049033803797249,-22.040934170540456
KACE-1-0-G,od550aer,zonal_mean_crps_bias_adjusted,southern_hemisphere,0.0123896269911302,0.014502611051994,0.0021129840608638,17.054460657907807
KACE-1-0-G,od550aer,zonal_mean_crps_bias_adjusted,tropics,0.0153094620064679,0.0149887299441219,-0.0003207320623459,-2.0949923792911607
KACE-1-0-G,pr,zonal_mean_crps,global,3.785264774001507e-06,4.196989072781009e-06,4.117242987795021e-07,10.877027720950071
KACE-1-0-G,pr,zonal_mean_crps,northern_hemisphere,2.190963114258256e-06,2.2794230780410957e-06,8.845996378283994e-08,4.037492151609672
KACE-1-0-G,pr,zonal_mean_crps,southern_hemisphere,5.745760245241174e-06,6.074892957130295e-06,3.291327118891209e-07,5.728270896122394
KACE-1-0-G,pr,zonal_mean_crps,tropics,6.188993696067205e-06,6.667119558165922e-06,4.781258620987172e-07,7.7254217014721185
KACE-1-0-G,pr,zonal_mean_crps_anomaly,global,3.333149086827943e-07,4.338324609754829e-07,1.0051755229268865e-07,30.156932580638983
KACE-1-0-G,pr,zonal_mean_crps_anomaly,northern_hemisphere,7.810864607604945e-07,7.963969711912085e-07,1.5310510430714023e-08,1.9601556549587544
KACE-1-0-G,pr,zonal_mean_crps_anomaly,southern_hemisphere,6.958693822922265e-07,8.595153545260797e-07,1.636459722338532e-07,23.516765703183506
KACE-1-0-G,pr,zonal_mean_crps_anomaly,tropics,5.427120616940229e-07,7.062414494316912e-07,1.635293877376683e-07,30.131887474036816
KACE-1-0-G,pr,zonal_mean_crps_bias_adjusted,global,5.172755778990983e-07,6.298061931278435e-07,1.1253061522874525e-07,21.754480597322125
KACE-1-0-G,pr,zonal_mean_crps_bias_adjusted,northern_hemisphere,1.8870784455676192e-06,1.8293362098755449e-06,-5.774223569207453e-08,-3.059874687652747
KACE-1-0-G,pr,zonal_mean_crps_bias_adjusted,southern_hemisphere,2.198115449735901e-06,2.234233940754279e-06,3.6118491018377876e-08,1.6431571427568754
KACE-1-0-G,pr,zonal_mean_crps_bias_adjusted,tropics,6.573935439279442e-07,8.475986972309147e-07,1.902051533029705e-07,28.933225015641252
KACE-1-0-G,tas,zonal_mean_crps,global,0.1687038827331949,0.3824856444990795,0.2137817617658846,126.72011947939588
KACE-1-0-G,tas,zonal_mean_crps,northern_hemisphere,0.224106274962341,0.4156346382606684,0.1915283632983273,85.46318630770683
KACE-1-0-G,tas,zonal_mean_crps,southern_hemisphere,0.4829986531693278,0.5188183421321394,0.0358196889628115,7.41610535097166
KACE-1-0-G,tas,zonal_mean_crps,tropics,0.4549475585891413,0.5145443620982781,0.0595968035091368,13.09970839143641
KACE-1-0-G,tas,zonal_mean_crps_anomaly,global,0.078783296140654,0.1411379849335855,0.0623546887929315,79.14709316249976
KACE-1-0-G,tas,zonal_mean_crps_anomaly,northern_hemisphere,0.1088098379746237,0.2030222844855866,0.0942124465109628,86.58449296922464
KACE-1-0-G,tas,zonal_mean_crps_anomaly,southern_hemisphere,0.1003482744452963,0.1128706815372011,0.0125224070919048,12.478946111555985
KACE-1-0-G,tas,zonal_mean_crps_anomaly,tropics,0.1106672315017449,0.1720079214317508,0.0613406899300059,55.42805137312823
KACE-1-0-G,tas,zonal_mean_crps_bias_adjusted,global,0.1305499382792463,0.1526114194945635,0.0220614812153172,16.898882914925395
KACE-1-0-G,tas,zonal_mean_crps_bias_adjusted,northern_hemisphere,0.226627251662988,0.3221205003731144,0.0954932487101264,42.13670157026488
KACE-1-0-G,tas,zonal_mean_crps_bias_adjusted,southern_hemisphere,0.3624386057888023,0.3399056402895861,-0.0225329654992162,-6.217043421788928
KACE-1-0-G,tas,zonal_mean_crps_bias_adjusted,tropics,0.1170006758802312,0.171895017217774,0.0548943413375428,46.917969425865465
MIROC6,clt,zonal_mean_crps,global,6.475458590189616,6.696892840773971,0.2214342505843554,3.4195917941600382
MIROC6,clt,zonal_mean_crps,northern_hemisphere,6.7860617602313,6.844517252180312,0.0584554919490116,0.8614052452569962
MIROC6,clt,zonal_mean_crps,southern_hemisphere,6.057599812966806,6.426227785039831,0.3686279720730256,6.0853800755201135
MIROC6,clt,zonal_mean_crps,tropics,3.236106148472538,3.323646757337782,0.0875406088652437,2.7051216755224
MIROC6,clt,zonal_mean_crps_anomaly,global,0.3255586270932797,0.3683723131815592,0.0428136860882794,13.150837522119293
MIROC6,clt,zonal_mean_crps_anomaly,northern_hemisphere,0.4342103251704464,0.4559458238107186,0.0217354986402722,5.005753520886478
MIROC6,clt,zonal_mean_crps_anomaly,southern_hemisphere,0.469637245602078,0.6287924272042734,0.1591551816021954,33.88896070160651
MIROC6,clt,zonal_mean_crps_anomaly,tropics,0.5077134132385255,0.6639522764417859,0.1562388632032604,30.77304225757354
MIROC6,clt,zonal_mean_crps_bias_adjusted,global,0.6357074172408493,0.7128993210969147,0.0771919038560653,12.142677867610876
MIROC6,clt,zonal_mean_crps_bias_adjusted,northern_hemisphere,1.8139428032769096,2.0841588196931062,0.2702160164161964,14.896611730427656
MIROC6,clt,zonal_mean_crps_bias_adjusted,southern_hemisphere,0.8189838939242893,0.9606497941193758,0.1416659001950865,17.297763881078566
MIROC6,clt,zonal_mean_crps_bias_adjusted,tropics,0.9266092194451224,1.0370294288352684,0.1104202093901458,11.91658868409148
MIROC6,pr,zonal_mean_crps,global,5.368215641754904e-06,5.514047656847483e-06,1.4583201509257917e-07,2.716582656595847
MIROC6,pr,zonal_mean_crps,northern_hemisphere,4.156835728752884e-06,4.1907061316763895e-06,3.387040292350541e-08,0.8148121584219318
MIROC6,pr,zonal_mean_crps,southern_hemisphere,6.169714429739139e-06,6.3897262676888475e-06,2.2001183794970866e-07,3.5659971049747754
MIROC6,pr,zonal_mean_crps,tropics,7.146267051683498e-06,7.28337992296912e-06,1.371128712856226e-07,1.9186642521751545
MIROC6,pr,zonal_mean_crps_anomaly,global,3.655444709659571e-07,4.345780224765703e-07,6.903355151061321e-08,18.88513080999172
MIROC6,pr,zonal_mean_crps_anomaly,northern_hemisphere,6.783614009219929e-07,7.260456068588949e-07,4.7684205936901946e-08,7.029321814609749
MIROC6,pr,zonal_mean_crps_anomaly,southern_hemisphere,6.858277865157342e-07,8.294243074218415e-07,1.4359652090610732e-07,20.93769364983478
MIROC6,pr,zonal_mean_crps_anomaly,tropics,6.441110869033123e-07,7.009927146470916e-07,5.68816277437793e-08,8.831027582097468
MIROC6,pr,zonal_mean_crps_bias_adjusted,global,7.036490488745686e-07,7.420312646933814e-07,3.838221581881287e-08,5.454738534813941
MIROC6,pr,zonal_mean_crps_bias_adjusted,northern_hemisphere,8.725633051653858e-07,9.1424727475829e-07,4.168396959290404e-08,4.777185717774741
MIROC6,pr,zonal_mean_crps_bias_adjusted,southern_hemisphere,9.448620521315778e-07,9.87842821376506e-07,4.298076924492822e-08,4.548893581657239
MIROC6,pr,zonal_mean_crps_bias_adjusted,tropics,7.070554770675866e-07,8.032188007847355e-07,9.61633237171489e-08,13.600534446882836
MIROC6,tas,zonal_mean_crps,global,1.1306612405121872,0.9646308403377334,-0.1660304001744538,-14.684362939623046
MIROC6,tas,zonal_mean_crps,northern_hemisphere,0.9461987090002462,0.7178605023113143,-0.2283382066889319,-24.132162147018157
MIROC6,tas,zonal_mean_crps,southern_hemisphere,1.3548971679240636,1.2594217091897713,-0.0954754587342923,-7.046694095654299
MIROC6,tas,zonal_mean_crps,tropics,0.4654907069839495,0.3786207007609896,-0.0868700062229599,-18.66202803184109
MIROC6,tas,zonal_mean_crps_anomaly,global,0.1296976840872893,0.1283285421518807,-0.0013691419354086,-1.055641004728458
MIROC6,tas,zonal_mean_crps_anomaly,northern_hemisphere,0.1549746814584847,0.1611798908487612,0.0062052093902764,4.004014934490279
MIROC6,tas,zonal_mean_crps_anomaly,southern_hemisphere,0.1380796973573407,0.1250680427367342,-0.0130116546206064,-9.42329311957661
MIROC6,tas,zonal_mean_crps_anomaly,tropics,0.2244020603697765,0.2061039700754461,-0.0182980902943304,-8.154154317557664
MIROC6,tas,zonal_mean_crps_bias_adjusted,global,0.1588049624583945,0.1790068411459182,0.0202018786875237,12.72118854145788
MIROC6,tas,zonal_mean_crps_bias_adjusted,northern_hemisphere,0.2473720435388849,0.2780800519426066,0.0307080084037216,12.413693950381486
MIROC6,tas,zonal_mean_crps_bias_adjusted,southern_hemisphere,0.1801163692751406,0.1885497683545145,0.0084333990793739,4.68219469075089
MIROC6,tas,zonal_mean_crps_bias_adjusted,tropics,0.2638825973864137,0.2653423886536301,0.0014597912672163,0.5531972481984926
MIROC6,tos,zonal_mean_crps,global,0.2321144139325177,0.1077868143717448,-0.1243275995607729,-53.563067219478455
MIROC6,tos,zonal_mean_crps,northern_hemisphere,0.3978326161702474,0.6713606940375434,0.273528077867296,68.7545632885573
MIROC6,tos,zonal_mean_crps,southern_hemisphere,0.7611491945054796,0.644949307265105,-0.1161998872403745,-15.266374592417442
MIROC6,tos,zonal_mean_crps,tropics,0.2796943346659342,0.4677063041263156,0.1880119694603813,67.2205140246913
MIROC6,tos,zonal_mean_crps_anomaly,global,0.0967019999468768,0.0800496772483543,-0.0166523226985224,-17.22024643510003
MIROC6,tos,zonal_mean_crps_anomaly,northern_hemisphere,0.1137524922688802,0.1079816005848072,-0.0057708916840729,-5.073200216512309
MIROC6,tos,zonal_mean_crps_anomaly,southern_hemisphere,0.0891033349213776,0.0750844619892261,-0.0140188729321515,-15.73327524106856
MIROC6,tos,zonal_mean_crps_anomaly,tropics,0.1886407887494122,0.1724102850313539,-0.0162305037180583,-8.603920618471692
MIROC6,tos,zonal_mean_crps_bias_adjusted,global,0.0980199248702437,0.0827676384537308,-0.0152522864165129,-15.560393906344572
MIROC6,tos,zonal_mean_crps_bias_adjusted,northern_hemisphere,0.1350867200780797,0.1340054123489945,-0.0010813077290852,-0.8004544994950464
MIROC6,tos,zonal_mean_crps_bias_adjusted,southern_hemisphere,0.0998455029946786,0.0913064020651358,-0.0085391009295428,-8.552313998556286
MIROC6,tos,zonal_mean_crps_bias_adjusted,tropics,0.19174277694137,0.1798235628339979,-0.0119192141073721,-6.21625194831548
MPI-ESM1-2-LR,clt,zonal_mean_crps,global,3.71747216825132,3.991368770599365,0.2738966023480449,7.367818505468043
MPI-ESM1-2-LR,clt,zonal_mean_crps,northern_hemisphere,2.1361874050564236,2.354407126815231,0.2182197217588073,10.21538284713571
MPI-ESM1-2-LR,clt,zonal_mean_crps,southern_hemisphere,5.270638483541983,5.604683116630271,0.334044633088288,6.337839981462793
MPI-ESM1-2-LR,clt,zonal_mean_crps,tropics,5.6408507947568545,5.745474720001221,0.1046239252443665,1.8547543455964848
MPI-ESM1-2-LR,clt,zonal_mean_crps_anomaly,global,0.3130219636140046,0.3866987687570077,0.073676805143003,23.53726374097372
MPI-ESM1-2-LR,clt,zonal_mean_crps_anomaly,northern_hemisphere,0.4767576924076787,0.5105399873521593,0.0337822949444805,7.085841609366867
MPI-ESM1-2-LR,clt,zonal_mean_crps_anomaly,southern_hemisphere,0.4939723791899504,0.5768559173301414,0.0828835381401909,16.7789823139725
MPI-ESM1-2-LR,clt,zonal_mean_crps_anomaly,tropics,0.5145285782990633,0.642199745884648,0.1276711675855847,24.81323156191675
MPI-ESM1-2-LR,clt,zonal_mean_crps_bias_adjusted,global,0.739853173715097,0.7638832233570241,0.0240300496419271,3.247948443778742
MPI-ESM1-2-LR,clt,zonal_mean_crps_bias_adjusted,northern_hemisphere,1.4749007013108997,1.762072245279948,0.2871715439690483,19.47056799917504
MPI-ESM1-2-LR,clt,zonal_mean_crps_bias_adjusted,southern_hemisphere,1.521506630932843,1.465346304575602,-0.0561603263572412,-3.6910996781400183
MPI-ESM1-2-LR,clt,zonal_mean_crps_bias_adjusted,tropics,1.134377740930628,1.2087687457049334,0.0743910047743054,6.557868872962558
MPI-ESM1-2-LR,od550aer,zonal_mean_crps,global,0.0491005813426993,0.0473614595278545,-0.0017391218148447,-3.5419576862166235
MPI-ESM1-2-LR,od550aer,zonal_mean_crps,northern_hemisphere,0.0609424012195732,0.0517333989273066,-0.0092090022922666,-15.110993508586745
MPI-ESM1-2-LR,od550aer,zonal_mean_crps,southern_hemisphere,0.0410596561997577,0.0455690235934323,0.0045093673936746,10.982477231997086
MPI-ESM1-2-LR,od550aer,zonal_mean_crps,tropics,0.050583726622992,0.0409675250105835,-0.0096162016124085,-19.010464934858337
MPI-ESM1-2-LR,od550aer,zonal_mean_crps_anomaly,global,0.0057724167420356,0.007578612808828,0.0018061960667923,31.290118983256427
MPI-ESM1-2-LR,od550aer,zonal_mean_crps_anomaly,northern_hemisphere,0.0093123092902479,0.0107142899392379,0.00140198064899,15.05513407354519
MPI-ESM1-2-LR,od550aer,zonal_mean_crps_anomaly,southern_hemisphere,0.0050430491359697,0.0089657705898086,0.0039227214538388,77.7847161127167
MPI-ESM1-2-LR,od550aer,zonal_mean_crps_anomaly,tropics,0.0073084843379479,0.009239925906338,0.00193144156839,26.42738875913605
MPI-ESM1-2-LR,od550aer,zonal_mean_crps_bias_adjusted,global,0.0067051265388727,0.0089216225953013,0.0022164960564286,33.05673716340189
MPI-ESM1-2-LR,od550aer,zonal_mean_crps_bias_adjusted,northern_hemisphere,0.0171068599930516,0.0142119079690288,-0.0028949520240227,-16.922755112268423
MPI-ESM1-2-LR,od550aer,zonal_mean_crps_bias_adjusted,southern_hemisphere,0.0191304567373461,0.0202278440473256,0.0010973873099795,5.736336173496652
MPI-ESM1-2-LR,od550aer,zonal_mean_crps_bias_adjusted,tropics,0.0105339409852469,0.0121927437131051,0.0016588027278582,15.747218730211443
MPI-ESM1-2-LR,pr,zonal_mean_crps,global,1.6190273560857384e-06,1.774003819971565e-06,1.549764638858267e-07,9.572195510056574
MPI-ESM1-2-LR,pr,zonal_mean_crps,northern_hemisphere,1.7468816942575222e-06,1.4387747021963287e-06,-3.081069920611935e-07,-17.637541974022934
MPI-ESM1-2-LR,pr,zonal_mean_crps,southern_hemisphere,2.1365280308263785e-06,2.5340330871080772e-06,3.9750505628169873e-07,18.60518797536906
MPI-ESM1-2-LR,pr,zonal_mean_crps,tropics,3.9410651509199475e-06,4.103444145450205e-06,1.623789945302572e-07,4.120180416006411
MPI-ESM1-2-LR,pr,zonal_mean_crps_anomaly,global,3.651035782510277e-07,4.134809269426451e-07,4.8377348691617465e-08,13.250308014882156
MPI-ESM1-2-LR,pr,zonal_mean_crps_anomaly,northern_hemisphere,6.761182181367918e-07,7.559211418858334e-07,7.98029237490416e-08,11.80310212154288
MPI-ESM1-2-LR,pr,zonal_mean_crps_anomaly,southern_hemisphere,7.01970968832568e-07,8.016880841481638e-07,9.97171153155958e-08,14.20530474094008
MPI-ESM1-2-LR,pr,zonal_mean_crps_anomaly,tropics,5.96431362754191e-07,7.556728296212558e-07,1.592414668670648e-07,26.69904314416367
MPI-ESM1-2-LR,pr,zonal_mean_crps_bias_adjusted,global,5.36260389102002e-07,5.746713129526514e-07,3.841092385064941e-08,7.162737474414368
MPI-ESM1-2-LR,pr,zonal_mean_crps_bias_adjusted,northern_hemisphere,1.5413778092570955e-06,1.3268415353161766e-06,-2.1453627394091913e-07,-13.918474280119556
MPI-ESM1-2-LR,pr,zonal_mean_crps_bias_adjusted,southern_hemisphere,1.358461757398025e-06,1.399211716354195e-06,4.074995895616981e-08,2.999713369496805
MPI-ESM1-2-LR,pr,zonal_mean_crps_bias_adjusted,tropics,6.337904610349883e-07,8.438656483054661e-07,2.100751872704779e-07,33.14584238573459
MPI-ESM1-2-LR,tas,zonal_mean_crps,global,0.2746094531182066,0.3749453874975789,0.1003359343793722,36.537684060053934
MPI-ESM1-2-LR,tas,zonal_mean_crps,northern_hemisphere,0.2570955601289292,0.3931090545756107,0.1360134944466815,52.90386748743269
MPI-ESM1-2-LR,tas,zonal_mean_crps,southern_hemisphere,0.4416357014489069,0.4480686240648008,0.0064329226158939,1.456612903981492
MPI-ESM1-2-LR,tas,zonal_mean_crps,tropics,0.1947983522551452,0.3365808672698288,0.1417825150146835,72.78424759413673
MPI-ESM1-2-LR,tas,zonal_mean_crps_anomaly,global,0.0896097718276703,0.1170932894730704,0.0274835176454001,30.670223888365665
MPI-ESM1-2-LR,tas,zonal_mean_crps_anomaly,northern_hemisphere,0.1142309100049344,0.138919961881124,0.0246890518761896,21.61328477127874
MPI-ESM1-2-LR,tas,zonal_mean_crps_anomaly,southern_hemisphere,0.0986112896785774,0.1212404446308413,0.0226291549522639,22.947833890037785
MPI-ESM1-2-LR,tas,zonal_mean_crps_anomaly,tropics,0.1388310607390241,0.1667588901537054,0.0279278294146812,20.116412902138823
MPI-ESM1-2-LR,tas,zonal_mean_crps_bias_adjusted,global,0.202189570043266,0.1845759465016346,-0.0176136235416314,-8.711440228030721
MPI-ESM1-2-LR,tas,zonal_mean_crps_bias_adjusted,northern_hemisphere,0.1911215314900059,0.1988244463549458,0.0077029148649399,4.030375230298297
MPI-ESM1-2-LR,tas,zonal_mean_crps_bias_adjusted,southern_hemisphere,0.3991446666537862,0.3642211738352186,-0.0349234928185675,-8.74958272932651
MPI-ESM1-2-LR,tas,zonal_mean_crps_bias_adjusted,tropics,0.155926723259208,0.170457526491404,0.0145308032321959,9.318994799910218
MPI-ESM1-2-LR,tos,zonal_mean_crps,global,0.3865008654417814,0.5640567602934662,0.1775558948516847,45.939326590830085
MPI-ESM1-2-LR,tos,zonal_mean_crps,northern_hemisphere,0.6953530311584473,0.9692252565313269,0.2738722253728796,39.38606910458314
MPI-ESM1-2-LR,tos,zonal_mean_crps,southern_hemisphere,0.287330232726203,0.3394286809144197,0.0520984481882166,18.13190616730586
MPI-ESM1-2-LR,tos,zonal_mean_crps,tropics,0.3851905628486916,0.6044917318556045,0.2193011690069128,56.93316248068558
MPI-ESM1-2-LR,tos,zonal_mean_crps_anomaly,global,0.0600481686768708,0.0737455827218514,0.0136974140449806,22.810710712409417
MPI-ESM1-2-LR,tos,zonal_mean_crps_anomaly,northern_hemisphere,0.0863980505201551,0.0937406169043647,0.0073425663842095,8.498532478457516
MPI-ESM1-2-LR,tos,zonal_mean_crps_anomaly,southern_hemisphere,0.0466261007167674,0.0713467615622061,0.0247206608454386,53.01893245503305
MPI-ESM1-2-LR,tos,zonal_mean_crps_anomaly,tropics,0.1203095453756827,0.1424371189541286,0.0221275735784459,18.392201141937367
MPI-ESM1-2-LR,tos,zonal_mean_crps_bias_adjusted,global,0.1207684534567374,0.123002670429371,0.0022342169726336,1.85000048330833
MPI-ESM1-2-LR,tos,zonal_mean_crps_bias_adjusted,northern_hemisphere,0.0933594527067961,0.0958531927179407,0.0024937400111445,2.671116784474287
MPI-ESM1-2-LR,tos,zonal_mean_crps_bias_adjusted,southern_hemisphere,0.2466159264246622,0.2284227424197727,-0.0181931840048895,-7.377132640477418
MPI-ESM1-2-LR,tos,zonal_mean_crps_bias_adjusted,tropics,0.1234992716047499,0.1441176873666268,0.0206184157618769,16.695171958474905
MRI-ESM2-0,clt,zonal_mean_crps,global,4.427120441860622,,,
MRI-ESM2-0,clt,zonal_mean_crps,northern_hemisphere,3.760283957587348,,,
MRI-ESM2-0,clt,zonal_mean_crps,southern_hemisphere,4.912903895201506,,,
MRI-ESM2-0,clt,zonal_mean_crps,tropics,5.614153763099953,,,
MRI-ESM2-0,clt,zonal_mean_crps_anomaly,global,0.3573419782850477,,,
MRI-ESM2-0,clt,zonal_mean_crps_anomaly,northern_hemisphere,0.5370967299849899,,,
MRI-ESM2-0,clt,zonal_mean_crps_anomaly,southern_hemisphere,0.5081950046398022,,,
MRI-ESM2-0,clt,zonal_mean_crps_anomaly,tropics,0.5397229300604927,,,
MRI-ESM2-0,clt,zonal_mean_crps_bias_adjusted,global,0.5072097813641583,,,
MRI-ESM2-0,clt,zonal_mean_crps_bias_adjusted,northern_hemisphere,2.1666193785490813,,,
MRI-ESM2-0,clt,zonal_mean_crps_bias_adjusted,southern_hemisphere,2.488161994792797,,,
MRI-ESM2-0,clt,zonal_mean_crps_bias_adjusted,tropics,0.8909837369565611,,,
MRI-ESM2-0,pr,zonal_mean_crps,global,3.271615034666158e-06,3.574156055576707e-06,3.025410209105496e-07,9.24745172353145
MRI-ESM2-0,pr,zonal_mean_crps,northern_hemisphere,3.3071265399350387e-06,3.6611326457339737e-06,3.54006105798935e-07,10.704341110754372
MRI-ESM2-0,pr,zonal_mean_crps,southern_hemisphere,3.195358345288292e-06,3.254229529745687e-06,5.8871184457394884e-08,1.8423969425589857
MRI-ESM2-0,pr,zonal_mean_crps,tropics,5.005290862485438e-06,5.253334778966813e-06,2.480439164813744e-07,4.955634413585411
MRI-ESM2-0,pr,zonal_mean_crps_anomaly,global,3.65233145876792e-07,4.08427508268182e-07,4.3194362391389995e-08,11.826517631004172
MRI-ESM2-0,pr,zonal_mean_crps_anomaly,northern_hemisphere,8.049408548955668e-07,7.57647467253264e-07,-4.7293387642302754e-08,-5.875386664084607
MRI-ESM2-0,pr,zonal_mean_crps_anomaly,southern_hemisphere,7.428363931938765e-07,8.228473065914674e-07,8.00109133975909e-08,10.77100073861196
MRI-ESM2-0,pr,zonal_mean_crps_anomaly,tropics,5.515343555426053e-07,6.762162498758967e-07,1.246818943332914e-07,22.606369499979383
MRI-ESM2-0,pr,zonal_mean_crps_bias_adjusted,global,4.699216047070136e-07,5.509624669583798e-07,8.104086225136619e-08,17.245613191564896
MRI-ESM2-0,pr,zonal_mean_crps_bias_adjusted,northern_hemisphere,2.011155380319838e-06,2.0183126185589503e-06,7.157238239111689e-09,0.3558769406456032
MRI-ESM2-0,pr,zonal_mean_crps_bias_adjusted,southern_hemisphere,1.8998666797011137e-06,2.036285183782672e-06,1.3641850408155858e-07,7.180425107672285
MRI-ESM2-0,pr,zonal_mean_crps_bias_adjusted,tropics,6.504866514997385e-07,8.154760440380346e-07,1.649893925382962e-07,25.36399358202088
MRI-ESM2-0,tas,zonal_mean_crps,global,0.2942936387130267,0.2712562618659029,-0.0230373768471237,-7.828024060549979
MRI-ESM2-0,tas,zonal_mean_crps,northern_hemisphere,0.3856866276450458,0.4399630339427363,0.0542764062976904,14.072669988351777
MRI-ESM2-0,tas,zonal_mean_crps,southern_hemisphere,0.6545424323380082,0.6640121791282451,0.0094697467902368,1.446773550862262
MRI-ESM2-0,tas,zonal_mean_crps,tropics,0.232475347179268,0.2253783210089803,-0.0070970261702877,-3.052808074662212
MRI-ESM2-0,tas,zonal_mean_crps_anomaly,global,0.084495510601043,0.1305692720593803,0.0460737614583373,54.528058509381495
MRI-ESM2-0,tas,zonal_mean_crps_anomaly,northern_hemisphere,0.1170391438345021,0.1539227849112756,0.0368836410767735,31.51393616560323
MRI-ESM2-0,tas,zonal_mean_crps_anomaly,southern_hemisphere,0.0966996342872125,0.1395262278086279,0.0428265935214153,44.28826834464947
MRI-ESM2-0,tas,zonal_mean_crps_anomaly,tropics,0.1068121356643215,0.1684009765223522,0.0615888408580306,57.66090198925139
MRI-ESM2-0,tas,zonal_mean_crps_bias_adjusted,global,0.272160614883275,0.2488172294716134,-0.0233433854116615,-8.577062269525335
MRI-ESM2-0,tas,zonal_mean_crps_bias_adjusted,northern_hemisphere,0.2205739470786447,0.2611836567053655,0.0406097096267208,18.410927566274008
MRI-ESM2-0,tas,zonal_mean_crps_bias_adjusted,southern_hemisphere,0.4685149973811415,0.4510543532706242,-0.0174606441105172,-3.726805803040885
MRI-ESM2-0,tas,zonal_mean_crps_bias_adjusted,tropics,0.1246957789900632,0.1796498513449939,0.0549540723549306,44.070515297322046
MRI-ESM2-0,tos,zonal_mean_crps,global,0.0730071085470694,0.0,0.0,0.0
MRI-ESM2-0,tos,zonal_mean_crps,northern_hemisphere,0.1512251218159993,0.0,0.0,0.0
MRI-ESM2-0,tos,zonal_mean_crps,southern_hemisphere,0.1202714752267908,0.0,0.0,0.0
MRI-ESM2-0,tos,zonal_mean_crps,tropics,0.1996064786557798,0.0,0.0,0.0
MRI-ESM2-0,tos,zonal_mean_crps_anomaly,global,0.0604681456530535,0.0,0.0,0.0
MRI-ESM2-0,tos,zonal_mean_crps_anomaly,northern_hemisphere,0.0769339420177318,0.0,0.0,0.0
MRI-ESM2-0,tos,zonal_mean_crps_anomaly,southern_hemisphere,0.0592155818585996,0.0,0.0,0.0
MRI-ESM2-0,tos,zonal_mean_crps_anomaly,tropics,0.1076751073201497,0.0,0.0,0.0
MRI-ESM2-0,tos,zonal_mean_crps_bias_adjusted,global,0.0668204289895516,0.0,0.0,0.0
MRI-ESM2-0,tos,zonal_mean_crps_bias_adjusted,northern_hemisphere,0.1339038530985514,0.0,0.0,0.0
MRI-ESM2-0,tos,zonal_mean_crps_bias_adjusted,southern_hemisphere,0.1152183576866432,0.0,0.0,0.0
MRI-ESM2-0,tos,zonal_mean_crps_bias_adjusted,tropics,0.1155259061742712,0.0,0.0,0.0
NorESM2-LM,clt,zonal_mean_crps,global,4.6572248246934675,4.807419035169813,0.1501942104763456,3.224972298523965
NorESM2-LM,clt,zonal_mean_crps,northern_hemisphere,3.170637289683024,3.263095336490207,0.0924580468071831,2.9160713875419795
NorESM2-LM,clt,zonal_mean_crps,southern_hemisphere,5.925009946469908,6.153088082207574,0.2280781357376664,3.849413550327528
NorESM2-LM,clt,zonal_mean_crps,tropics,4.727080995065195,4.756594728540492,0.029513733475297,0.6243543003834234
NorESM2-LM,clt,zonal_mean_crps_anomaly,global,0.3711030112372505,0.4123296596385815,0.041226648401331,11.109219584040057
NorESM2-LM,clt,zonal_mean_crps_anomaly,northern_hemisphere,0.5667032206500018,0.5328928947448731,-0.0338103259051286,-5.966143242727407
NorESM2-LM,clt,zonal_mean_crps_anomaly,southern_hemisphere,0.5051675937793872,0.6154662520797165,0.1102986583003292,21.834072426367477
NorESM2-LM,clt,zonal_mean_crps_anomaly,tropics,0.5789673063490126,0.6714123831854927,0.09244507683648,15.967236115531607
NorESM2-LM,clt,zonal_mean_crps_bias_adjusted,global,0.7475834281356247,0.6628604253133138,-0.0847230028223109,-11.332916117950743
NorESM2-LM,clt,zonal_mean_crps_bias_adjusted,northern_hemisphere,0.6120387465865524,0.6106219291687012,-0.0014168174178512,-0.2314914579760036
NorESM2-LM,clt,zonal_mean_crps_bias_adjusted,southern_hemisphere,1.3563551019739222,1.1334225054140443,-0.2229325965598776,-16.43615276231429
NorESM2-LM,clt,zonal_mean_crps_bias_adjusted,tropics,0.7738707118564181,0.7740616162618003,0.0001909044053821,0.024668772503899
NorESM2-LM,od550aer,zonal_mean_crps,global,0.0,0.0087037945097243,0.0,0.0
NorESM2-LM,od550aer,zonal_mean_crps,northern_hemisphere,0.0,0.0257374898427062,0.0,0.0
NorESM2-LM,od550aer,zonal_mean_crps,southern_hemisphere,0.0,0.021843486217161,0.0,0.0
NorESM2-LM,od550aer,zonal_mean_crps,tropics,0.0,0.0141934234648942,0.0,0.0
NorESM2-LM,od550aer,zonal_mean_crps_anomaly,global,0.0,0.0069207529916807,0.0,0.0
NorESM2-LM,od550aer,zonal_mean_crps_anomaly,northern_hemisphere,0.0,0.0099046367737982,0.0,0.0
NorESM2-LM,od550aer,zonal_mean_crps_anomaly,southern_hemisphere,0.0,0.0079321944534226,0.0,0.0
NorESM2-LM,od550aer,zonal_mean_crps_anomaly,tropics,0.0,0.0087334362031133,0.0,0.0
NorESM2-LM,od550aer,zonal_mean_crps_bias_adjusted,global,0.0,0.0075421881758504,0.0,0.0
NorESM2-LM,od550aer,zonal_mean_crps_bias_adjusted,northern_hemisphere,0.0,0.0160110720743735,0.0,0.0
NorESM2-LM,od550aer,zonal_mean_crps_bias_adjusted,southern_hemisphere,0.0,0.0189504559600242,0.0,0.0
NorESM2-LM,od550aer,zonal_mean_crps_bias_adjusted,tropics,0.0,0.0103626155466945,0.0,0.0
NorESM2-LM,pr,zonal_mean_crps,global,1.6248041514767534e-06,1.9093162403873136e-06,2.845120889105602e-07,17.510546649697602
NorESM2-LM,pr,zonal_mean_crps,northern_hemisphere,1.5966393338776135e-06,1.5892379805235478e-06,-7.401353354065765e-09,-0.4635582499455759
NorESM2-LM,pr,zonal_mean_crps,southern_hemisphere,3.535811689895733e-06,3.4119650620225546e-06,-1.2384662787317856e-07,-3.5026364166138793
NorESM2-LM,pr,zonal_mean_crps,tropics,3.650509296238414e-06,3.955380314571947e-06,3.0487101833353314e-07,8.3514653324587
NorESM2-LM,pr,zonal_mean_crps_anomaly,global,3.635579779020864e-07,4.0081256345190386e-07,3.725458554981745e-08,10.247219924809592
NorESM2-LM,pr,zonal_mean_crps_anomaly,northern_hemisphere,7.614450034317864e-07,8.467964562441921e-07,8.535145281240574e-08,11.209142147854662
NorESM2-LM,pr,zonal_mean_crps_anomaly,southern_hemisphere,7.126156156623942e-07,8.616654870113255e-07,1.4904987134893126e-07,20.91588621874159
NorESM2-LM,pr,zonal_mean_crps_anomaly,tropics,6.265816578147847e-07,6.832751986857382e-07,5.6693540870953466e-08,9.048069020831738
NorESM2-LM,pr,zonal_mean_crps_bias_adjusted,global,5.037043980269961e-07,5.288684203858591e-07,2.5164022358863005e-08,4.995791670160151
NorESM2-LM,pr,zonal_mean_crps_bias_adjusted,northern_hemisphere,1.601498654592972e-06,1.5988174877916377e-06,-2.681166801334318e-09,-0.1674161132539788
NorESM2-LM,pr,zonal_mean_crps_bias_adjusted,southern_hemisphere,1.5905527679596737e-06,1.7297131156131705e-06,1.3916034765349666e-07,8.749181445392
NorESM2-LM,pr,zonal_mean_crps_bias_adjusted,tropics,6.714378017662697e-07,7.714183859072229e-07,9.998058414095324e-08,14.890520592964307
NorESM2-LM,tas,zonal_mean_crps,global,0.3150395916789749,0.2970733576376069,-0.017966234041368,-5.702849583323363
NorESM2-LM,tas,zonal_mean_crps,northern_hemisphere,0.3166338208842717,0.3407197791010892,0.0240859582168174,7.606881080976118
NorESM2-LM,tas,zonal_mean_crps,southern_hemisphere,0.3656113299971265,0.3275297894857795,-0.0380815405113469,-10.415853499848126
NorESM2-LM,tas,zonal_mean_crps,tropics,0.1962557790996004,0.2345162620876661,0.0382604829880657,19.495213421790965
NorESM2-LM,tas,zonal_mean_crps_anomaly,global,0.1161072266232254,0.135162974076713,0.0190557474534875,16.412197593285484
NorESM2-LM,tas,zonal_mean_crps_anomaly,northern_hemisphere,0.1577468613920429,0.1805617692774758,0.0228149078854329,14.462986891848097
NorESM2-LM,tas,zonal_mean_crps_anomaly,southern_hemisphere,0.113508703315458,0.1259152378996038,0.0124065345841457,10.930029347323384
NorESM2-LM,tas,zonal_mean_crps_anomaly,tropics,0.1519714972399993,0.1830810966337089,0.0311095993937096,20.470680330654464
NorESM2-LM,tas,zonal_mean_crps_bias_adjusted,global,0.2681112831309097,0.2361758964754756,-0.0319353866554341,-11.911243078808113
NorESM2-LM,tas,zonal_mean_crps_bias_adjusted,northern_hemisphere,0.2926983686428742,0.289850509361807,-0.0028478592810671,-0.9729672544030796
NorESM2-LM,tas,zonal_mean_crps_bias_adjusted,southern_hemisphere,0.3011139494724267,0.281612343867169,-0.0195016056052577,-6.47648693772772
NorESM2-LM,tas,zonal_mean_crps_bias_adjusted,tropics,0.1558881081568939,0.1860470797920787,0.0301589716351847,19.346550543054384
NorESM2-LM,tos,zonal_mean_crps,global,0.6737854021566887,0.6161418579242848,-0.0576435442324039,-8.555178555055564
NorESM2-LM,tos,zonal_mean_crps,northern_hemisphere,0.1879334008252179,0.1995878290247034,0.0116544281994854,6.201360773715959
NorESM2-LM,tos,zonal_mean_crps,southern_hemisphere,1.0732451129842686,0.9552304320865208,-0.1180146808977479,-10.996060403163256
NorESM2-LM,tos,zonal_mean_crps,tropics,0.5906582496784352,0.5355778446903936,-0.0550804049880415,-9.325257882714466
NorESM2-LM,tos,zonal_mean_crps_anomaly,global,0.0732401653572365,0.0932274129655626,0.019987247608326,27.290008850794106
NorESM2-LM,tos,zonal_mean_crps_anomaly,northern_hemisphere,0.1105592038896348,0.1107006532174569,0.0001414493278221,0.1279398936006445
NorESM2-LM,tos,zonal_mean_crps_anomaly,southern_hemisphere,0.0549927914584124,0.0919431403831199,0.0369503489247074,67.19125897191577
NorESM2-LM,tos,zonal_mean_crps_anomaly,tropics,0.1381544519353796,0.1672808894404658,0.0291264375050862,21.082518222945065
NorESM2-LM,tos,zonal_mean_crps_bias_adjusted,global,0.1046378329948142,0.1132367081112331,0.0085988751164188,8.217749613416634
NorESM2-LM,tos,zonal_mean_crps_bias_adjusted,northern_hemisphere,0.1399042818281385,0.1310769752219871,-0.0088273066061514,-6.309532839741905
NorESM2-LM,tos,zonal_mean_crps_bias_adjusted,southern_hemisphere,0.1036293780362164,0.1254238923390706,0.0217945143028541,21.031212109791326
NorESM2-LM,tos,zonal_mean_crps_bias_adjusted,tropics,0.14272040437769,0.1691696802775065,0.0264492758998164,18.532231614073936
